site_name,api_number,operator,county,state,latitude,longitude,job_codes,well_type,status,source
TXL South Unit #5210H,42135407020000,Apache Corporation,Ector,Texas,31.80197,-102.70534,,,,FracFocus
Txl North Unit 1017,42135402600000,Apache Corporation,Ector,Texas,31.87181,-102.71749,,,,FracFocus
Holley 1208 1,42383369750000,Apache Corporation,Reagan,Texas,31.32203,-101.63464,,,,FracFocus
Txl North Unit 801,42135373850000,Apache Corporation,Ector,Texas,31.86768,-102.71381,,,,FracFocus
Srh `16` 1614,42383368440000,Apache Corporation,Reagan,Texas,31.44571,-101.47995,,,,FracFocus
Kloh 44,42227364530000,Apache Corporation,Howard,Texas,32.09025,-101.43213,,,,FracFocus
Glass 15 1,42173335370000,Apache Corporation,Glasscock,Texas,31.84235,-101.50591,,,,FracFocus
Bartz 19 16-19H,42483330160000,Apache Corporation,Wheeler,Texas,35.459747,-100.031525,,,,FracFocus
Bell 22 2,42173336860000,Apache Corporation,Glasscock,Texas,31.82149,-101.50355,,,,FracFocus
Txl South Unit 5115H,42135405890000,Apache Corporation,Ector,Texas,31.81688,-102.71644,,,,FracFocus
Srh 13 1316,42383368720000,Apache Corporation,Reagan,Texas,31.46989,-101.44432,,,,FracFocus
Squire 4 1,42173338440000,Apache Corporation,Glasscock,Texas,32.00288,-101.47405,,,,FracFocus
Dean C S `A` 264H,42079332020000,Apache Corporation,Cochran,Texas,33.51078,-102.73525,,,,FracFocus
Srh `16` 1616,42383369920000,Apache Corporation,Reagan,Texas,31.45657,-101.46775,,,,FracFocus
Txl South Unit 2905,42135406160000,Apache Corporation,Ector,Texas,31.84832,-102.68162,,,,FracFocus
Stiles 68 19-68H,42483330190000,Apache Corporation,Wheeler,Texas,35.430408,-100.056628,,,,FracFocus
Cc 3602,42461363960000,Apache Corporation,Upton,Texas,31.54976,-102.02114,,,,FracFocus
Txl South Unit 5713,42135406170000,Apache Corporation,Ector,Texas,31.81996,-102.68554,,,,FracFocus
Edith 8 1,42173338330000,Apache Corporation,Glasscock,Texas,31.8492,-101.54924,,,,FracFocus
Bluegill 42 1,42173337860000,Apache Corporation,Glasscock,Texas,31.75303,-101.636,,,,FracFocus
John Luthi 392 #4H,42357329520000,Apache Corporation,Ochiltree,Texas,36.159094,-100.710783,,,,FracFocus
McLain 98 #4H,42357329660000,Apache Corporation,Hemphill,Texas,36.148711,-100.822094,,,,FracFocus
Stiles 16 1016H,42483331020000,Apache Corporation,Wheeler,Texas,35.47105,-100.09058,,,,FracFocus
Srh `13` 1327,42383369440000,Apache Corporation,Reagan,Texas,31.46718,-101.45623,,,,FracFocus
Blain Lovel A III 2,42123314590000,Apache Corporation,DeWitt,Texas,28.98192,-97.30212,,,,FracFocus
Txl North Unit 807,42135374890000,Apache Corporation,Ector,Texas,31.87076,-102.72505,,,,FracFocus
Txl North Unit 974,42135389800000,Apache Corporation,Ector,Texas,31.86627,-102.7217,,,,FracFocus
Connell Cowden 48 4,42461367440000,Apache Corporation,Upton,Texas,31.527489,-102.00429,,,,FracFocus
Red Snapper - Neal 1401,42173338540000,Apache Corporation,Glasscock,Texas,31.97842,-101.43181,,,,FracFocus
SRH-1220,42383374750000,Apache Corporation,Reagan,Texas,31.45545,-101.43207,,,,FracFocus
Sterling W R 19,42415342420000,Apache Corporation,Scurry,Texas,32.59091,-101.05632,,,,FracFocus
Gray 24 2,42173338140000,Apache Corporation,Glasscock,Texas,31.826962,-101.46484,,,,FracFocus
SRH-1219,42383374730000,Apache Corporation,Reagan,Texas,31.45567,-101.43532,,,,FracFocus
TXLNU 1001,42135394490000,Apache Corporation,Ector,Texas,31.881384,-102.71652,,,,FracFocus
His Blessing 35 1,42173336080000,Apache Corporation,Glasscock,Texas,31.9103,-101.51557,,,,FracFocus
Buchanan 3111-2,42227364230000,Apache Corporation,Howard,Texas,32.365364,-101.342716,,,,FracFocus
Mackerel 1 3,42173338840000,Apache Corporation,Glasscock,Texas,31.97201,-101.39555,,,,FracFocus
Moore Kathleen J `B` 1,42371332800000,Apache Corporation,Pecos,Texas,31.13633,-103.16299,,,,FracFocus
Mcclure R O `B` 11,42415345930000,Apache Corporation,Scurry,Texas,32.59911,-101.07504,,,,FracFocus
HE Cummins 20,42135405770000,Apache Corporation,Ector,Texas,32.006086,-102.69483,,,,FracFocus
Weatherly #3-1H,42483331250000,Apache Corporation,Wheeler,Texas,35.273068,-100.110236,,,,FracFocus
ASAU 1004,42445303040000,Apache Corporation,Terry,Texas,32.96006,-102.27724,,,,FracFocus
SRH 13 1320,42383369350000,Apache Corporation,Reagan,Texas,31.479866,-101.45179,,,,FracFocus
Srh `12` 1217,42383371130000,Apache Corporation,Reagan,Texas,31.46271,-101.44888,,,,FracFocus
Walker Farms 14 3,42173338190000,Apache Corporation,Glasscock,Texas,31.84487,-101.49896,,,,FracFocus
NMU#3229bh,30017672240000,Apache Corporation,Crane,Texas,31.468871,-102.38346,,,,FracFocus
Sterling WR #9,42415018740000,Apache Corporation,Scurry,Texas,32.59,-101.05,,,,FracFocus
Cowden B 7,42461371490000,Apache Corporation,Upton,Texas,31.560373,-101.91351,,,,FracFocus
Tigershark 53a 4,42173339170000,Apache Corporation,Glasscock,Texas,31.99439,-101.35626,,,,FracFocus
Phillips `57` 2,42173339410000,Apache Corporation,Glasscock,Texas,31.99458,-101.38569,,,,FracFocus
Stiles 3 16-3H,42483329740000,Apache Corporation,Wheeler,Texas,35.263879,-100.024107,,,,FracFocus
North McElroy Unit #32368H,42103357730000,Apache Corporation,Crane,Texas,31.47327,-102.39754,,,,FracFocus
Mackerel 24b 2,42173339370000,Apache Corporation,Glasscock,Texas,31.96676,-101.40923,,,,FracFocus
TXLNU 825,42135374330000,Apache Corporation,Ector,Texas,31.91923,-102.73911,,,,FracFocus
Srh `13` 1325,42383369640000,Apache Corporation,Reagan,Texas,31.47142,-101.44764,,,,FracFocus
Stiles 3 #1103,42483326670000,Apache Corporation,Wheeler,Texas,35.2726,-100.02507,,,,FracFocus
Wahoo 20 1,42173336920000,Apache Corporation,Glasscock,Texas,31.82088,-101.53946,,,,FracFocus
Ladyfish 43 #1,42173337850000,Apache Corporation,Glasscock,Texas,31.73955,-101.629,,,,FracFocus
Sterling W R 18,42415331850000,Apache Corporation,Scurry,Texas,32.59567,-101.05893,,,,FracFocus
Cummins H E 20,42135405780000,Apache Corporation,Ector,Texas,32.0048,-102.69311,,,,FracFocus
Txl South Unit 5116H,42135407030000,Apache Corporation,Ector,Texas,31.81912,-102.7093,,,,FracFocus
ASAU 1201,42165002500000,Apache Corporation,Terry,Texas,32.95782,-102.27975,,,,FracFocus
Tigershark 55 2,42173338560000,Apache Corporation,Glasscock,Texas,31.97749,-101.37353,,,,FracFocus
Sharptooth 193 1,42173338520000,Apache Corporation,Glasscock,Texas,32.03716,-101.33341,,,,FracFocus
Stiles #17-18H,42483330950000,Apache Corporation,Wheeler,Texas,35.2823,-100.02411,,,,FracFocus
North McElroy #4415BH,42103357800000,Apache Corporation,Crane,Texas,31.445289,-102.3696,,,,FracFocus
Fuller 43 1,42173338150000,Apache Corporation,Glasscock,Texas,32.00041,-101.49948,,,,FracFocus
TXLNU 829,42135374370000,Apache Corporation,Ector,Texas,31.92205,-102.74201,,,,FracFocus
TXLNU 833,42135374410000,Apache Corporation,Ector,Texas,31.92736,-102.75278,,,,FracFocus
Srh `13` 1326,42383369910000,Apache Corporation,Reagan,Texas,31.46575,-101.46388,,,,FracFocus
Loyd #1,42459300370000,Apache Corporation,Upshur,Texas,32.72262,-94.92937,,,,FracFocus
Nix 16 2,42173336890000,Apache Corporation,Glasscock,Texas,31.83424,-101.53054,,,,FracFocus
University Lands 31 #1H,42103357920000,Apache Corporation,Crane,Texas,31.46925,-102.40376,,,,FracFocus
Brown #7-59H,42483331480000,Apache Corporation,Wheeler,Texas,35.240534,-100.040217,,,,FracFocus
WR Sterling 16,42415331870000,Apache Corporation,Scurry,Texas,32.59,-101.06,,,,FracFocus
Cowden E W 28,42495324800000,Apache Corporation,Winkler,Texas,31.78677,-103.09264,,,,FracFocus
Slator D #7,42135045960000,Apache Corporation,Ector,Texas,31.91494,-102.72675,,,,FracFocus
TXL North Unit #336,42135070050000,Apache Corporation,Ector,Texas,31.92828,-102.74868,,,,FracFocus
Stiles 4 16-4H,42483331280000,Apache Corporation,Wheeler,Texas,35.273444,-100.041918,,,,FracFocus
Tigershark 54a 3,42173339440000,Apache Corporation,Glasscock,Texas,31.9845,-101.36284,,,,FracFocus
North McElroy Unit #3231,42103320870000,Apache Corporation,Crane,Texas,31.46966,-102.37829,,,,FracFocus
Mackerel 2 2,42173339380000,Apache Corporation,Glasscock,Texas,31.96975,-101.36829,,,,FracFocus
Bakke Unit 147,42003406220000,Apache Corporation,Andrews,Texas,32.275019,-102.50313,,,,FracFocus
Nix 16 3,42173336900000,Apache Corporation,Glasscock,Texas,31.82785,-101.52419,,,,FracFocus
Duff 7 1,42173338070000,Apache Corporation,Glasscock,Texas,31.980184,-101.50597,,,,FracFocus
Shelton 3-8H,35149215670000,Apache Corporation,Wheeler,Texas,35.436972,-99.335833,,,,FracFocus
Stiles #4-24,42483324810000,Apache Corporation,Wheeler,Texas,35.486917,-100.0748,,,,FracFocus
Xit Unit 50,42079019720000,Apache Corporation,Cochran,Texas,33.52019,-102.83922,,,,FracFocus
TXL South Unit #2906,42135408030000,Apache Corporation,Ector,Texas,31.84413,-102.67968,,,,FracFocus
Cook 21 2,42173336830000,Apache Corporation,Glasscock,Texas,31.823955,-101.52711,,,,FracFocus
Hardy 18 1,42173338930000,Apache Corporation,Glasscock,Texas,31.845811,-101.45036,,,,FracFocus
Stiles #11-4,42483325930000,Apache Corporation,Wheeler,Texas,35.445833,-100.06388,,,,FracFocus
Books E D 1 2,42173335330000,Apache Corporation,Glasscock,Texas,31.870781,-101.48896,,,,FracFocus
McGarraugh G et al 138#7H,42357329730000,Apache Corporation,Ochiltree,Texas,36.085236,-100.919906,,,,FracFocus
North McElroy Unit #4555BH,42103357960000,Apache Corporation,Crane,Texas,31.43501,-102.36757,,,,FracFocus
Hartley 38 #2,42173335620000,Apache Corporation,Glasscock,Texas,31.892637,-101.50895,,,,FracFocus
Dorado 18 1,42173336970000,Apache Corporation,Glasscock,Texas,31.829614,-101.55073,,,,FracFocus
Bonefish 40 #1,42173338880000,Apache Corporation,Glasscock,Texas,32.028946,-101.486378,,,,FracFocus
Swordfish 37 1,42173339970000,Apache Corporation,Glasscock,Texas,32.04204,-101.42397,,,,FracFocus
Palometa 44 #1,42173338630000,Apache Corporation,Glasscock,Texas,32.00842,-101.49158,,,,FracFocus
Runner 17 1,42173339800000,Apache Corporation,Glasscock,Texas,31.95843,-101.4815,,,,FracFocus
North McElroy Unit #4164 BH,42103357780000,Apache Corporation,Crane,Texas,31.45674,-102.38772,,,,FracFocus
Mallet Unit Area 161,42219011940000,Apache Corporation,Hockley,Texas,33.46278,-102.58743,,,,FracFocus
TYLER 55 #3H,42483331490000,Apache Corporation,Wheeler,Texas,35.240425,-100.002026,,,,FracFocus
Goodner 22 1,42173337300000,Apache Corporation,Glasscock,Texas,31.82509,-101.50447,,,,FracFocus
Txl South Unit 4103,42135408040000,Apache Corporation,Ector,Texas,31.84102,-102.67963,,,,FracFocus
Books E D 1 3,42173337380000,Apache Corporation,Glasscock,Texas,31.879603,-101.4806,,,,FracFocus
HG Adams 138-2H,42357329910000,Apache Corporation,Ochiltree,Texas,36.099711,-100.70918,,,,FracFocus
TXLNU 1023,42135401100000,Apache Corporation,Ector,Texas,31.88771,-102.73608,,,,FracFocus
Brenda 8 1,42173339570000,Apache Corporation,Glasscock,Texas,31.84203,-101.54519,,,,FracFocus
Stiles 4 10-4,42483324770000,Apache Corporation,Wheeler,Texas,35.45,-100.06972,,,,FracFocus
Robert Ut 2218,42501311750000,Apache Corporation,Yoakum,Texas,33.02992,-102.9702,,,,FracFocus
Stiles 4 9-4,42483323740000,Apache Corporation,Wheeler,Texas,35.4575,-100.06944,,,,FracFocus
TXL South Unit #3748H,42135407790000,Apache Corporation,Ector,Texas,31.82483,-102.71068,,,,FracFocus
Nester 10 1,42173339610000,Apache Corporation,Glasscock,Texas,31.99167,-101.45545,,,,FracFocus
HE Cummins 18,42135405760000,Apache Corporation,Ector,Texas,32.003,-102.707,,,,FracFocus
Txl South Unit 6313,42135408750000,Apache Corporation,Ector,Texas,31.82095,-102.66843,,,,FracFocus
Neal 38 1,42461369440000,Apache Corporation,Upton,Texas,31.5334,-102.03203,,,,FracFocus
Rooster 17 1,42173339870000,Apache Corporation,Glasscock,Texas,31.96528,-101.4748,,,,FracFocus
Sterling W R 6 R,42415329700000,Apache Corporation,Scurry,Texas,32.5961,-101.05536,,,,FracFocus
Sterling W R 17,42415331860000,Apache Corporation,Scurry,Texas,32.59532,-101.05309,,,,FracFocus
Glass 15 2,42173340520000,Apache Corporation,Glasscock,Texas,31.840836,-101.51363,,,,FracFocus
Jines 100 #2H,42357329990000,Apache Corporation,Ochiltree,Texas,36.144694,-100.866525,,,,FracFocus
Neal 48 1,42173340600000,Apache Corporation,Glasscock,Texas,32.020253,-101.42765,,,,FracFocus
University Lands 42 #1HR,42103358310000,Apache Corporation,Crane,Texas,31.44152,-102.40065,,,,FracFocus
Glass 3 2,42173340260000,Apache Corporation,Glasscock,Texas,31.861553,-101.51598,,,,FracFocus
Musgrove 9-1,42227364240000,Apache Corporation,Howard,Texas,32.36269,-101.37271,,,,FracFocus
Welder Ranch #22,42409327020000,Apache Corporation,San Patricio,Texas,27.891617,-97.667282,,,,FracFocus
Huitt 25 2,42173337200000,Apache Corporation,Glasscock,Texas,31.934817,-101.49628,,,,FracFocus
Ballenger 4101,42173336520000,Apache Corporation,Glasscock,Texas,31.906051,-101.45428,,,,FracFocus
Books E D 11 #3H,42173337410000,Apache Corporation,Glasscock,Texas,31.848896,-101.499699,,,,FracFocus
Riley 4802,42173337650000,Apache Corporation,Glasscock,Texas,31.89095,-101.48268,,,,FracFocus
Boles 2-19H,42483331600000,Apache Corporation,Wheeler,Texas,35.473183,-100.202947,,,,FracFocus
North McElroy #2727BH,42103357790000,Apache Corporation,Crane,Texas,31.49582,-102.37403,,,,FracFocus
TXL South Unit #6118,42135408880000,Apache Corporation,Ector,Texas,31.82258,-102.67414,,,,FracFocus
ASAU #2307,42165002230000,Apache Corporation,Gaines,Texas,32.9433,-102.30061,,,,FracFocus
ASAU #1304,42165001500000,Apache Corporation,Gaines,Texas,32.95428,-102.30061,,,,FracFocus
Weaver 23 4,42173341010000,Apache Corporation,Glasscock,Texas,31.83441,-101.48225,,,,FracFocus
Mckinney Warner 1,42003406200000,Apache Corporation,Andrews,Texas,32.28795,-102.51501,,,,FracFocus
UNIV O-6,42103333590000,Apache Corporation,Crane,Texas,31.46848,-102.42089,,,,FracFocus
Mackerel 24a 1,42173339920000,Apache Corporation,Glasscock,Texas,31.95915,-101.41015,,,,FracFocus
Adams 26 3,42173341000000,Apache Corporation,Glasscock,Texas,31.807174,-101.48666,,,,FracFocus
McGarraugh 154 #1,42393313590000,Apache Corporation,Roberts,Texas,36.05579,-100.9137,,,,FracFocus
Bishop A6,42415334760000,Apache Corporation,Scurry,Texas,32.65,-101.08,,,,FracFocus
Cathey 2-2,42227364430000,Apache Corporation,Howard,Texas,32.38684,-101.34903,,,,FracFocus
Weber 5,42461365070000,Apache Corporation,Upton,Texas,31.52469,-102.02201,,,,FracFocus
Txl South Unit 5117H,42135407090000,Apache Corporation,Ector,Texas,31.81174,-102.71276,,,,FracFocus
Riley 47 5,42173340780000,Apache Corporation,Harris,Texas,31.882342,-101.49676,,,,FracFocus
KMEU 1321,42235346850000,Apache Corporation,Irion,Texas,31.28,-101.057,,,,FracFocus
McClure 11C,42415103590000,Apache Corporation,Scurry,Texas,32.60006,-101.08622,,,,FracFocus
Keathley 46 1,42173340530000,Apache Corporation,Glasscock,Texas,31.87836,-101.51871,,,,FracFocus
Central Levelland North Unit 540,42079326000000,Apache Corporation,Cochran,Texas,33.635659,-102.63928,,,,FracFocus
Speckled Trout 35 2,42173340020000,Apache Corporation,Glasscock,Texas,32.04229,-101.44185,,,,FracFocus
Frances Gunn #A-71,42227346570000,Apache Corporation,Howard,Texas,32.49266,-101.34796,,,,FracFocus
Txl South Unit 3749,42135408850000,Apache Corporation,Ector,Texas,31.82617,-102.69143,,,,FracFocus
His Blessing 34 1,42173340200000,Apache Corporation,Glasscock,Texas,31.9027,-101.53335,,,,FracFocus
Musgrove 9-2,42227366380000,Apache Corporation,Howard,Texas,32.369141,-101.37218,,,,FracFocus
Riley 3703,42173340770000,Apache Corporation,Glasscock,Texas,31.90789,-101.48801,,,,FracFocus
Stiles 17 1117H,42483331630000,Apache Corporation,Wheeler,Texas,35.281714,-100.034339,,,,FracFocus
North Mcelroy Unit 4005BH,42103035640000,Apache Corporation,Crane,Texas,31.46381,-102.364,,,,FracFocus
Red Snapper Neal 1601,42173341110000,Apache Corporation,Glasscock,Texas,31.96759,-101.46315,,,,FracFocus
KMEU 2822,42235346840000,Apache Corporation,Irion,Texas,31.251814,-101.06968,,,,FracFocus
KMEU 1223,42235346860000,Apache Corporation,Irion,Texas,31.265,-101.048,,,,FracFocus
Grouse 19 1,42173340330000,Apache Corporation,Glasscock,Texas,31.943199,-101.4853,,,,FracFocus
ASAU 1103,42165001220000,Apache Corporation,Terry,Texas,32.95416,-102.27279,,,,FracFocus
ASAU 1405,42165306140000,Apache Corporation,Terry,Texas,32.94717,-102.29824,,,,FracFocus
Dorado 18 3,42173336990000,Apache Corporation,Glasscock,Texas,31.819858,-101.56043,,,,FracFocus
Mcelroy North Unit 4002BH,42103357940000,Apache Corporation,Crane,Texas,31.46177,-102.3687,,,,FracFocus
Lizardfish 27 2,42173341270000,Apache Corporation,Glasscock,Texas,31.80907,-101.49584,,,,FracFocus
Reed 7 2,42227366500000,Apache Corporation,Howard,Texas,32.37835,-101.30226,,,,FracFocus
McLain 99A-3H,42357330100000,Apache Corporation,Ochiltree,Texas,36.146644,-100.856919,,,,FracFocus
Txl D 2,42135054480000,Apache Corporation,Ector,Texas,31.86731,-102.71598,,,,FracFocus
Palometa 44 2,42173340660000,Apache Corporation,Glasscock,Texas,32.01107,-101.48761,,,,FracFocus
Neal 38 2,42461369560000,Apache Corporation,Upton,Texas,31.53515,-102.0252,,,,FracFocus
University 25 A #2,42103333080000,Apache Corporation,Crane,Texas,31.47491,-102.42331,,,,FracFocus
Stiles 1 8-1,42483322420000,Apache Corporation,Wheeler,Texas,35.443333,-100.09277,,,,FracFocus
Levelland Southwest Unit #118H,42079332190000,Apache Corporation,Cochran,Texas,33.53202,-102.72582,,,,FracFocus
Schwartz 36 3,42173340740000,Apache Corporation,Glasscock,Texas,31.91993,-101.50174,,,,FracFocus
Txl South Unit 6314,42135408910000,Apache Corporation,Ector,Texas,31.81532,-102.67229,,,,FracFocus
Stewart 1-1,42227364740000,Apache Corporation,Howard,Texas,32.39001,-101.33318,,,,FracFocus
Sandra 1-19,42483327190000,Apache Corporation,Wheeler,Texas,35.406608,-100.00195,,,,FracFocus
Red Snapper-Neal 1501,42173341100000,Apache Corporation,Glasscock,Texas,31.96977,-101.44086,,,,FracFocus
KMEU 1531,42235346820000,Apache Corporation,Irion,Texas,31.3,-101.047,,,,FracFocus
Books Ed 11 5,42173341720000,Apache Corporation,Glasscock,Texas,31.85228,-101.4923,,,,FracFocus
Roberts Unit 3238,42501312220000,Apache Corporation,Yoakum,Texas,33.01117,-102.96045,,,,FracFocus
Dean C S 'A' #265H,42079332290000,Apache Corporation,Cochran,Texas,33.50609,-102.71954,,,,FracFocus
Barba-Neal 2102,42173340650000,Apache Corporation,Glasscock,Texas,31.959272,-101.46418,,,,FracFocus
TXL South Init #7808,42135408900000,Apache Corporation,Ector,Texas,31.80725,-102.67332,,,,FracFocus
Bishop A1R,42415334740000,Apache Corporation,Scurry,Texas,32.65,-101.08,,,,FracFocus
TXL South Unit #6315,42135408760000,Apache Corporation,Ector,Texas,31.81692,-102.66815,,,,FracFocus
Weaver 23 5,42173341320000,Apache Corporation,Glasscock,Texas,31.83078,-101.49081,,,,FracFocus
University Lands 30#1H,42103358540000,Apache Corporation,Crane,Texas,31.46975,-102.41008,,,,FracFocus
Musgrove 16-1,42227366450000,Apache Corporation,Howard,Texas,32.357,-101.363,,,,FracFocus
TXLNU 789,42135154480000,Apache Corporation,Ector,Texas,31.86775,-102.71579,,,,FracFocus
MT Mitchell #1,42003420220000,Apache Corporation,Andrews,Texas,32.296,-102.531,,,,FracFocus
Books E D 17 3,42173341430000,Apache Corporation,Glasscock,Texas,31.83317,-101.5477,,,,FracFocus
Reed #6-2H,42483332110000,Apache Corporation,Wheeler,Texas,35.333716,-100.014865,,,,FracFocus
Brahaney #194,42501350800000,Apache Corporation,Yoakum,Texas,33.142728,-102.8742,,,,FracFocus
Txl South Unit 8109,42135408890000,Apache Corporation,Ector,Texas,31.80951,-102.6695,,,,FracFocus
Neal 39 4,42461365090000,Apache Corporation,Upton,Texas,31.52478,-102.04419,,,,FracFocus
University O #2,42103328760000,Apache Corporation,Crane,Texas,31.46657,-102.42533,,,,FracFocus
LUCAS 45#2,42173342100000,Apache Corporation,Glasscock,Texas,31.812703,-101.52896,,,,FracFocus
Francys-Neal 2202,42173340630000,Apache Corporation,Glasscock,Texas,31.952131,-101.4446,,,,FracFocus
Dean C S `A` 263H,42079332030000,Apache Corporation,Cochran,Texas,33.527478,-102.73835,,,,FracFocus
His Blessing 34 4,42173342310000,Apache Corporation,Glasscock,Texas,31.91022,-101.53387,,,,FracFocus
WF Sterling #5,42415324580000,Apache Corporation,Scurry,Texas,32.59,-101.06,,,,FracFocus
Stiles 16 11-16H,42483332190000,Apache Corporation,Wheeler,Texas,35.459572,-100.08534,,,,FracFocus
Adams `26` 2,42173340900000,Apache Corporation,Glasscock,Texas,31.810704,-101.47566,,,,FracFocus
RM Noll 2,42227034180000,Apache Corporation,Howard,Texas,32.504429,-101.35439,,,,FracFocus
Weatherly 401 H,42483332180000,Apache Corporation,Wheeler,Texas,35.458527,-100.19111,,,,FracFocus
Mcelroy North Unit 2252BH,42103357930000,Apache Corporation,Crane,Texas,31.49672,-102.35998,,,,FracFocus
RM Noll #1,42227034170000,Apache Corporation,Howard,Texas,32.500271,-101.35456,,,,FracFocus
UNIV 25A-1,42103331540000,Apache Corporation,Crane,Texas,31.4739,-102.42738,,,,FracFocus
Wahoo 20 5,42173341550000,Apache Corporation,Glasscock,Texas,31.82339,-101.53307,,,,FracFocus
EdnaHerndon#568 4H,42357330030000,Apache Corporation,Ochiltree,Texas,36.217439,-100.713039,,,,FracFocus
J.B. Tubb 61,42103028250000,Apache Corporation,Crane,Texas,31.458,-102.60781,,,,FracFocus
Books Ed 11 4,42173341420000,Apache Corporation,Glasscock,Texas,31.85747,-101.49039,,,,FracFocus
BU 146,42003406210000,Apache Corporation,Yoakum,Texas,32.262881,-102.51794,,,,FracFocus
Newell 12 2,42173341840000,Apache Corporation,Glasscock,Texas,31.965,-101.5199,,,,FracFocus
SRH 12 #1218 ?,42383371110000,Apache Corporation,Reagan,Texas,31.4575,-101.44506,,,,FracFocus
Roberts Unit #4317,42501311650000,Apache Corporation,Yoakum,Texas,33.008,-102.95247,,,,FracFocus
Hardy 18 2,42173339130000,Apache Corporation,Glasscock,Texas,31.853639,-101.46555,,,,FracFocus
Bivins-Lit 2802,42359303390000,Apache Corporation,Oldham,Texas,35.55378,-102.24462,,,,FracFocus
Xit Unit 208H,42079332310000,Apache Corporation,Cochran,Texas,33.49106,-102.8655,,,,FracFocus
Rogers 35 4,42461373430000,Apache Corporation,Upton,Texas,31.43216,-101.98161,,,,FracFocus
Mallet Unit #173,42079014520000,Apache Corporation,Cochran,Texas,33.458543,-102.60085,,,,FracFocus
Nix 16 4,42173336910000,Apache Corporation,Glasscock,Texas,31.83054,-101.51888,,,,FracFocus
Mallet Unit #207,42219028110000,Apache Corporation,Cochran,Texas,33.4631,-102.5781,,,,FracFocus
Srh `12` 1221,42383371120000,Apache Corporation,Reagan,Texas,31.44933,-101.45042,,,,FracFocus
UNIV 36A-1,42103330160000,Apache Corporation,Ector,Texas,31.46373,-102.42441,,,,FracFocus
Glass Walker 2,42173342380000,Apache Corporation,Glasscock,Texas,31.836642,-101.50023,,,,FracFocus
SIDNEY 1-2,42483320600000,Apache Corporation,Wheeler,Texas,35.435889,-100.095389,,,,FracFocus
Adams 26 5,42173342140000,Apache Corporation,Glasscock,Texas,31.814209,-101.48889,,,,FracFocus
Mack 8 - 2H,42173343220000,Apache Corporation,Glasscock,Texas,31.87,-101.51,,,,FracFocus
Musgrove 9-3,42227368050000,Apache Corporation,Howard,Texas,32.372,-101.367,,,,FracFocus
Glass 3 1,42173343140000,Apache Corporation,Glasscock,Texas,31.864052,-101.51765,,,,FracFocus
SRH 12 #1201,42383371780000,Apache Corporation,Reagan,Texas,31.457,-101.452,,,,FracFocus
Wheat 678 3H,42295337300000,Apache Corporation,Lipscomb,Texas,36.260536,-100.483017,,,,FracFocus
SRH 16 #1617,42383372220000,Apache Corporation,Reagan,Texas,31.458,-101.459,,,,FracFocus
Barracuda 45 1,42173337100000,Apache Corporation,Glasscock,Texas,31.89698,-101.44008,,,,FracFocus
Tubb J B `F` 38,42103358490000,Apache Corporation,Crane,Texas,31.43542,-102.60845,,,,FracFocus
UNIV 0-5,42103332810000,Apache Corporation,Crane,Texas,31.46484,-102.42037,,,,FracFocus
Dorado 18 2,42173336980000,Apache Corporation,Glasscock,Texas,31.82958,-101.55934,,,,FracFocus
His Blessing 35 3,42173342890000,Apache Corporation,Glasscock,Texas,31.90714,-101.51747,,,,FracFocus
University Lands 42 2H,42103358620000,Apache Corporation,Crane,Texas,31.45551,-102.39922,,,,FracFocus
Mallet Unit #1514,42079332360000,Apache Corporation,Hockley,Texas,33.461917,-102.60368,,,,FracFocus
Hall-Cowden 42 1,42461371890000,Apache Corporation,Upton,Texas,31.569814,-101.90296,,,,FracFocus
RU 3448,42501348810000,Apache Corporation,Ector,Texas,33.011578,-102.92618,,,,FracFocus
Xit Unit 207H,42079332140000,Apache Corporation,Cochran,Texas,33.50068,-102.78632,,,,FracFocus
Rogers 35 2,42461373850000,Apache Corporation,Upton,Texas,31.43375,-101.97233,,,,FracFocus
Stiles 3 19-3H,42483332310000,Apache Corporation,Wheeler,Texas,35.443511,-100.048756,,,,FracFocus
RU 2145,42501311760000,Apache Corporation,Ector,Texas,33.0265,-102.97432,,,,FracFocus
Cook 21 3,42173336840000,Apache Corporation,Glasscock,Texas,31.816846,-101.51172,,,,FracFocus
Brown 8059H,42483332620000,Apache Corporation,Wheeler,Texas,35.40155,-100.07262,,,,FracFocus
SRH 16 # 1618,42383373080000,Apache Corporation,Reagan,Texas,31.454,-101.456,,,,FracFocus
Brenda 8 2,42173343160000,Apache Corporation,Glasscock,Texas,31.838597,-101.54502,,,,FracFocus
Mallet Unit #1515,42219372020000,Apache Corporation,Hockley,Texas,33.446,-102.595,,,,FracFocus
Txl South Unit 904,42135386760000,Apache Corporation,Ector,Texas,31.85618,-102.71537,,,,FracFocus
SRH 17 #1709,42383371190000,Apache Corporation,Reagan,Texas,31.445,-101.47,,,,FracFocus
Mallet Unit #1516,42079332350000,Apache Corporation,Hockley,Texas,33.439183,-102.59683,,,,FracFocus
RM NOLL 4,42227034200000,Apache Corporation,Howard,Texas,32.50085,-101.3583,,,,FracFocus
Books E D 13 4,42173342440000,Apache Corporation,Glasscock,Texas,31.84278,-101.4675,,,,FracFocus
SRH 16 # 1620,42383373060000,Apache Corporation,Reagan,Texas,31.444,-101.474,,,,FracFocus
University Lands 19 1H,42103358550000,Apache Corporation,Crane,Texas,31.48391,-102.41509,,,,FracFocus
Walker Farms 14 5,42173342920000,Apache Corporation,Glasscock,Texas,31.8372,-101.4905,,,,FracFocus
Slick State 'B' 4,42427339430000,Apache Corporation,Starr,Texas,26.44102,-98.52595,,,,FracFocus
Roberts Unit 2236A,42501355210000,Apache Corporation,Yoakum,Texas,33.02501,-102.96326,,,,FracFocus
SRH 17 #1711,42383371580000,Apache Corporation,Reagan,Texas,31.442,-101.452,,,,FracFocus
University `36a` 2,42103330870000,Apache Corporation,Crane,Texas,31.45974,-102.42277,,,,FracFocus
Keathley `46` 5,42173342930000,Apache Corporation,Glasscock,Texas,31.87686,-101.514,,,,FracFocus
Mc Elroy 114 Southeast 1,42461373610000,Apache Corporation,Upton,Texas,31.46975,-102.14856,,,,FracFocus
Hartley 38 5,42173342980000,Apache Corporation,Glasscock,Texas,31.895243,-101.51429,,,,FracFocus
KMEU 420,42235347830000,Apache Corporation,Irion,Texas,31.283461,-101.03985,,,,FracFocus
University Lands 30 2H,42103358730000,Apache Corporation,Crane,Texas,31.48386,-102.40881,,,,FracFocus
Riley 4702,42173337590000,Apache Corporation,Glasscock,Texas,31.88767,-101.51101,,,,FracFocus
Xit Unit 206H,42079332150000,Apache Corporation,Cochran,Texas,33.50764,-102.80815,,,,FracFocus
Frances Gunn #13,42227034060000,Apache Corporation,Howard,Texas,32.49115,-101.35459,,,,FracFocus
Burns 27 2,42173342280000,Apache Corporation,Glasscock,Texas,31.80929,-101.50629,,,,FracFocus
Bell 22 4,42173342900000,Apache Corporation,Glasscock,Texas,31.817344,-101.50749,,,,FracFocus
KMEU 1431,42235347770000,Apache Corporation,Irion,Texas,31.287,-101.048,,,,FracFocus
Cowden E W 19,42495304420000,Apache Corporation,Winkler,Texas,31.79864,-103.08866,,,,FracFocus
Roberts Unit 2728,42501327430000,Apache Corporation,Yoakum,Texas,33.02978,-102.87898,,,,FracFocus
East Mallet Unit #49,42219011280000,Apache Corporation,Hockley,Texas,33.470448,-102.52514,,,,FracFocus
Srh `17` 1710,42383371100000,Apache Corporation,Reagan,Texas,31.43817,-101.46868,,,,FracFocus
Tubb J B `F` 39,42103358480000,Apache Corporation,Crane,Texas,31.42406,-102.60688,,,,FracFocus
Hester 39 1,42173344110000,Apache Corporation,Glasscock,Texas,31.899393,-101.52882,,,,FracFocus
Txl South Unit 3711,42135372050000,Apache Corporation,Ector,Texas,31.82583,-102.69476,,,,FracFocus
Mack 6 1,42173341340000,Apache Corporation,Glasscock,Texas,31.98394,-101.50746,,,,FracFocus
E.D. Books 17-6,42173343230000,Apache Corporation,Glasscock,Texas,31.83712,-101.53555,,,,FracFocus
Keathley 46 3,42173340860000,Apache Corporation,Glasscock,Texas,31.88438,-101.5228,,,,FracFocus
KMEU 1423,42235347840000,Apache Corporation,Irion,Texas,31.295,-101.048,,,,FracFocus
ROGERS 35 #3 ?,42461373860000,Apache Corporation,Upton,Texas,31.428861,-101.97583,,,,FracFocus
Walker Farms 14 6,42173342790000,Apache Corporation,Glasscock,Texas,31.84647,-101.48488,,,,FracFocus
Roberts Unit 5427,42501305740000,Apache Corporation,Yoakum,Texas,32.9831,-102.93029,,,,FracFocus
Squire 9 2H,42173343690000,Apache Corporation,Glasscock,Texas,31.992,-101.462,,,,FracFocus
Glass 3 3,42173343060000,Apache Corporation,Glasscock,Texas,31.87072,-101.52037,,,,FracFocus
KMEU 1426,42235347860000,Apache Corporation,Irion,Texas,31.293,-101.048,,,,FracFocus
Tyler 55 4H,42483332630000,Apache Corporation,Wheeler,Texas,35.400879,-100.01154,,,,FracFocus
Gibson 7 `C` 4,42173343150000,Apache Corporation,Glasscock,Texas,31.857043,-101.46712,,,,FracFocus
Riley 48 #3,42173340950000,Apache Corporation,Glasscock,Texas,31.885,-101.493,,,,FracFocus
CC 3702,42461363970000,Apache Corporation,Upton,Texas,31.536423,-102.0167,,,,FracFocus
Riley 47 #6,42173343410000,Apache Corporation,Glasscock,Texas,31.877,-101.509,,,,FracFocus
Tubb J B `J` 3,42103358330000,Apache Corporation,Crane,Texas,31.43726,-102.59776,,,,FracFocus
E D B 10 5,42173343210000,Apache Corporation,Glasscock,Texas,31.858992,-101.50718,,,,FracFocus
Mcelroy Ranch 134 2,42461373830000,Apache Corporation,Upton,Texas,31.44823,-102.19263,,,,FracFocus
KMEU 1524,42235347870000,Apache Corporation,Irion,Texas,31.309,-101.044,,,,FracFocus
His Blessing 35 4,42173342800000,Apache Corporation,Glasscock,Texas,31.91706,-101.5209,,,,FracFocus
Books Ed 17 5,42173343100000,Apache Corporation,Glasscock,Texas,31.82885,-101.53604,,,,FracFocus
Keathley 46 4,42173342500000,Apache Corporation,Glasscock,Texas,31.8875,-101.51553,,,,FracFocus
KMEU 2719,42235347890000,Apache Corporation,Irion,Texas,31.269,-101.069,,,,FracFocus
Glass 15 3,42173342360000,Apache Corporation,Glasscock,Texas,31.83275,-101.51274,,,,FracFocus
Bloomberg #44,42427338860000,Apache Corporation,Starr,Texas,26.41411,-98.52253,,,,FracFocus
Sharptooth 224 1,42173341540000,Apache Corporation,Glasscock,Texas,32.00653,-101.29606,,,,FracFocus
Bloomberg 19,42427331850000,Apache Corporation,Starr,Texas,26.39993,-98.52749,,,,FracFocus
TXLNU 1016,42135401040000,Apache Corporation,Ector,Texas,31.87414,-102.7163,,,,FracFocus
Stiles 10-24H,42483332640000,Apache Corporation,Wheeler,Texas,35.473581,-100.059761,,,,FracFocus
Walker Farms 14 8,42173344000000,Apache Corporation,Glasscock,Texas,31.84276,-101.48393,,,,FracFocus
Burnett 17 3,42227367180000,Apache Corporation,Howard,Texas,32.36938,-101.29175,,,,FracFocus
KMEU 2723,42235347750000,Apache Corporation,Irion,Texas,31.266,-101.065,,,,FracFocus
Stiles 16 12-16H,42483332910000,Apache Corporation,Wheeler,Texas,35.459575,-100.079044,,,,FracFocus
Coons #2,42219006170000,Apache Corporation,Hockley,Texas,33.39345,-102.45777,,,,FracFocus
SRH-1328 ?,42383369660000,Apache Corporation,Reagan,Texas,31.46625,-101.45226,,,,FracFocus
His Blessing `35` 5,42173343170000,Apache Corporation,Glasscock,Texas,31.91836,-101.50936,,,,FracFocus
Roberts Unit 3755,42501357480000,Apache Corporation,Yoakum,Texas,33.01914,-102.88218,,,,FracFocus
Roberts Unit 3671,42501357920000,Apache Corporation,Yoakum,Texas,33.01556,-102.89105,,,,FracFocus
Cook 21 4,42173336850000,Apache Corporation,Glasscock,Texas,31.81764,-101.52027,,,,FracFocus
KMEU 1221,42235348250000,Apache Corporation,Irion,Texas,31.266,-101.057,,,,FracFocus
SRH 17-#1712 ?,42383371600000,Apache Corporation,Reagan,Texas,31.43355,-101.45326,,,,FracFocus
Brahaney Unit 137,42501342680000,Apache Corporation,Yoakum,Texas,33.14948,-102.89627,,,,FracFocus
Ballenger 4202,42173342020000,Apache Corporation,Glasscock,Texas,31.90489,-101.4787,,,,FracFocus
Mcelroy `115` 3SE,42461374730000,Apache Corporation,Upton,Texas,31.4673,-102.16608,,,,FracFocus
KMEU 1329,42235347880000,Apache Corporation,Irion,Texas,31.277,-101.061,,,,FracFocus
Gibson 7 `B` 3,42173343070000,Apache Corporation,Glasscock,Texas,31.86212,-101.45873,,,,FracFocus
Lundell 44 5,42479388900000,Apache Corporation,Webb,Texas,27.65825,-98.99794,,,,FracFocus
Shafter Lake San Andres Unit 600,42003432410000,Apache Corporation,Andrews,Texas,32.3287,-102.64855,,,,FracFocus
Nichols 22 Unit 2,42173342510000,Apache Corporation,Glasscock,Texas,31.94162,-101.53071,,,,FracFocus
Hall 18 1,42227363540000,Apache Corporation,Howard,Texas,32.37131,-101.29837,,,,FracFocus
Bloomberg 11,42427329910000,Apache Corporation,Starr,Texas,26.42676,-98.52275,,,,FracFocus
Tubb J B `C` 38,42103358500000,Apache Corporation,Crane,Texas,31.4928,-102.62147,,,,FracFocus
SRH-1329 ?,42383369960000,Apache Corporation,Reagan,Texas,31.46542,-101.44476,,,,FracFocus
Huitt 25 3,42173342940000,Apache Corporation,Glasscock,Texas,31.92414,-101.50267,,,,FracFocus
ED Books 11 #9,42173343510000,Apache Corporation,Glasscock,Texas,31.855,-101.494,,,,FracFocus
Glass 15 5,42173343280000,Apache Corporation,Glasscock,Texas,31.83395,-101.50192,,,,FracFocus
KMEU 3331,42235348260000,Apache Corporation,Irion,Texas,31.244,-101.083,,,,FracFocus
Schwartz #5,42173343990000,Apache Corporation,Glasscock,Texas,31.862,-101.512,,,,FracFocus
ROSS 40#4 ?,42461365190000,Apache Corporation,Upton,Texas,31.525969,-102.06217,,,,FracFocus
Books Ed 11 1,42173343080000,Apache Corporation,Glasscock,Texas,31.85053,-101.49847,,,,FracFocus
Riley 47 #8,42173344120000,Apache Corporation,Glasscock,Texas,31.889,-101.508,,,,FracFocus
Books E D 17 7,42173344980000,Apache Corporation,Glasscock,Texas,31.83033,-101.54672,,,,FracFocus
Books Ed 13 5,42173343120000,Apache Corporation,Glasscock,Texas,31.84332,-101.47906,,,,FracFocus
Weaver 23 #9,42173343380000,Apache Corporation,Glasscock,Texas,31.83,-101.485,,,,FracFocus
Bivins-LIT #1151,42359303410000,Apache Corporation,Oldham,Texas,35.54351,-102.23947,,,,FracFocus
Roberts Unit #3227,42501312780000,Apache Corporation,Yoakum,Texas,33.00827,-102.96484,,,,FracFocus
Cole 14-3,42227367070000,Apache Corporation,Howard,Texas,32.453795,-101.45379,,,,FracFocus
KMCU 5018,42235347780000,Apache Corporation,Irion,Texas,31.255,-101.099,,,,FracFocus
Bivins-Lit 302,42359303430000,Apache Corporation,Oldham,Texas,35.54727,-102.25415,,,,FracFocus
Goodner 22 #2,42173343400000,Apache Corporation,Glasscock,Texas,31.831,-101.499,,,,FracFocus
Books E D 13 6,42173344610000,Apache Corporation,Glasscock,Texas,31.84595,-101.48252,,,,FracFocus
His Blessing 35 #7,42173343440000,Apache Corporation,Glasscock,Texas,31.909,-101.506,,,,FracFocus
His Blessing 35 6,42173343470000,Apache Corporation,Glasscock,Texas,31.90651,-101.51194,,,,FracFocus
Dolphin 12 3,42173344420000,Apache Corporation,Glasscock,Texas,31.85675,-101.48124,,,,FracFocus
Frances Gunn #A-12,42227034050000,Apache Corporation,Howard,Texas,32.49451,-101.35402,,,,FracFocus
J Anthony #2H,42041320110000,Apache Corporation,Brazos,Texas,30.66702,-96.49275,,,,FracFocus
KMCU 4909,42235348240000,Apache Corporation,Irion,Texas,31.261,-101.097,,,,FracFocus
Walker Farms 14 #4,42173342750000,Apache Corporation,Glasscock,Texas,31.848,-101.489,,,,FracFocus
Keathley 46 9,42173344560000,Apache Corporation,Glasscock,Texas,31.88334,-101.52937,,,,FracFocus
Walker Farms 14 #7,42173343980000,Apache Corporation,Glasscock,Texas,31.837,-101.487,,,,FracFocus
Gray 24 7,42173344510000,Apache Corporation,Glasscock,Texas,31.83597,-101.47713,,,,FracFocus
Stiles 68 2168H,42483333120000,Apache Corporation,Wheeler,Texas,35.43037,-100.05502,,,,FracFocus
JB Tubb A/C 1 #371,42103358320000,Apache Corporation,Crane,Texas,31.491075,-102.60664,,,,FracFocus
Cook 21 5,42173342960000,Apache Corporation,Glasscock,Texas,31.82009,-101.51432,,,,FracFocus
SAU 43 5B ?,42383374590000,Apache Corporation,Reagan,Texas,31.480794,-101.65321,,,,FracFocus
Fuller 43 #2,42173341300000,Apache Corporation,Glasscock,Texas,32.0,-101.508,,,,FracFocus
ED Books 2 #7,42173344720000,Apache Corporation,Glasscock,Texas,31.876,-101.496,,,,FracFocus
KMCU 5032,42235348220000,Apache Corporation,Irion,Texas,31.244,-101.096,,,,FracFocus
Roberts Unit 2237,42501312150000,Apache Corporation,Yoakum,Texas,33.02254,-102.96077,,,,FracFocus
Weaver 23 #10,42173344430000,Apache Corporation,Glasscock,Texas,31.829,-101.492,,,,FracFocus
Ross R L 116 12,42461373840000,Apache Corporation,Upton,Texas,31.45689,-102.15741,,,,FracFocus
His Blessing 35 #8,42173344220000,Apache Corporation,Glasscock,Texas,31.909,-101.519,,,,FracFocus
Bivins West 219 #2,42359303450000,Apache Corporation,Oldham,Texas,35.581337,-102.29181,,,,FracFocus
Coons W A 57,42445316450000,Apache Corporation,Terry,Texas,33.38606,-102.44721,,,,FracFocus
Ballenger 3102,42173345210000,Apache Corporation,Glasscock,Texas,31.91756,-101.4828,,,,FracFocus
Nichols 22 #3,42173344760000,Apache Corporation,Glasscock,Texas,31.933,-101.531,,,,FracFocus
Txl South Unit 5211H,42135412640000,Apache Corporation,Ector,Texas,31.81754,-102.70976,,,,FracFocus
Cook 21 6,42173343240000,Apache Corporation,Glasscock,Texas,31.82304,-101.52298,,,,FracFocus
Riley 47 # 9,42173345570000,Apache Corporation,Glasscock,Texas,31.887,-101.509,,,,FracFocus
KMCU 5510,42235348230000,Apache Corporation,Irion,Texas,31.246,-101.119,,,,FracFocus
Leland Meekeel 226 #4H,42357331840000,Apache Corporation,Ochiltree,Texas,36.128901,-100.708036,,,,FracFocus
University Lands `A` 37 4,42103358800000,Apache Corporation,Crane,Texas,31.44364,-102.40471,,,,FracFocus
Keathley 46 6,42173343870000,Apache Corporation,Glasscock,Texas,31.87467,-101.52181,,,,FracFocus
Huitt 25 #4,42173344490000,Apache Corporation,Glasscock,Texas,31.923,-101.505,,,,FracFocus
Wahoo 20 2,42173344810000,Apache Corporation,Glasscock,Texas,31.81787,-101.53652,,,,FracFocus
KMCU 5423,42235347820000,Apache Corporation,Irion,Texas,31.237,-101.117,,,,FracFocus
Weber #7,42461365080000,Apache Corporation,Upton,Texas,31.517,-102.019,,,,FracFocus
Riley 4707,42173345400000,Apache Corporation,Glasscock,Texas,31.88279,-101.50667,,,,FracFocus
Weaver 23 #3,42173337320000,Apache Corporation,Glasscock,Texas,31.832,-101.494,,,,FracFocus
Reed 6-1,42227367260000,Apache Corporation,Howard,Texas,32.388,-101.309,,,,FracFocus
Mc Elroy Ranch 132 2NW,42461373820000,Apache Corporation,Upton,Texas,31.46643,-102.19168,,,,FracFocus
Weaver 23 6,42173342860000,Apache Corporation,Glasscock,Texas,31.82253,-101.48612,,,,FracFocus
Keathley 46 #7,42173345160000,Apache Corporation,Glasscock,Texas,31.876,-101.517,,,,FracFocus
Cowden B#5,42461372260000,Apache Corporation,Upton,Texas,31.564,-101.914,,,,FracFocus
Boles # 3-19H,42483332940000,Apache Corporation,Wheeler,Texas,35.282314,-100.123781,,,,FracFocus
Spearfish 27 3,42173345180000,Apache Corporation,Glasscock,Texas,31.94829,-101.44237,,,,FracFocus
Ballenger 30 #4,42173345260000,Apache Corporation,Glasscock,Texas,30.40823,-93.99233,,,,FracFocus
Txl South Unit 3809,42135408660000,Apache Corporation,Ector,Texas,31.82619,-102.6961,,,,FracFocus
Ellwood A 187H,42219372080000,Apache Corporation,Hockley,Texas,33.362,-102.181,,,,FracFocus
Nix 16 7,42173343910000,Apache Corporation,Glasscock,Texas,31.83162,-101.52924,,,,FracFocus
Huitt 25 #5,42173344780000,Apache Corporation,Glasscock,Texas,31.93421,-101.50889,,,,FracFocus
KMCU 5028,42235348210000,Apache Corporation,Irion,Texas,31.248,-101.108,,,,FracFocus
Pyle 403HD,42483331030000,Apache Corporation,Wheeler,Texas,35.501944,-100.185556,,,,FracFocus
Connell Cowden 48 #6,42461367400000,Apache Corporation,Upton,Texas,31.524,-102.009,,,,FracFocus
ED Books 10 #8,42173345710000,Apache Corporation,Glasscock,Texas,31.84853,-101.50378,,,,FracFocus
Wahoo 20 6,42173344690000,Apache Corporation,Glasscock,Texas,31.82075,-101.54286,,,,FracFocus
Anderson 26 #2,42173344830000,Apache Corporation,Glasscock,Texas,31.92311,-101.52291,,,,FracFocus
Riley 4807,42173346000000,Apache Corporation,Glasscock,Texas,31.88327,-101.48892,,,,FracFocus
TXLNU 1024H,42135412790000,Apache Corporation,Ector,Texas,31.863,-102.736,,,,FracFocus
Riley 37 #5,42173345970000,Apache Corporation,Glasscock,Texas,31.89614,-101.49301,,,,FracFocus
KMCU 5029,42235347760000,Apache Corporation,Irion,Texas,31.244,-101.108,,,,FracFocus
Bivins-LIT 4 #3,42359303460000,Apache Corporation,Oldham,Texas,35.558289,-102.257096,,,,FracFocus
SRH-1319,42383369340000,Apache Corporation,Reagan,Texas,31.47985,-101.45896,,,,FracFocus
Schwartz 36 5,42173343260000,Apache Corporation,Glasscock,Texas,31.92164,-101.49136,,,,FracFocus
Weaver 23 8,42173343360000,Apache Corporation,Glasscock,Texas,31.82444,-101.49085,,,,FracFocus
Riley 47 #11,42173345590000,Apache Corporation,Glasscock,Texas,31.89004,-101.50385,,,,FracFocus
TXLNU 1025H,42135412800000,Apache Corporation,Ector,Texas,31.863,-102.735,,,,FracFocus
Weaver 23 7,42173342870000,Apache Corporation,Glasscock,Texas,31.82666,-101.48397,,,,FracFocus
Mcelroy Ranch 127 Northeast 3,42461373630000,Apache Corporation,Upton,Texas,31.40296,-102.16162,,,,FracFocus
CC #3612,42461375960000,Apache Corporation,Upton,Texas,31.554,-102.023,,,,FracFocus
Nix 16 6,42173343290000,Apache Corporation,Glasscock,Texas,31.83713,-101.53184,,,,FracFocus
KMCU 5502,42235348280000,Apache Corporation,Irion,Texas,31.253,-101.118,,,,FracFocus
SAU 45 #4A,42383374620000,Apache Corporation,Reagan,Texas,31.492,-101.621,,,,FracFocus
Roberts Unit 3226,42501311680000,Apache Corporation,Yoakum,Texas,33.01627,-102.96564,,,,FracFocus
Parker J E 5,42135413290000,Apache Corporation,Ector,Texas,31.85425,-102.69272,,,,FracFocus
Cook 21 7,42173343970000,Apache Corporation,Glasscock,Texas,31.8182,-101.51737,,,,FracFocus
Musgrove 3110-1,42227363290000,Apache Corporation,Howard,Texas,32.36823,-101.347903,,,,FracFocus
Daniels E 138 #2H,42357330260000,Apache Corporation,Ochiltree,Texas,36.073948,-101.00563,,,,FracFocus
Dorado 18 #5,42173344090000,Apache Corporation,Glasscock,Texas,31.823,-101.562,,,,FracFocus
Ballenger 3003,42173345240000,Apache Corporation,Glasscock,Texas,31.93376,-101.48941,,,,FracFocus
Bowers 104HC,42211349600000,Apache Corporation,Hemphill,Texas,35.707194,-100.065444,,,,FracFocus
Hartley 38 9,42173344500000,Apache Corporation,Glasscock,Texas,31.90159,-101.51531,,,,FracFocus
Weatherly 501H,42483333390000,Apache Corporation,Wheeler,Texas,35.27307,-100.115357,,,,FracFocus
Adams 26 #7,42173345350000,Apache Corporation,Glasscock,Texas,31.808,-101.483,,,,FracFocus
KMCU 5020,42235348200000,Apache Corporation,Irion,Texas,31.254,-101.11,,,,FracFocus
Roberts Unit 3647R,42501357900000,Apache Corporation,Yoakum,Texas,33.01281,-102.88903,,,,FracFocus
Weaver 23 11,42173345390000,Apache Corporation,Glasscock,Texas,31.83105,-101.47964,,,,FracFocus
SRH 1323,42383369490000,Apache Corporation,Reagan,Texas,31.47478,-101.44882,,,,FracFocus
Dobson SL #7HC,42483333870000,Apache Corporation,Wheeler,Texas,35.517944,-100.011361,,,,FracFocus
Smith 113 Se 1,42461373680000,Apache Corporation,Upton,Texas,31.45908,-102.14692,,,,FracFocus
Burns 27 3,42173345280000,Apache Corporation,Glasscock,Texas,31.81321,-101.50774,,,,FracFocus
Neal 38 #3,42461370160000,Apache Corporation,Upton,Texas,31.528,-102.036,,,,FracFocus
Anderson 26 #3,42173345650000,Apache Corporation,Glasscock,Texas,31.931,-101.521,,,,FracFocus
KMCU 4921,42235347810000,Apache Corporation,Irion,Texas,31.266,-101.108,,,,FracFocus
Jeffs 3A#1,42383375190000,Apache Corporation,Reagan,Texas,31.478,-101.6,,,,FracFocus
SLSAU 613H,42003434710000,Apache Corporation,Andrews,Texas,32.327,-102.618,,,,FracFocus
Nix 16 1,42173336880000,Apache Corporation,Glasscock,Texas,31.83772,-101.52323,,,,FracFocus
ED Books 11 #12,42173346070000,Apache Corporation,Glasscock,Texas,31.859,-101.495,,,,FracFocus
Cook 21 9,42173344770000,Apache Corporation,Glasscock,Texas,31.82798,-101.51442,,,,FracFocus
Mallet Unit Area 175,42079014640000,Apache Corporation,Cochran,Texas,33.45877,-102.60977,,,,FracFocus
His Blessing 34 5,42173345170000,Apache Corporation,Glasscock,Texas,31.91288,-101.5242,,,,FracFocus
Mallet Unit 1507,42219368220000,Apache Corporation,Hockley,Texas,33.44328,-102.58226,,,,FracFocus
Ross 40 #6,42461369300000,Apache Corporation,Upton,Texas,31.522,-102.06,,,,FracFocus
ED Books 2A #4,42173343650000,Apache Corporation,Glasscock,Texas,31.864,-101.504,,,,FracFocus
CC #3611,42461376310000,Apache Corporation,Upton,Texas,31.545,-102.015,,,,FracFocus
Txl South Unit 5708,42135371900000,Apache Corporation,Ector,Texas,31.82425,-102.68631,,,,FracFocus
Cook 21 #8,42173345060000,Apache Corporation,Glasscock,Texas,31.826,-101.519,,,,FracFocus
Lizardfish 27 3,42173345290000,Apache Corporation,Glasscock,Texas,31.80249,-101.50372,,,,FracFocus
Neal 38 #4,42461370170000,Apache Corporation,Upton,Texas,31.53,-102.028,,,,FracFocus
Stiles 24 # 11-24H,42483333450000,Apache Corporation,Wheeler,Texas,35.282214,-100.040173,,,,FracFocus
Philmac Unit #1 HR ST2,42173344730000,Apache Corporation,Glasscock,Texas,31.964,-101.389,,,,FracFocus
Copeland 27 #2,42173345450000,Apache Corporation,Glasscock,Texas,31.926,-101.542,,,,FracFocus
Gibson 7c 8,42173347280000,Apache Corporation,Glasscock,Texas,31.8614,-101.46761,,,,FracFocus
Cummins H E 21H,42135413340000,Apache Corporation,Ector,Texas,32.00229,-102.6968,,,,FracFocus
Hall 18-2,42227368040000,Apache Corporation,Howard,Texas,32.6362,-101.294,,,,FracFocus
TXLNU 530,42135070150000,Apache Corporation,Ector,Texas,31.9019,-102.73204,,,,FracFocus
Burns 27 4,42173345750000,Apache Corporation,Glasscock,Texas,31.81256,-101.4919,,,,FracFocus
Riley 47 #10,42173345580000,Apache Corporation,Glasscock,Texas,31.883,-101.508,,,,FracFocus
Books E D 17 8,42173345760000,Apache Corporation,Glasscock,Texas,31.83458,-101.53466,,,,FracFocus
Burnett 17-4,42227368030000,Apache Corporation,Howard,Texas,32.372,-101.292,,,,FracFocus
Goodner 22 #4,42173345470000,Apache Corporation,Glasscock,Texas,31.828,-101.51,,,,FracFocus
Schwartz 36 #7,42173345040000,Apache Corporation,Glasscock,Texas,31.917,-101.503,,,,FracFocus
Roberts Unit 3672,42501357930000,Apache Corporation,Yoakum,Texas,33.01281,-102.89004,,,,FracFocus
Wahoo 20 7,42173345950000,Apache Corporation,Glasscock,Texas,31.81414,-101.54087,,,,FracFocus
John Luthi 392 #5H,42357330710000,Apache Corporation,Ochiltree,Texas,36.159061,-100.719231,,,,FracFocus
University `45-21` 12X,42105413770000,Apache Corporation,Crockett,Texas,30.93471,-101.22829,,,,FracFocus
Glass 3 4,42173346480000,Apache Corporation,Glasscock,Texas,31.87014,-101.52244,,,,FracFocus
Mallet East Unit 166H,42219372280000,Apache Corporation,Hockley,Texas,33.46411,-102.55401,,,,FracFocus
SRH 1321,42383366820000,Apache Corporation,Reagan,Texas,31.47474,-101.45945,,,,FracFocus
CC #3615,42461376140000,Apache Corporation,Upton,Texas,31.552,-102.017,,,,FracFocus
McElroy Ranch Co 111 #1SE,42461377860000,Apache Corporation,Upton,Texas,31.429,-102.131,,,,FracFocus
Hardy 18 #5,42173346640000,Apache Corporation,Glasscock,Texas,31.85,-101.465,,,,FracFocus
W GMK #2,42165353610000,Apache Corporation,Gaines,Texas,32.81843,-102.55017,,,,FracFocus
Anderson 26 #6,42173345680000,Apache Corporation,Glasscock,Texas,31.924,-101.636,,,,FracFocus
Gray 24 8,42173346150000,Apache Corporation,Glasscock,Texas,31.83173,-101.47816,,,,FracFocus
SRH 12 1222,42383347840000,Apache Corporation,Reagan,Texas,31.44854,-101.44424,,,,FracFocus
Bomber #3,42461375990000,Apache Corporation,Upton,Texas,31.504,-102.044,,,,FracFocus
Gibson 7c 6,42173345730000,Apache Corporation,Glasscock,Texas,31.85687,-101.46297,,,,FracFocus
ED Books 11 #11,42173346090000,Apache Corporation,Glasscock,Texas,31.856,-101.489,,,,FracFocus
Scott Sugg 5051H,42235348890000,Apache Corporation,Irion,Texas,31.393081,-101.18421,,,,FracFocus
Byrd 5042HD,42483333340000,Apache Corporation,Wheeler,Texas,35.5167,-100.02475,,,,FracFocus
E D B 10 6,42173345790000,Apache Corporation,Glasscock,Texas,31.85474,-101.50507,,,,FracFocus
ED Books 11 #10,42173346060000,Apache Corporation,Glasscock,Texas,31.862,-101.491,,,,FracFocus
Cook 21 #12,42173345900000,Apache Corporation,Glasscock,Texas,31.821,-101.522,,,,FracFocus
Hartley 38 8,42173345930000,Apache Corporation,Glasscock,Texas,31.89452,-101.50626,,,,FracFocus
Roberts Unit 3673,42501357940000,Apache Corporation,Yoakum,Texas,33.01056,-102.89444,,,,FracFocus
Roberts Unit 3669,42501357960000,Apache Corporation,Yoakum,Texas,33.01827,-102.89078,,,,FracFocus
ED Books 13 #7,42173346180000,Apache Corporation,Glasscock,Texas,31.848,-101.48,,,,FracFocus
Books E D 2a 8,42173345310000,Apache Corporation,Glasscock,Texas,31.86527,-101.49994,,,,FracFocus
Nichols 22 #4,42173346080000,Apache Corporation,Glasscock,Texas,31.935,-101.536,,,,FracFocus
Neal 39 #5,42461369450000,Apache Corporation,Glasscock,Texas,31.531,-102.041,,,,FracFocus
Stiles 17  #13-17H,42483333440000,Apache Corporation,Wheeler,Texas,35.273046,-100.040178,,,,FracFocus
Red Snapper-Neal 1502,42173346610000,Apache Corporation,Glasscock,Texas,31.97455,-101.44563,,,,FracFocus
SAU 31 #1C,42383376680000,Apache Corporation,Upton,Texas,31.50859,-101.67299,,,,FracFocus
Schwartz 36 8,42173345940000,Apache Corporation,Glasscock,Texas,31.92042,-101.49843,,,,FracFocus
FSSU 1702,42371388670000,Apache Corporation,Pecos,Texas,30.949,-102.923,,,,FracFocus
FSSU 1803,42371388690000,Apache Corporation,Pecos,Texas,30.949278,-102.91917,,,,FracFocus
CC 3714,42461376320000,Apache Corporation,Glasscock,Texas,31.537,-102.013,,,,FracFocus
Huitt 25 6,42173344790000,Apache Corporation,Glasscock,Texas,31.92918,-101.50309,,,,FracFocus
Vollmert 2-32,42393312630000,Apache Corporation,Roberts,Texas,35.47198,-100.56025,,,,FracFocus
Craig 16 5,42227368130000,Apache Corporation,Howard,Texas,32.351235,-101.37367,,,,FracFocus
Mcelroy 137 1,42461378460000,Apache Corporation,Upton,Texas,31.41338,-102.18453,,,,FracFocus
TXLSU 3406H,42135413160000,Apache Corporation,Ector,Texas,31.824,-102.716,,,,FracFocus
Cathey 16 3,42227367690000,Apache Corporation,Howard,Texas,32.344,-101.372,,,,FracFocus
FSSU 205,42371388640000,Apache Corporation,Pecos,Texas,30.966,-102.938,,,,FracFocus
FSSU 1302,42371388680000,Apache Corporation,Pecos,Texas,30.953,-102.929,,,,FracFocus
Mc Elroy Ranch Company `D` 23SE,42461374650000,Apache Corporation,Upton,Texas,31.41206,-102.14234,,,,FracFocus
SLSAU 612H,42003434750000,Apache Corporation,Ector,Texas,32.326,-102.618,,,,FracFocus
TXLSU 3409H,42135414720000,Apache Corporation,Ector,Texas,31.824,-101.716,,,,FracFocus
Nix 16 8,42173343930000,Apache Corporation,Glasscock,Texas,31.83455,-101.52621,,,,FracFocus
Adams 26 #11,42173346440000,Apache Corporation,Glasscock,Texas,31.815,-101.486,,,,FracFocus
Hostutler A 8055HA,42211349880000,Apache Corporation,Hemphill,Texas,35.794917,-100.253,,,,FracFocus
Weaver 23 13,42173346390000,Apache Corporation,Glasscock,Texas,31.82603,-101.48933,,,,FracFocus
Nix 16 #10,42173347330000,Apache Corporation,Glasscock,Texas,31.827,-101.528,,,,FracFocus
Lockhart A36-Unit 7HC,42211349950000,Apache Corporation,Hemphill,Texas,35.59516,-100.09192,,,,FracFocus
SLSAU 611H,42003437630000,Apache Corporation,Andrews,Texas,32.340172,-102.63245,,,,FracFocus
Adams 26 6,42173343250000,Apache Corporation,Glasscock,Texas,31.81121,-101.48464,,,,FracFocus
Roberts Unit 4535,42501306290000,Apache Corporation,Yoakum,Texas,33.00437,-102.90948,,,,FracFocus
Txl North Unit 1013,42135402590000,Apache Corporation,Ector,Texas,31.87205,-102.72299,,,,FracFocus
Keathley 46 #10,42173347290000,Apache Corporation,Glasscock,Texas,31.879,-101.514,,,,FracFocus
Bomber #4,42461376000000,Apache Corporation,Upton,Texas,31.506,-102.038,,,,FracFocus
Txl South Unit 5707,42135371910000,Apache Corporation,Ector,Texas,31.82027,-102.68457,,,,FracFocus
Books E D 2 9,42173346160000,Apache Corporation,Glasscock,Texas,31.87119,-101.50345,,,,FracFocus
Seth Cambell 65,42495333930000,Apache Corporation,Pecos,Texas,31.879,-103.053,,,,FracFocus
CC 3710,42461376300000,Apache Corporation,Upton,Texas,31.544,-102.019,,,,FracFocus
Kingcrab 20 1,42173347240000,Apache Corporation,Glasscock,Texas,31.92843,-101.56425,,,,FracFocus
Adams #137-4H,42357330880000,Apache Corporation,Ochiltree,Texas,36.05108,-100.430147,,,,FracFocus
Cook 21 11,42173345610000,Apache Corporation,Glasscock,Texas,31.81499,-101.52376,,,,FracFocus
Walker 7 2,42227368270000,Apache Corporation,Howard,Texas,32.356,-101.402,,,,FracFocus
Bennie 4342 1H,42235349560000,Apache Corporation,Glasscock,Texas,31.177686,-101.16137,,,,FracFocus
Riley 4805,42173344250000,Apache Corporation,Glasscock,Texas,31.892,-101.496,,,,FracFocus
Barba-Neal 2103,42173347340000,Apache Corporation,Glasscock,Texas,31.96094,-101.45978,,,,FracFocus
Frances Gunn #A-75,42227362860000,Apache Corporation,Howard,Texas,32.497164,-101.35794,,,,FracFocus
Baumann 394-3H,42357330640000,Apache Corporation,Ochiltree,Texas,36.0933,-100.451021,,,,FracFocus
Cook 21 13,42173345960000,Apache Corporation,Glasscock,Texas,31.81388,-101.51861,,,,FracFocus
FSSU 3304,42371388610000,Apache Corporation,Pecos,Texas,30.943,-102.976,,,,FracFocus
FSSU 3303,42371388630000,Apache Corporation,Pecos,Texas,30.946,-102.976,,,,FracFocus
FSSU 3304,42371388650000,Apache Corporation,Pecos,Texas,30.946,-102.97,,,,FracFocus
Hartley 38 #6,42173345910000,Apache Corporation,Glasscock,Texas,31.892,-101.513,,,,FracFocus
University Land A37 3H,42103359400000,Apache Corporation,Crane,Texas,31.453,-102.413,,,,FracFocus
SRH 14 #1414,42383376090000,Apache Corporation,Upton,Texas,31.47,-101.476,,,,FracFocus
Woodley F L 48,42079304430000,Apache Corporation,Cochran,Texas,33.49969,-102.64745,,,,FracFocus
Woodley F L 61,42079322200000,Apache Corporation,Cochran,Texas,33.49441,-102.6208,,,,FracFocus
Nix 16 5,42173342820000,Apache Corporation,Glasscock,Texas,31.8328,-101.5253,,,,FracFocus
Cathey 6 2,42227368860000,Apache Corporation,Howard,Texas,32.42,-101.216,,,,FracFocus
Mallett M 63,42219011400000,Apache Corporation,Hockley,Texas,33.46212,-102.52515,,,,FracFocus
East Mallet Unit 120,42219339120000,Apache Corporation,Hockley,Texas,33.47904,-102.53611,,,,FracFocus
SRH 11 #1104,42383376120000,Apache Corporation,Upton,Texas,31.471,-101.496,,,,FracFocus
FSSU 3306,42371388620000,Apache Corporation,Pecos,Texas,30.943,-102.97,,,,FracFocus
Riley 4712,42173345600000,Apache Corporation,Glasscock,Texas,31.88777,-101.50242,,,,FracFocus
Weber #11,42461377070000,Apache Corporation,Upton,Texas,31.517,-102.033,,,,FracFocus
Fillingim 1609 HC,42211350030000,Apache Corporation,Hemphill,Texas,35.707306,-100.154722,,,,FracFocus
SLSAU 700H,42003439010000,Apache Corporation,Andrews,Texas,32.33,-102.633,,,,FracFocus
Adams 26 #9,42173346410000,Apache Corporation,Glasscock,Texas,31.818,-101.487,,,,FracFocus
Adams 26 8,42173345340000,Apache Corporation,Glasscock,Texas,31.81624,-101.47721,,,,FracFocus
Weaver 23 #14,42173348430000,Apache Corporation,Reagan,Texas,31.834,-101.487,,,,FracFocus
Rosebud 16 2,42173347220000,Apache Corporation,Glasscock,Texas,31.93956,-101.56352,,,,FracFocus
Mcelroy 138 1,42461378450000,Apache Corporation,Upton,Texas,31.39286,-102.17101,,,,FracFocus
Weaver 23 12,42173346260000,Apache Corporation,Glasscock,Texas,31.82945,-101.48842,,,,FracFocus
Bell 22 #5,42173349740000,Apache Corporation,Glasscock,Texas,31.82,-101.495,,,,FracFocus
JB Tubb C #3,42103028010000,Apache Corporation,Ector,Texas,31.48137,-102.61565,,,,FracFocus
Keathley 46 11,42173347360000,Apache Corporation,Glasscock,Texas,31.87366,-101.52578,,,,FracFocus
SRH 11 #1103,42383375970000,Apache Corporation,Reagan,Texas,31.476,-101.493,,,,FracFocus
Dorado 18 4,42173348840000,Apache Corporation,Glasscock,Texas,31.82595,-101.5506,,,,FracFocus
CC 3616,42461376400000,Apache Corporation,Upton,Texas,31.549,-101.012,,,,FracFocus
CC 3616,42461378670000,Apache Corporation,Upton,Texas,31.557,-102.029,,,,FracFocus
Roberts Unit 3327,42165363200000,Apache Corporation,Yoakum,Texas,32.66,-102.81379,,,,FracFocus
Rosebud 16 3,42173347930000,Apache Corporation,Glasscock,Texas,31.94761,-101.55365,,,,FracFocus
Moore 62 5H,42483333980000,Apache Corporation,Wheeler,Texas,35.42,-100.01,,,,FracFocus
Roberts Unit 4525,42501305830000,Apache Corporation,Yoakum,Texas,33.00441,-102.91333,,,,FracFocus
CC 3613,42461376390000,Apache Corporation,Upton,Texas,31.556,-102.014,,,,FracFocus
Wahoo 20 8,42173348650000,Apache Corporation,Glasscock,Texas,31.81214,-101.53124,,,,FracFocus
Bennie 4342 2H,42235349570000,Apache Corporation,Irion,Texas,31.103975,-101.10329,,,,FracFocus
Schwartz 36 #9,42173346030000,Apache Corporation,Glasscock,Texas,31.918,-101.493,,,,FracFocus
Broughton 6 1,42227368210000,Apache Corporation,Howard,Texas,32.378,-101.404,,,,FracFocus
Martin T L 9,42415347190000,Apache Corporation,Scurry,Texas,32.60453,-101.05529,,,,FracFocus
His Blessing 35 9,42173345220000,Apache Corporation,Glasscock,Texas,31.91304,-101.51535,,,,FracFocus
Adams 26 10,42173347310000,Apache Corporation,Glasscock,Texas,31.82006,-101.48037,,,,FracFocus
Ballenger 32 #2,42173347270000,Apache Corporation,Glasscock,Texas,31.922,-101.461,,,,FracFocus
Van Norman 20,42415346980000,Apache Corporation,Scurry,Texas,32.59076,-101.0487,,,,FracFocus
Adams 26 12,42173347320000,Apache Corporation,Glasscock,Texas,31.81485,-101.48088,,,,FracFocus
Roberts Unit 4430,42501336140000,Apache Corporation,Yoakum,Texas,33.00765,-102.92612,,,,FracFocus
Stevens Unit 1H,42185307680000,Apache Corporation,Grimes,Texas,30.78453,-96.07571,,,,FracFocus
Boys Ranch 116#1,42359303470000,Apache Corporation,Oldham,Texas,35.532517,-102.243206,,,,FracFocus
Clinch 4238 1H,42235349750000,Apache Corporation,Irion,Texas,31.085016,-101.15025,,,,FracFocus
Riley 3706,42173348630000,Apache Corporation,Glasscock,Texas,31.90291,-101.49558,,,,FracFocus
Mcelroy Ranch E 7132SE,42461378580000,Apache Corporation,Upton,Texas,31.46648,-102.18016,,,,FracFocus
Tyler 55 5H,42483333740000,Apache Corporation,Wheeler,Texas,35.240558,-100.005848,,,,FracFocus
Tyler 55 6H,42483334080000,Apache Corporation,Wheeler,Texas,35.240555,-100.011358,,,,FracFocus
Tubb J B `C` 39,42103359690000,Apache Corporation,Crane,Texas,31.49264,-102.6157,,,,FracFocus
Hall Cowden 42 #3,42461379930000,Apache Corporation,Upton,Texas,31.57,-101.907,,,,FracFocus
Stiles 16 2016,42483320540000,Apache Corporation,Wheeler,Texas,35.46705,-100.08341,,,,FracFocus
Books E D 13 8,42173348710000,Apache Corporation,Glasscock,Texas,31.85147,-101.48007,,,,FracFocus
CC 3712,42461376410000,Apache Corporation,Upton,Texas,31.539,-102.022,,,,FracFocus
Goodner 22 5,42173348970000,Apache Corporation,Glasscock,Texas,31.82975,-101.50271,,,,FracFocus
Hammerhead 33 #2,42173346850000,Apache Corporation,Upton,Texas,31.933,-101.447,,,,FracFocus
Riley 4809,42173348560000,Apache Corporation,Glasscock,Texas,31.88571,-101.49062,,,,FracFocus
TXLSU 3408H,42135414730000,Apache Corporation,Ector,Texas,31.826,-102.721,,,,FracFocus
Adams 26 #4,42173347300000,Apache Corporation,Glasscock,Texas,31.82,-101.477,,,,FracFocus
Sandra 2-19H,42483334230000,Apache Corporation,Wheeler,Texas,35.666275,-100.00733,,,,FracFocus
Books E D 6 1,42173348760000,Apache Corporation,Glasscock,Texas,31.85045,-101.56252,,,,FracFocus
North Central Levelland Unit 410,42219340980000,Apache Corporation,Hockley,Texas,33.60483,-102.57623,,,,FracFocus
TXLSU 3411H,42135413210000,Apache Corporation,Ector,Texas,31.826,-102.721,,,,FracFocus
Ballenger 30 #5,42173348100000,Apache Corporation,Glasscock,Texas,31.932,-101.486,,,,FracFocus
State of Texas DL #7 WC,42475360010000,Apache Corporation,Ward,Texas,31.576646,-103.22854,,,,FracFocus
Books E D 6 3,42173348740000,Apache Corporation,Glasscock,Texas,31.84742,-101.56609,,,,FracFocus
Dolphin 12 4,42173348700000,Apache Corporation,Glasscock,Texas,31.856,-101.47908,,,,FracFocus
SAU 17 #4C,42383376800000,Apache Corporation,Reagan,Texas,31.445,-101.647,,,,FracFocus
Books E D 1 6,42173349010000,Apache Corporation,Glasscock,Texas,31.87601,-101.48908,,,,FracFocus
SRH 12 #1223,42383374850000,Apache Corporation,Reagan,Texas,31.45169,-101.43253,,,,FracFocus
Roberts Unit 2203,42501322740000,Apache Corporation,Yoakum,Texas,33.02244,-102.97316,,,,FracFocus
Roberts Unit 1745,42501359040000,Apache Corporation,Yoakum,Texas,33.03583,-102.88007,,,,FracFocus
Stiles 16 6016,42483324780000,Apache Corporation,Wheeler,Texas,35.45938,-100.09212,,,,FracFocus
Roberts Unit 1726R,42501359060000,Apache Corporation,Yoakum,Texas,33.03767,-102.87858,,,,FracFocus
Walker Glass 4,42173349220000,Apache Corporation,Glasscock,Texas,31.83481,-101.49915,,,,FracFocus
H.C. Brillhart #925-2H,42357330970000,Apache Corporation,Ochiltree,Texas,36.205433,-100.473425,,,,FracFocus
CC 3715,42461376420000,Apache Corporation,Upton,Texas,31.532,-102.019,,,,FracFocus
ED Books 35 #1,42173348310000,Apache Corporation,Glasscock,Texas,31.805,-101.477,,,,FracFocus
Gibson 7 1B,42173346170000,Apache Corporation,Glasscock,Texas,31.86567,-101.46973,,,,FracFocus
Mcelroy `115` 4SE,42461378600000,Apache Corporation,Upton,Texas,31.47061,-102.16694,,,,FracFocus
F.L. Woodley 59,42079322180000,Apache Corporation,Cochran,Texas,33.499358,-102.63839,,,,FracFocus
F.L. Woodley 66,42079322350000,Apache Corporation,Cochran,Texas,33.496328,-102.62409,,,,FracFocus
Gibson 7 2,42173340030000,Apache Corporation,Glasscock,Texas,31.86925,-101.45771,,,,FracFocus
Sterling W R 21,42415345940000,Apache Corporation,Scurry,Texas,32.59231,-101.0532,,,,FracFocus
Brahaney Unit 201H,42501359030000,Apache Corporation,Yoakum,Texas,33.15201,-102.87043,,,,FracFocus
University Land 19 2H,42103359820000,Apache Corporation,Crane,Texas,31.485,-102.408,,,,FracFocus
Hartley 38 #7,42173345920000,Apache Corporation,Glasscock,Texas,31.897,-101.51,,,,FracFocus
Armstrong Annie `B` 1,42501333080000,Apache Corporation,Yoakum,Texas,32.96073,-102.75156,,,,FracFocus
Adams 26 15,42173349080000,Apache Corporation,Glasscock,Texas,31.81788,-101.48934,,,,FracFocus
University Land A 37 1H,42103359380000,Apache Corporation,Crane,Texas,31.454,-102.407,,,,FracFocus
Burnett 17 5,42227369370000,Apache Corporation,Howard,Texas,32.374,-101.279,,,,FracFocus
Bennie 4342 #6H,42235349910000,Apache Corporation,Irion,Texas,31.178,-101.172,,,,FracFocus
Clinch 4238 #2H,42235350060000,Apache Corporation,Irion,Texas,31.147,-101.254,,,,FracFocus
SAU 45 #4C,42383377110000,Apache Corporation,Reagan,Texas,31.489,-101.623,,,,FracFocus
SAU 5 #3C,42383377250000,Apache Corporation,Reagan,Texas,31.477,-101.645,,,,FracFocus
SAU 18 #1D,42383377960000,Apache Corporation,Reagan,Texas,31.433,-101.64,,,,FracFocus
CC 3718,42461378650000,Apache Corporation,Upton,Texas,31.542,-102.017,,,,FracFocus
CC 3614,42461378690000,Apache Corporation,Upton,Texas,31.549,-102.026,,,,FracFocus
Roberts Unit 3636,42501306010000,Apache Corporation,Yoakum,Texas,33.01173,-102.8913,,,,FracFocus
University Lands `A` 37 6H,42103359720000,Apache Corporation,Crane,Texas,31.45179,-102.42127,,,,FracFocus
Riley 4713,42173348230000,Apache Corporation,Glasscock,Texas,31.87916,-101.50205,,,,FracFocus
SAU 8 #5C,42383378900000,Apache Corporation,Reagan,Texas,31.46051,-101.63547,,,,FracFocus
Tyler #2-55,42483328450000,Apache Corporation,Wheeler,Texas,35.389678,-100.01618,,,,FracFocus
SAU 43 #5C,42383377090000,Apache Corporation,Reagan,Texas,31.482,-101.656,,,,FracFocus
Betty Jo 39 6,42173348750000,Apache Corporation,Glasscock,Texas,31.8932,-101.5165,,,,FracFocus
SRH 14 #1415,42383376100000,Apache Corporation,Glasscock,Texas,31.463,-101.476,,,,FracFocus
SRH 14 #1413,42383376200000,Apache Corporation,Reagan,Texas,31.473,-101.471,,,,FracFocus
Ramsey 58-15HD,42211350170000,Apache Corporation,Hemphill,Texas,35.79,-100.19,,,,FracFocus
Nix 16 9,42173348670000,Apache Corporation,Glasscock,Texas,31.83994,-101.52731,,,,FracFocus
Spearfish 27 #1,42173338940000,Apache Corporation,Glasscock,Texas,31.942,-101.437,,,,FracFocus
Schwartz #6,42173349100000,Apache Corporation,Glasscock,Texas,31.867,-101.509,,,,FracFocus
Dorado 18 #6,42173348810000,Apache Corporation,Glasscock,Texas,31.821,-101.557,,,,FracFocus
Mcelroy 114 Southeast 2,42461378590000,Apache Corporation,Upton,Texas,31.46987,-102.14484,,,,FracFocus
Books E D 2 12,42173348730000,Apache Corporation,Glasscock,Texas,31.87355,-101.49541,,,,FracFocus
Adams 26 #14,42173349070000,Apache Corporation,Glasscock,Texas,31.81,-101.488,,,,FracFocus
Books E D 2a 14,42173349130000,Apache Corporation,Glasscock,Texas,31.86552,-101.50476,,,,FracFocus
Betty Jo 39 5,42173348320000,Apache Corporation,Glasscock,Texas,31.88763,-101.52504,,,,FracFocus
Byrd #6042HC,42483334190000,Apache Corporation,Wheeler,Texas,35.503368,-100.029274,,,,FracFocus
KMEU 232,42235346830000,Apache Corporation,Irion,Texas,31.302,-101.036,,,,FracFocus
JB Tubb AC 1 Ver2,42103359730000,Apache Corporation,Crane,Texas,31.49,-102.609,,,,FracFocus
SAU 6 #4C,42383377340000,Apache Corporation,Reagan,Texas,31.476,-101.653,,,,FracFocus
GCDU 415,42135391770000,Apache Corporation,Ector,Texas,31.98964,-102.67828,,,,FracFocus
Hardy 18 6,42173349470000,Apache Corporation,Glasscock,Texas,31.84904,-101.46031,,,,FracFocus
SAU 5 #1C,42383377240000,Apache Corporation,Reagan,Texas,31.479,-101.637,,,,FracFocus
Stiles 68 #14-68R,42483325850000,Apache Corporation,Wheeler,Texas,35.434722,-100.0475,,,,FracFocus
Txl South Unit 6207,42135383560000,Apache Corporation,Ector,Texas,31.81572,-102.68143,,,,FracFocus
Hartley 38 15,42173349700000,Apache Corporation,Glasscock,Texas,31.90361,-101.51104,,,,FracFocus
CC 3624,42461378700000,Apache Corporation,Upton,Texas,31.549,-102.018,,,,FracFocus
Ballenger 3002,42173340830000,Apache Corporation,Glasscock,Texas,31.938046,-101.47868,,,,FracFocus
Nix 16 11,42173348690000,Apache Corporation,Glasscock,Texas,31.83575,-101.52911,,,,FracFocus
Hall 18 #3,42227369380000,Apache Corporation,Howard,Texas,32.366,-101.304,,,,FracFocus
Books E D 2 5,42173343760000,Apache Corporation,Glasscock,Texas,31.87131,-101.50661,,,,FracFocus
Cook 21 #16,42173348860000,Apache Corporation,Glasscock,Texas,31.815,-101.515,,,,FracFocus
ED Books 1 #5,42173348980000,Apache Corporation,Glasscock,Texas,31.878,-101.492,,,,FracFocus
Gray 24 9,42173349810000,Apache Corporation,Glasscock,Texas,31.83445,-101.46412,,,,FracFocus
Glass 3 #5,42173348720000,Apache Corporation,Glasscock,Texas,31.868,-101.518,,,,FracFocus
His Blessing 34 #7,42173348440000,Apache Corporation,Glasscock,Texas,31.903,-101.525,,,,FracFocus
Copeland 27 #5,42173348880000,Apache Corporation,Glasscock,Texas,31.919,-101.526,,,,FracFocus
Bivins - LIT - 405,42359303510000,Apache Corporation,Oldham,Texas,35.55465,-102.257733,,,,FracFocus
SRH 14 #1416,42383376110000,Apache Corporation,Reagan,Texas,31.457,-101.474,,,,FracFocus
Riley 4715,42173349790000,Apache Corporation,Glasscock,Texas,31.8798,-101.50945,,,,FracFocus
Ross R L 116 13,42461378830000,Apache Corporation,Upton,Texas,31.45512,-102.16218,,,,FracFocus
SRH 15 #1505,42383376410000,Apache Corporation,Reagan,Texas,31.503,-101.481,,,,FracFocus
Adams 26 13,42173348530000,Apache Corporation,Glasscock,Texas,31.8099,-101.47835,,,,FracFocus
His Blessing 34 #10,42173349830000,Apache Corporation,Glasscock,Texas,31.909,-101.522,,,,FracFocus
TXLSU #3410H,42135413300000,Apache Corporation,Ector,Texas,31.827,-102.721,,,,FracFocus
TXLSU #3407H,42135414740000,Apache Corporation,Ector,Texas,31.827,-102.722,,,,FracFocus
Hardy 18 3,42173349430000,Apache Corporation,Glasscock,Texas,31.84713,-101.46367,,,,FracFocus
Nix 16 12,42173349870000,Apache Corporation,Glasscock,Texas,31.83218,-101.52226,,,,FracFocus
Roberts Unit 3613,42501018450000,Apache Corporation,Yoakum,Texas,33.01344,-102.90144,,,,FracFocus
Xit Unit 99,42079015080000,Apache Corporation,Cochran,Texas,33.50448,-102.78615,,,,FracFocus
Neufeld 924 5H,42357330960000,Apache Corporation,Ochiltree,Texas,36.200213,-100.475673,,,,FracFocus
Roberts Unit 2718,42501320680000,Apache Corporation,Yoakum,Texas,33.02277,-102.88325,,,,FracFocus
Books E D 2 10,42173347260000,Apache Corporation,Glasscock,Texas,31.87673,-101.49845,,,,FracFocus
Dorado 18 #7,42173349040000,Apache Corporation,Glasscock,Texas,31.824,-101.558,,,,FracFocus
Parker J E 6,42135415530000,Apache Corporation,Ector,Texas,31.85097,-102.6933,,,,FracFocus
Goodner 22 3,42173350830000,Apache Corporation,Glasscock,Texas,31.82816,-101.49671,,,,FracFocus
Hogue 1H,42185307810000,Apache Corporation,Grimes,Texas,30.79704,-96.05838,,,,FracFocus
Musgrove 9 4,42227369360000,Apache Corporation,Howard,Texas,32.369,-101.379,,,,FracFocus
Stiles 68 #24-68H,42483334650000,Apache Corporation,Wheeler,Texas,35.430489,-100.042053,,,,FracFocus
Roberts Unit 2726,42501320660000,Apache Corporation,Yoakum,Texas,33.02592,-102.87817,,,,FracFocus
Roberts Unit 2715R,42501359260000,Apache Corporation,Yoakum,Texas,33.03369,-102.88199,,,,FracFocus
Hartley 38 11,42173348020000,Apache Corporation,Glasscock,Texas,31.9015,-101.51173,,,,FracFocus
Roberts Unit 2751,42501359280000,Apache Corporation,Yoakum,Texas,33.03152,-102.87653,,,,FracFocus
Bivins-LIT1155,42359303520000,Apache Corporation,Oldham,Texas,35.543899,-102.233885,,,,FracFocus
Roberts Unit 1715,42501326880000,Apache Corporation,Yoakum,Texas,33.03703,-102.88265,,,,FracFocus
University O 3,42103330170000,Apache Corporation,Crane,Texas,31.47053,-102.42629,,,,FracFocus
Hartley 38 12,42173348410000,Apache Corporation,Glasscock,Texas,31.90178,-101.50784,,,,FracFocus
His Blessing 34 #8,42173349420000,Apache Corporation,Glasscock,Texas,31.916,-101.525,,,,FracFocus
Riley 4716,42173350620000,Apache Corporation,Glasscock,Texas,31.88328,-101.50175,,,,FracFocus
Charles P Dickinson 3H,42357330950000,Apache Corporation,Ochiltree,Texas,36.159033,-100.745383,,,,FracFocus
Walker Farms 14 #9,42173351140000,Apache Corporation,Glasscock,Texas,31.844,-101.495,,,,FracFocus
Stiles 68 SL #22-68H,42483334350000,Apache Corporation,Wheeler,Texas,35.431835,-100.048836,,,,FracFocus
Cook 21 15,42173348870000,Apache Corporation,Glasscock,Texas,31.8208,-101.52542,,,,FracFocus
Stiles 1 12-1H,42483334840000,Apache Corporation,Wheeler,Texas,35.42897,-100.088844,,,,FracFocus
Roberts Unit 3707,42501355260000,Apache Corporation,Yoakum,Texas,33.01147,-102.88372,,,,FracFocus
I A B Northeast Unit 3202,42081320220000,Apache Corporation,Coke,Texas,32.00855,-100.5223,,,,FracFocus
University 25A-3,42103360050000,Apache Corporation,Crane,Texas,31.478,-102.429,,,,FracFocus
His Blessing 34 #9,42173349820000,Apache Corporation,Glasscock,Texas,31.915,-101.529,,,,FracFocus
Spencer North 7 2,42173349110000,Apache Corporation,Glasscock,Texas,31.84724,-101.55504,,,,FracFocus
ED Books 35 #3,42173351150000,Apache Corporation,Glasscock,Texas,31.805,-101.482,,,,FracFocus
Three Bar Shallow Unit 101H,42003441040000,Apache Corporation,Andrews,Texas,32.142,-102.823,,,,FracFocus
TXLNU #1026H,42135416710000,Apache Corporation,Ector,Texas,31.879,-102.732,,,,FracFocus
West Levelland Unit 328,42219353970000,Apache Corporation,Hockley,Texas,33.60078,-102.57694,,,,FracFocus
Jester 16-2,42227369780000,Apache Corporation,Howard,Texas,32.347,-101.359,,,,FracFocus
Clinch 4238 #5H,42235350070000,Apache Corporation,Irion,Texas,31.147,-101.264,,,,FracFocus
Pegasus Field Unit 3 1727,42461380040000,Apache Corporation,Upton,Texas,31.64572,-102.16312,,,,FracFocus
Adams 26 16,42173350190000,Apache Corporation,Glasscock,Texas,31.8101,-101.48056,,,,FracFocus
Schwartz 36 #11,42173351050000,Apache Corporation,Glasscock,Texas,31.92,-101.492,,,,FracFocus
Begert 10HB,42211350300000,Apache Corporation,Hemphill,Texas,35.707706,-100.05172,,,,FracFocus
Bartz 19 18-19H,42483334510000,Apache Corporation,Wheeler,Texas,35.472836,-100.034676,,,,FracFocus
Dorado 18 #8,42173349770000,Apache Corporation,Glasscock,Texas,31.829,-101.563,,,,FracFocus
Adams 26 17,42173350330000,Apache Corporation,Glasscock,Texas,31.81147,-101.48089,,,,FracFocus
Mekeel 303-2H,42357331050000,Apache Corporation,Ochiltree,Texas,36.129964,-100.694464,,,,FracFocus
Riley 4714,42173349060000,Apache Corporation,Glasscock,Texas,31.88811,-101.49717,,,,FracFocus
Andersen 26 #10,42173351120000,Apache Corporation,Glasscock,Texas,31.922,-101.514,,,,FracFocus
Leland Mekeel 226-3H,42357331240000,Apache Corporation,Ochiltree,Texas,36.129925,-100.693956,,,,FracFocus
Cook 21 #14,42173346020000,Apache Corporation,Glasscock,Texas,31.817,-101.525,,,,FracFocus
Riley 4717,42173351270000,Apache Corporation,Glasscock,Texas,31.88319,-101.51023,,,,FracFocus
SAU 28 #1C,42383377260000,Apache Corporation,Reagan,Texas,31.53,-101.644,,,,FracFocus
Seth Campbell #66,42495334210000,Apache Corporation,Winkler,Texas,31.874464,-103.0563,,,,FracFocus
Roberts Unit 3225,42501311850000,Apache Corporation,Yoakum,Texas,33.01948,-102.96627,,,,FracFocus
Nix 16 14,42173350770000,Apache Corporation,Glasscock,Texas,31.83151,-101.51486,,,,FracFocus
SAU 4 #1C,42383377720000,Apache Corporation,Reagan,Texas,31.483,-101.621,,,,FracFocus
"Smith, A.C. 6H",42483334920000,Apache Corporation,Wheeler,Texas,35.51303,-100.00754,,,,FracFocus
Will P. Edwards A #5,42135417620000,Apache Corporation,Ector,Texas,31.859536,-102.79118,,,,FracFocus
Ratliff 24 3,42173349400000,Apache Corporation,Glasscock,Texas,31.93953,-101.50155,,,,FracFocus
Urban Jones #122-3,42357325380000,Apache Corporation,Ochiltree,Texas,36.102428,-100.92569,,,,FracFocus
Weber 13,42461381420000,Apache Corporation,Upton,Texas,31.514,-102.027,,,,FracFocus
Goodner 22 9,42173350800000,Apache Corporation,Glasscock,Texas,31.82845,-101.49586,,,,FracFocus
Andersen 26 #8,42173349360000,Apache Corporation,Glasscock,Texas,31.932,-101.525,,,,FracFocus
His Blessing 35 #13,42173350310000,Apache Corporation,Glasscock,Texas,31.914,-101.512,,,,FracFocus
Books E D 35 5,42173351280000,Apache Corporation,Glasscock,Texas,31.80381,-101.47939,,,,FracFocus
Mcelroy Ranch E 8132SE,42461381260000,Apache Corporation,Upton,Texas,31.4639,-102.17769,,,,FracFocus
University O #4,42103331660000,Apache Corporation,Crane,Texas,31.46101,-102.4188,,,,FracFocus
Bartz 19 19-19H,42483334590000,Apache Corporation,Wheeler,Texas,35.459595,-100.029381,,,,FracFocus
Hartley 38 14,42173349690000,Apache Corporation,Glasscock,Texas,31.89748,-101.51023,,,,FracFocus
Dorado 18 #10,42173352160000,Apache Corporation,Glasscock,Texas,31.815518,-101.568111,,,,FracFocus
Hall 18 4,42227370840000,Apache Corporation,Howard,Texas,32.36859,-101.30652,,,,FracFocus
Adams 26 #18,42173351460000,Apache Corporation,Glasscock,Texas,31.814527,-101.480584,,,,FracFocus
Books E D 13 9,42173349440000,Apache Corporation,Glasscock,Texas,31.84924,-101.46874,,,,FracFocus
Barracuda 45 #2H,42173349660000,Apache Corporation,Glasscock,Texas,31.892,-101.441,,,,FracFocus
Huff 9-10HB,42211350200000,Apache Corporation,Hemphill,Texas,35.69276,-100.176682,,,,FracFocus
Seth Campbell #67,42495334250000,Apache Corporation,Winkler,Texas,31.874,-103.06,,,,FracFocus
Cook 21 10,42173349340000,Apache Corporation,Glasscock,Texas,31.81918,-101.51341,,,,FracFocus
Ed Books 11 #13H,42173349670000,Apache Corporation,Glasscock,Texas,31.861,-101.503,,,,FracFocus
SAU 18 #4C,42383377210000,Apache Corporation,Reagan,Texas,31.432471,-101.636264,,,,FracFocus
SAU 5 #4C,42383378030000,Apache Corporation,Reagan,Texas,31.472083,-101.635122,,,,FracFocus
Mcelroy North Unit 4659BH,42103359760000,Apache Corporation,Crane,Texas,31.43936,-102.34179,,,,FracFocus
Goodner 22 8,42173350790000,Apache Corporation,Glasscock,Texas,31.82887,-101.49885,,,,FracFocus
Chaney 43 #1,42461380940000,Apache Corporation,Upton,Texas,31.535217,-102.000014,,,,FracFocus
Alexander 6HB,42211350260000,Apache Corporation,Hemphill,Texas,35.692734,-100.140846,,,,FracFocus
Cleveland 2HD,42211350390000,Apache Corporation,Hemphill,Texas,36.042194,-100.350111,,,,FracFocus
Seth Campbell #68,42495334240000,Apache Corporation,Winkler,Texas,31.872528,-103.06419,,,,FracFocus
His Blessing 35-12,42173349840000,Apache Corporation,Glasscock,Texas,31.919,-101.514,,,,FracFocus
Dixieland 20 1,42173351620000,Apache Corporation,Glasscock,Texas,31.73056,-101.41068,,,,FracFocus
Three Bar Shallow Unit 105H,42003442240000,Apache Corporation,Andrews,Texas,32.144,-102.819,,,,FracFocus
Schwartz #7,42173351470000,Apache Corporation,Glasscock,Texas,31.535217,-102.000014,,,,FracFocus
Clinch 4238 #4H,42235350090000,Apache Corporation,Irion,Texas,31.084999,-101.15335,,,,FracFocus
Clinch 4238 #6H,42235350110000,Apache Corporation,Irion,Texas,31.147,-101.264,,,,FracFocus
Walker Farms 14 10,42173351950000,Apache Corporation,Glasscock,Texas,31.84336,-101.49842,,,,FracFocus
TXL North Unit 1027H,42135416720000,Apache Corporation,Ector,Texas,31.879,-102.727,,,,FracFocus
Dorado 18 9,42173351250000,Apache Corporation,Glasscock,Texas,31.82177,-101.55262,,,,FracFocus
Moore 62 7H,42483334870000,Apache Corporation,Wheeler,Texas,35.415958,-100.015793,,,,FracFocus
Betty Jo 39 #3,42173341740000,Apache Corporation,Glasscock,Texas,31.891,-101.53,,,,FracFocus
Lynda 2802,42173351530000,Apache Corporation,Glasscock,Texas,31.9349,-101.45557,,,,FracFocus
Reed 5 1,42227368890000,Apache Corporation,Howard,Texas,32.401,-101.301,,,,FracFocus
Stiles 18 SL 16-18H,42483334150000,Apache Corporation,Wheeler,Texas,35.415958,-100.015793,,,,FracFocus
Gibson 7 9,42173351700000,Apache Corporation,Glasscock,Texas,31.8693,-101.46181,,,,FracFocus
Mcelroy Ranch 127 Northeast 4,42461381100000,Apache Corporation,Upton,Texas,31.39991,-102.16149,,,,FracFocus
Pyle 404HA,42483333910000,Apache Corporation,Wheeler,Texas,35.489194,-100.19875,,,,FracFocus
Anderson 26 #5,42173345640000,Apache Corporation,Glasscock,Texas,31.927,-101.524,,,,FracFocus
Walker Glass 3,42173345810000,Apache Corporation,Glasscock,Texas,31.83639,-101.49637,,,,FracFocus
Roberts Unit 4301,42501311460000,Apache Corporation,Yoakum,Texas,33.00475,-102.95575,,,,FracFocus
University 38 #2,42103330260000,Apache Corporation,Crane,Texas,31.44845,-102.42352,,,,FracFocus
Seth Campbell #69,42495334350000,Apache Corporation,Winkler,Texas,31.881,-103.513,,,,FracFocus
Roberts Unit 3637,42501320750000,Apache Corporation,Yoakum,Texas,33.0193,-102.89147,,,,FracFocus
Roberts Unit 2752,42501359290000,Apache Corporation,Yoakum,Texas,33.03323,-102.88193,,,,FracFocus
Glass 15 6,42173348490000,Apache Corporation,Glasscock,Texas,31.83246,-101.50861,,,,FracFocus
Betty Job 39 #8,42173351030000,Apache Corporation,Glasscock,Texas,31.89,-101.517,,,,FracFocus
Stiles 18 SL 14-18H,42483334130000,Apache Corporation,Wheeler,Texas,35.458142,-100.04925,,,,FracFocus
W. A. COONS #46,42219316440000,Apache Corporation,Terry,Texas,33.38831,-102.4582,,,,FracFocus
Leland Mekeel 214-4H,42357331400000,Apache Corporation,Ochiltree,Texas,36.060285,-100.403224,,,,FracFocus
Stiles 3 22-3H,42483335000000,Apache Corporation,Wheeler,Texas,35.445123,-100.043042,,,,FracFocus
Huitt 25 8,42173349410000,Apache Corporation,Glasscock,Texas,31.92833,-101.50681,,,,FracFocus
Glass 3 #6,42173350300000,Apache Corporation,Glasscock,Texas,31.535217,-102.000014,,,,FracFocus
Jane Read 20 #1,42227371020000,Apache Corporation,Howard,Texas,32.357625,-101.28309,,,,FracFocus
State of Texas DL #8 WC,42475360020000,Apache Corporation,Ward,Texas,31.575,-103.223,,,,FracFocus
Mcelroy North Unit 4548BH,42103359750000,Apache Corporation,Crane,Texas,31.44273,-102.34944,,,,FracFocus
Hester 39 3,42173346860000,Apache Corporation,Glasscock,Texas,31.89659,-101.52855,,,,FracFocus
His Blessing 35 #14,42173351580000,Apache Corporation,Glasscock,Texas,31.535217,-102.000014,,,,FracFocus
Boys Ranch 116 - 4,42359303540000,Apache Corporation,Oldham,Texas,35.5475,-102.242455,,,,FracFocus
JB Terrell #7,42151012610000,Apache Corporation,Fisher,Texas,32.86067,-100.29782,,,,FracFocus
Keathley 46 #13,42173351560000,Apache Corporation,Glasscock,Texas,31.886923,-101.51981,,,,FracFocus
Riley 4718,42173352030000,Apache Corporation,Glasscock,Texas,31.88484,-101.49649,,,,FracFocus
Stiles 1 13-1H,42483335040000,Apache Corporation,Wheeler,Texas,35.443764,-100.077698,,,,FracFocus
Jeffs #3,42383378940000,Apache Corporation,Glasscock,Texas,31.535217,-102.000014,,,,FracFocus
Gibson 7 10,42173349140000,Apache Corporation,Glasscock,Texas,31.86465,-101.46011,,,,FracFocus
Mcelroy Ranch Company 111 2SE,42461381250000,Apache Corporation,Upton,Texas,31.43119,-102.13175,,,,FracFocus
Roberts Unit 3670,42501357910000,Apache Corporation,Yoakum,Texas,33.01493,-102.89234,,,,FracFocus
His Blessing 34 2,42173340710000,Apache Corporation,Glasscock,Texas,31.91043,-101.52718,,,,FracFocus
Roberts Unit 3635,42501306020000,Apache Corporation,Yoakum,Texas,33.0157,-102.89193,,,,FracFocus
Round Top (Palo Pinto) Unit 192,42151323670000,Apache Corporation,Fisher,Texas,32.86127,-100.28494,,,,FracFocus
Glass 15 7,42173351510000,Apache Corporation,Glasscock,Texas,31.83541,-101.50478,,,,FracFocus
Hartley 38 16,42173351940000,Apache Corporation,Glasscock,Texas,31.90205,-101.50942,,,,FracFocus
Burns 27 #5,42173352250000,Apache Corporation,Glasscock,Texas,31.912469,-101.53733,,,,FracFocus
N. McElroy Unit #4149 BH,42103359810000,Apache Corporation,Crane,Texas,31.444093,-102.397451,,,,FracFocus
Books E D 2a 13,42173349120000,Apache Corporation,Glasscock,Texas,31.86845,-101.49957,,,,FracFocus
Miller 4 2,42227369470000,Apache Corporation,Howard,Texas,32.37285,-101.37694,,,,FracFocus
Betty Jo 39 #7,42173351020000,Apache Corporation,Glasscock,Texas,31.894895,-101.51795,,,,FracFocus
Bennie 4342 5H,42235349900000,Apache Corporation,Irion,Texas,31.103958,-101.10123,,,,FracFocus
STILES 4 #18-4H,42483335260000,Apache Corporation,Wheeler,Texas,35.44521,-100.075798,,,,FracFocus
University O 25 #7,42103360060000,Apache Corporation,Crane,Texas,31.478,-102.419,,,,FracFocus
Gruhlkey 100 1HD,42211350650000,Apache Corporation,Hemphill,Texas,35.823417,-100.042167,,,,FracFocus
University 35 #1,42103327460000,Apache Corporation,Crane,Texas,31.5447,-102.42987,,,,FracFocus
Riley 4806,42173345990000,Apache Corporation,Glasscock,Texas,31.8909,-101.48571,,,,FracFocus
Gibson 7B #11,42173351710000,Apache Corporation,Glasscock,Texas,31.85844,-101.45807,,,,FracFocus
ED Books 35 7,42173351930000,Apache Corporation,Glasscock,Texas,31.800534,-101.48523,,,,FracFocus
His Blessing 35 16,42173352350000,Apache Corporation,Glasscock,Texas,31.91602,-101.51145,,,,FracFocus
Gracie Vail 77-1H,42211350740000,Apache Corporation,Hemphill,Texas,35.82214,-100.149078,,,,FracFocus
Betty Jo 39 #9,42173352130000,Apache Corporation,Glasscock,Texas,31.892901,-101.52172,,,,FracFocus
Crabcooker 20 2,42173352410000,Apache Corporation,Glasscock,Texas,31.93282,-101.57937,,,,FracFocus
Daniels E138 3H,42357331540000,Apache Corporation,Ochiltree,Texas,36.127759,-101.003625,,,,FracFocus
Connell Cowden 48-8,42461367470000,Apache Corporation,Reagan,Texas,31.520405,-102.00203,,,,FracFocus
N. McElroy Unit #3317 AH,42103359680000,Apache Corporation,Crane,Texas,31.479645,-102.391841,,,,FracFocus
Txl South Unit 5609H,42135417170000,Apache Corporation,Ector,Texas,31.81824,-102.69968,,,,FracFocus
Bell 22 1,42173349150000,Apache Corporation,Glasscock,Texas,31.82055,-101.5093,,,,FracFocus
Cathey 2 3,42227371150000,Apache Corporation,Howard,Texas,32.39036,-101.35008,,,,FracFocus
Wheat 678-4H,42295338180000,Apache Corporation,Lipscomb,Texas,36.260542,-100.475828,,,,FracFocus
Clinch 4238 #3H,42325350080000,Apache Corporation,Irion,Texas,31.850018,-101.152824,,,,FracFocus
Goodner 22 6,42173351520000,Apache Corporation,Glasscock,Texas,31.82619,-101.50186,,,,FracFocus
Riley 48 #12,42173351920000,Apache Corporation,Glasscock,Texas,31.884382,-101.4899,,,,FracFocus
Txl South Unit 5608H,42135417160000,Apache Corporation,Ector,Texas,31.81921,-102.69962,,,,FracFocus
Books E D 2 11,42173349160000,Apache Corporation,Glasscock,Texas,31.87409,-101.49705,,,,FracFocus
Hester 39 4,42173352740000,Apache Corporation,Glasscock,Texas,31.896179,-101.52405,,,,FracFocus
Bivins-LIT 2211,42359303570000,Apache Corporation,Oldham,Texas,35.612284,-102.259928,,,,FracFocus
Sugg 4948 7H,42235350640000,Apache Corporation,Irion,Texas,31.25384,-101.11092,,,,FracFocus
Hardy 18 7,42173352290000,Apache Corporation,Glasscock,Texas,31.8528,-101.46624,,,,FracFocus
Wahoo 20 #4,42173352640000,Apache Corporation,Glasscock,Texas,31.814294,-101.5313,,,,FracFocus
Alexander 33 7HA,42211350730000,Apache Corporation,Hemphill,Texas,35.72,-100.15,,,,FracFocus
McElroy 115 #5 SE,42461382060000,Apache Corporation,Upton,Texas,31.469864,-102.16762,,,,FracFocus
Weaver 23 #15,42173352360000,Apache Corporation,Glasscock,Texas,31.829937,-101.49448,,,,FracFocus
Roberts Unit 4517,42501305850000,Apache Corporation,Yoakum,Texas,32.99675,-102.91743,,,,FracFocus
Roberts Unit 3626,42501359150000,Apache Corporation,Yoakum,Texas,33.012,-102.896,,,,FracFocus
ED Book 35 #6,42173351290000,Apache Corporation,Glasscock,Texas,31.794284,-101.47779,,,,FracFocus
Marlin 47 #2H,42173351380000,Apache Corporation,Glasscock,Texas,32.023163,-101.45018,,,,FracFocus
Adair San Andres Unit 1005,42445322200000,Apache Corporation,Terry,Texas,32.96066,-102.28264,,,,FracFocus
North McElroy Unit 3301 BH,42103359660000,Apache Corporation,Crane,Texas,31.474537,-102.37569,,,,FracFocus
Gibson 7C #12,42173352280000,Apache Corporation,Glasscock,Texas,31.860794,-101.46453,,,,FracFocus
Walker Farms 14 11,42173352820000,Apache Corporation,Glasscock,Texas,31.84964,-101.48491,,,,FracFocus
University 35 A #2,42103329820000,Apache Corporation,Crane,Texas,31.4519,-102.4247,,,,FracFocus
Round Top (Palo Pinto) Unit 194,42151323820000,Apache Corporation,Fisher,Texas,32.86732,-100.2937,,,,FracFocus
Lockhart 10-2HD,42211350800000,Apache Corporation,Hemphill,Texas,36.041389,-100.169686,,,,FracFocus
His Blessing 35 #15,42173351600000,Apache Corporation,Glasscock,Texas,31.911496,-101.51946,,,,FracFocus
Goodner 22 10,42173352330000,Apache Corporation,Glasscock,Texas,31.82771,-101.50701,,,,FracFocus
Thames C T 1,42165340020000,Apache Corporation,Gaines,Texas,32.95608,-102.75385,,,,FracFocus
East Mallet Unit 148,42219357940000,Apache Corporation,Hockley,Texas,33.48079,-102.53792,,,,FracFocus
Colt 45 1,42173351160000,Apache Corporation,Glasscock,Texas,31.87014,-101.54044,,,,FracFocus
Cathey 6 3,42227371100000,Apache Corporation,Howard,Texas,32.41445,-101.21288,,,,FracFocus
Bennie 4342 #3H,42235349880000,Apache Corporation,Irion,Texas,31.178,-101.166,,,,FracFocus
Jeffs #4,42383378950000,Apache Corporation,Reagan,Texas,31.478482,-101.607645,,,,FracFocus
Red Snapper-Neal 1503,42173353320000,Apache Corporation,Glasscock,Texas,31.97471,-101.44337,,,,FracFocus
Bivins-LIT 1154,42359303580000,Apache Corporation,Oldham,Texas,35.55115,-102.238396,,,,FracFocus
R.L. Ross 116 #14,42461382000000,Apache Corporation,Upton,Texas,31.453184,-102.165783,,,,FracFocus
Stiles  17-14-17H,42483335080000,Apache Corporation,Wheeler,Texas,35.473598,-100.072266,,,,FracFocus
SAU 12-1C,42383378160000,Apache Corporation,Reagan,Texas,31.456,-101.667,,,,FracFocus
University 36 B #1,42103360520000,Apache Corporation,Crane,Texas,31.455,-102.407,,,,FracFocus
Riley 4813,42173352620000,Apache Corporation,Glasscock,Texas,31.88194,-101.48433,,,,FracFocus
Anderson 26 #11,42173353170000,Apache Corporation,Glasscock,Texas,31.925,-101.515,,,,FracFocus
SAU 11-1A,42383378170000,Apache Corporation,Reagan,Texas,31.448,-101.683,,,,FracFocus
Keathley 46 #14,42173351880000,Apache Corporation,Glasscock,Texas,31.882,-101.521,,,,FracFocus
Shackelton 31 1,42173352200000,Apache Corporation,Glasscock,Texas,31.8797,-101.67341,,,,FracFocus
Stiles 24 12-24H,42483335070000,Apache Corporation,Wheeler,Texas,35.474,-100.072,,,,FracFocus
Weaver 23 16,42173352660000,Apache Corporation,Glasscock,Texas,31.8249,-101.48938,,,,FracFocus
Sugg 2829 M1H,42235350790000,Apache Corporation,Irion,Texas,31.257,-101.075,,,,FracFocus
Ross 40 #5,42461381370000,Apache Corporation,Upton,Texas,31.519,-102.069,,,,FracFocus
State of TX DC #9 WC,42475361840000,Apache Corporation,Ward,Texas,31.573,-103.219,,,,FracFocus
University M #1H,42103360370000,Apache Corporation,Crane,Texas,31.445,-102.374,,,,FracFocus
Musgrove 9-5,42227370850000,Apache Corporation,Howard,Texas,32.361,-101.363,,,,FracFocus
Schwartz 36 #12,42173352790000,Apache Corporation,Glasscock,Texas,31.922,-101.497,,,,FracFocus
Glass 15 8,42173353310000,Apache Corporation,Glasscock,Texas,31.84043,-101.50031,,,,FracFocus
Neal 38 #5,42461381380000,Apache Corporation,Upton,Texas,31.529,-102.032,,,,FracFocus
Three Bar Shallow Unit 102H,42003443630000,Apache Corporation,Andrews,Texas,32.15755,-102.79397,,,,FracFocus
Roberts Unit 3761,42501357490000,Apache Corporation,Yoakum,Texas,33.0109,-102.88192,,,,FracFocus
Marlin 47 #1,42173351550000,Apache Corporation,Glasscock,Texas,32.021,-101.436,,,,FracFocus
Bell 22 8,42173352720000,Apache Corporation,Glasscock,Texas,31.8217,-101.49931,,,,FracFocus
ED Books 17 #9,42173353210000,Apache Corporation,Glasscock,Texas,31.831,-101.534,,,,FracFocus
Alexander 48-8HA,42211350930000,Apache Corporation,Hemphill,Texas,35.749638,-100.146057,,,,FracFocus
McElroy Ranch CO 130 #25,42461382690000,Apache Corporation,Upton,Texas,31.44,-102.181,,,,FracFocus
Stiles 68 25-68H,42483335060000,Apache Corporation,Wheeler,Texas,35.431644,-100.056526,,,,FracFocus
Copeland 27 #9,42273351590000,Apache Corporation,Glasscock,Texas,31.925,-101.53,,,,FracFocus
Stiles 1-14-1H,42483335600000,Apache Corporation,Wheeler,Texas,35.429939,-100.084984,,,,FracFocus
Lp Howerton 1,42219013260000,Apache Corporation,Hockley,Texas,33.60595,-102.57928,,,,FracFocus
SAU 11-2B,42383378490000,Apache Corporation,Reagan,Texas,31.455,-101.685,,,,FracFocus
Spencer North 7 4,42173352670000,Apache Corporation,Glasscock,Texas,31.84555,-101.56091,,,,FracFocus
Bell 22 #7,42173352700000,Apache Corporation,Glasscock,Texas,31.818,-101.504,,,,FracFocus
SAU 12-3B,42383378640000,Apache Corporation,Reagan,Texas,31.457,-101.673,,,,FracFocus
"Gaston Bernice ES ""D"" 411-2H",42295339060000,Apache Corporation,Lipscomb,Texas,36.10242,-100.314922,,,,FracFocus
SAU 6H-1 #3A,42383378820000,Apache Corporation,Reagan,Texas,31.433,-101.677,,,,FracFocus
Stiles 68 26-68H,42483335190000,Apache Corporation,Wheeler,Texas,35.431664,-100.054062,,,,FracFocus
Shook R B `A` 5,42501355420000,Apache Corporation,Yoakum,Texas,33.19255,-102.92461,,,,FracFocus
Freewilly 41 1,42173352040000,Apache Corporation,Glasscock,Texas,31.88212,-101.55313,,,,FracFocus
Roberts Unit 3759,42501357510000,Apache Corporation,Yoakum,Texas,33.01625,-102.87596,,,,FracFocus
Bennie 4342 9H,42235351580000,Apache Corporation,Irion,Texas,31.178,-101.164,,,,FracFocus
Stiles 68 27-68H,42483335540000,Apache Corporation,Wheeler,Texas,35.431877,-100.046677,,,,FracFocus
Glass 3 #7,42173352270000,Apache Corporation,Glasscock,Texas,31.868,-101.522,,,,FracFocus
Glass 15 #9,42179353330000,Apache Corporation,Glasscock,Texas,31.846,-101.502,,,,FracFocus
Gibson 7 Unit 1A,42173345720000,Apache Corporation,Glasscock,Texas,31.86247,-101.46877,,,,FracFocus
Ross 40 #7,42461381390000,Apache Corporation,Upton,Texas,31.525,-102.066,,,,FracFocus
Smith 113 SE #2,42461382680000,Apache Corporation,Upton,Texas,31.456,-102.144,,,,FracFocus
Schwartz 36 #6,42173345110000,Apache Corporation,Glasscock,Texas,31.915,-101.494,,,,FracFocus
Hardy 18 8,42173352300000,Apache Corporation,Glasscock,Texas,31.85282,-101.46116,,,,FracFocus
Weber #8,42461369480000,Apache Corporation,Upton,Texas,31.525,-102.031,,,,FracFocus
Hoover 215 #3H,42357331530000,Apache Corporation,Ochiltree,Texas,36.099484,-100.694406,,,,FracFocus
Stiles 68 23-68H,42483334480000,Apache Corporation,Wheeler,Texas,35.431835,-100.048164,,,,FracFocus
Txl South Unit 4715HL,42135418560000,Apache Corporation,Ector,Texas,31.81536,-102.72719,,,,FracFocus
Adams 138 #3H,42357331490000,Apache Corporation,Ochiltree,Texas,36.099484,-100.694322,,,,FracFocus
Mack 6 Carter 43 #2H,42173351370000,Apache Corporation,Glasscock,Texas,31.989,-101.509,,,,FracFocus
University Lands 36 #3H,42103360530000,Apache Corporation,Crane,Texas,31.453,-102.412,,,,FracFocus
Huff 9-11HD,42211350980000,Apache Corporation,Hemphill,Texas,35.692612,-100.166779,,,,FracFocus
Bluebonnet 18 #1,42371389530000,Apache Corporation,Pecos,Texas,31.027,-103.261,,,,FracFocus
SAU 2 #1C,42383378390000,Apache Corporation,Reagan,Texas,31.429,-101.657,,,,FracFocus
SAU 12 #2A,42383378550000,Apache Corporation,Reagan,Texas,31.449,-101.674,,,,FracFocus
University Waddell 323,42103339350000,Apache Corporation,Crane,Texas,31.52754,-102.44608,,,,FracFocus
Txl South Unit 4713HU,42135418530000,Apache Corporation,Ector,Texas,31.81506,-102.72557,,,,FracFocus
Madison 32 #1,42173352050000,Apache Corporation,Glasscock,Texas,31.897,-101.554,,,,FracFocus
SAU 20-1C,42383379870000,Apache Corporation,Reagan,Texas,31.54,-101.665,,,,FracFocus
3 Bar Shallow Unit 103H,42003442270000,Apache Corporation,Andrews,Texas,32.144,-102.824,,,,FracFocus
Anderson 26 #9,42173349760000,Apache Corporation,Glasscock,Texas,31.92,-101.518,,,,FracFocus
Alexandra 47-2,42483335780000,Apache Corporation,Wheeler,Texas,35.358559,-100.118797,,,,FracFocus
Betty Jo 39 #4,42173352440000,Apache Corporation,Glasscock,Texas,31.892,-101.527,,,,FracFocus
Round Top (Palo Pinto) Unit 176,42151319880000,Apache Corporation,Fisher,Texas,32.86517,-100.2707,,,,FracFocus
Roberts Unit 3758,42501357520000,Apache Corporation,Yoakum,Texas,33.01411,-102.88041,,,,FracFocus
Round Top (Palo Pinto) Unit 193,42151323680000,Apache Corporation,Fisher,Texas,32.86106,-100.29544,,,,FracFocus
Hardy 18 #9,42173352730000,Apache Corporation,Glasscock,Texas,31.855,-101.458,,,,FracFocus
Ballenger 3203,42173353670000,Apache Corporation,Glasscock,Texas,31.92625,-101.46697,,,,FracFocus
Weber #9,42461381790000,Apache Corporation,Upton,Texas,31.528,-102.023,,,,FracFocus
Roberts Unit 5436,42501305710000,Apache Corporation,Yoakum,Texas,32.98666,-102.92639,,,,FracFocus
Stewart 1-2,42227371080000,Apache Corporation,Howard,Texas,32.369,-101.323,,,,FracFocus
Neal 38 #6,42461381730000,Apache Corporation,Upton,Texas,31.528,-102.053,,,,FracFocus
Stiles 3SL-20-3H,42483334330000,Apache Corporation,Wheeler,Texas,35.442616,-100.050064,,,,FracFocus
Stiles 3SL-21-3H,42483334490000,Apache Corporation,Wheeler,Texas,35.442617,-100.050022,,,,FracFocus
G.D. Hogg #2L,42495055930000,Apache Corporation,Winkler,Texas,31.7337,-102.9476,,,,FracFocus
Burns 27 6,42173353120000,Apache Corporation,Glasscock,Texas,31.813,-101.496,,,,FracFocus
East Mallet Unit 140,42219356870000,Apache Corporation,Hockley,Texas,33.47911,-102.52732,,,,FracFocus
Smith 4 1,42227371870000,Apache Corporation,Howard,Texas,32.49371,-101.41762,,,,FracFocus
SAU 44-2C,42383378440000,Apache Corporation,Reagan,Texas,31.486,-101.639,,,,FracFocus
Betty Jo 39 #2,42173352110000,Apache Corporation,Glasscock,Texas,31.889,-101.521,,,,FracFocus
Huff 32-6HA,42211350890000,Apache Corporation,Hemphill,Texas,35.720554,-100.164032,,,,FracFocus
Roberts Unit 3754,42501357890000,Apache Corporation,Yoakum,Texas,33.01797,-102.876,,,,FracFocus
E.D.B 10 #9,42173353130000,Apache Corporation,Glasscock,Texas,31.852,-101.505,,,,FracFocus
Keathley 46 #15,42173352310000,Apache Corporation,Glasscock,Texas,31.879,-101.526,,,,FracFocus
Malcolm 643 #1H,42295338920000,Apache Corporation,Lipscomb,Texas,36.259031,-100.475833,,,,FracFocus
Bennie 4342 #4H,42235349890000,Apache Corporation,Irion,Texas,31.177694,-101.16572,,,,FracFocus
E.D. Books 13 #11,42173353250000,Apache Corporation,Glasscock,Texas,31.849,-101.479,,,,FracFocus
Barracuda  45 #7,42173360720000,Apache Corporation,Glasscock,Texas,31.89331,-101.4397,,,,FracFocus
Ratliff 24 #2,42173346110000,Apache Corporation,Glasscock,Texas,31.937,-101.511,,,,FracFocus
Patsy 9-3HA,42211351140000,Apache Corporation,Hemphill,Texas,35.723473,-100.163864,,,,FracFocus
Bartz 19 SL #17-19H,42483334610000,Apache Corporation,Wheeler,Texas,35.46022,-100.025551,,,,FracFocus
Marie #1-189,42393315360000,Apache Corporation,Roberts,Texas,35.996839,-100.684251,,,,FracFocus
Books E D 1 `B` Unit 11,42173353240000,Apache Corporation,Glasscock,Texas,31.87718,-101.4796,,,,FracFocus
RS Windham 101 #5,42461382700000,Apache Corporation,Upton,Texas,31.427,-102.151,,,,FracFocus
Roberts Unit 3757,42501357880000,Apache Corporation,Yoakum,Texas,33.01644,-102.88541,,,,FracFocus
Francys-Neal 2203,42173353490000,Apache Corporation,Glasscock,Texas,31.959,-101.441,,,,FracFocus
Reed 1-2A,42483310250000,Apache Corporation,Wheeler,Texas,35.5571,-100.0262,,,,FracFocus
Beasley 1038,42483326100000,Apache Corporation,Wheeler,Texas,35.50013,-100.2344,,,,FracFocus
Squire 4002H,42173352830000,Apache Corporation,Glasscock,Texas,31.996,-101.476,,,,FracFocus
Walker Farms 14 12,42173353080000,Apache Corporation,Glasscock,Texas,31.84573,-101.49177,,,,FracFocus
Sugg 4948 C 7H,42235351180000,Apache Corporation,Irion,Texas,31.254,-101.098,,,,FracFocus
Stiles 16 13-16H,42483335630000,Apache Corporation,Wheeler,Texas,35.459133,-100.07711,,,,FracFocus
Betty Jo 39 #10,42173353070000,Apache Corporation,Glasscock,Texas,31.888,-101.529,,,,FracFocus
Griffin 23 1,42227372010000,Apache Corporation,Howard,Texas,32.46695,-101.33229,,,,FracFocus
Nichols 2208,42173353040000,Apache Corporation,Glasscock,Texas,31.936,-101.532,,,,FracFocus
Glass 15 #10,42173354730000,Apache Corporation,Glasscock,Texas,31.836,-101.509,,,,FracFocus
Three Bar Shallow Unit 107HR,42003448730000,Apache Corporation,Andrews,Texas,32.146,-102.82,,,,FracFocus
Sealy Smith A85H,42495334360000,Apache Corporation,Ward,Texas,31.726,-102.918,,,,FracFocus
ED Books 2A #15,42173352800000,Apache Corporation,Glasscock,Texas,31.869,-101.502,,,,FracFocus
Dorado 18 13,42173353870000,Apache Corporation,Glasscock,Texas,31.83286,-101.55127,,,,FracFocus
Ed Books 13 10H,42173350870000,Apache Corporation,Glasscock,Texas,31.841,-101.466,,,,FracFocus
SRH 17 #1713,42383371590000,Apache Corporation,Reagan,Texas,31.437,-101.449,,,,FracFocus
University Lands A 37 #4H,42103360790000,Apache Corporation,Crane,Texas,31.454,-102.416,,,,FracFocus
Keathley 46 #16,42173353600000,Apache Corporation,Glasscock,Texas,31.877,-101.519,,,,FracFocus
Riley 3711,42173354180000,Apache Corporation,Glasscock,Texas,31.90279,-101.48488,,,,FracFocus
Txl South Unit 4714HU,42135418550000,Apache Corporation,Ector,Texas,31.81397,-102.72693,,,,FracFocus
Alexander 66 1HC,42211351110000,Apache Corporation,Hemphill,Texas,36.023575,-100.331631,,,,FracFocus
Boys Ranch 116-3,42359303620000,Apache Corporation,Oldham,Texas,35.54378,-102.24848,,,,FracFocus
Nichols #2207,42173335300000,Apache Corporation,Glasscock,Texas,31.96664,-101.71789,,,,FracFocus
Kingcrab 20 2,42173353900000,Apache Corporation,Glasscock,Texas,31.92694,-101.5663,,,,FracFocus
Hardy 18 #10,42173354070000,Apache Corporation,Glasscock,Texas,31.843,-101.463,,,,FracFocus
GW Sportsman 49-6HA,42211351190000,Apache Corporation,Hemphill,Texas,35.733807,-100.164085,,,,FracFocus
McElroy Ranch CO 129 #27,42461382760000,Apache Corporation,Upton,Texas,31.427,-102.172,,,,FracFocus
Txl South Unit 4716HL,42135418570000,Apache Corporation,Ector,Texas,31.82705,-102.72946,,,,FracFocus
Weber #10,42461381800000,Apache Corporation,Upton,Texas,31.523,-102.026,,,,FracFocus
Nichols #2209,42173353690000,Apache Corporation,Glasscock,Texas,31.942,-101.542,,,,FracFocus
Weaver 23 18,42173354270000,Apache Corporation,Glasscock,Texas,31.82763,-101.47988,,,,FracFocus
Roberts Unit 3780,42501357950000,Apache Corporation,Yoakum,Texas,33.02218,-102.88179,,,,FracFocus
Halff 2 #2,42461384700000,Apache Corporation,Upton,Texas,31.394,-101.79,,,,FracFocus
Roberts Unit 3756,42501357870000,Apache Corporation,Yoakum,Texas,33.01859,-102.88459,,,,FracFocus
Schwartz #9,42173352260000,Apache Corporation,Glasscock,Texas,31.865,-101.513,,,,FracFocus
King 9 #1H,42103360540000,Apache Corporation,Crane,Texas,31.42,-102.368,,,,FracFocus
SAU 20-3C,42383379840000,Apache Corporation,Reagan,Texas,31.549,-101.659,,,,FracFocus
Stiles 4 #17-4H,42483336040000,Apache Corporation,Wheeler,Texas,35.459553,-100.06089,,,,FracFocus
Seth Campbell #70,42495334760000,Apache Corporation,Winkler,Texas,31.871,-103.069,,,,FracFocus
Spencer North 7 3,42173352650000,Apache Corporation,Glasscock,Texas,31.84608,-101.55577,,,,FracFocus
SAU 40 #4C,42383380260000,Apache Corporation,Reagan,Texas,31.509,-101.638,,,,FracFocus
Roberts Unit 3781,42501359230000,Apache Corporation,Yoakum,Texas,33.02151,-102.87731,,,,FracFocus
SAU 1-3 #5F,42383380150000,Apache Corporation,Reagan,Texas,31.442,-101.671,,,,FracFocus
Nectar 2052,42483327250000,Apache Corporation,Wheeler,Texas,35.38525,-100.05685,,,,FracFocus
Gray 24 #10,42173354150000,Apache Corporation,Glasscock,Texas,31.831,-101.463,,,,FracFocus
Burnett 17 #6,42227370870000,Apache Corporation,Howard,Texas,32.374,-101.284,,,,FracFocus
Glass 3 #8,42173354290000,Apache Corporation,Glasscock,Texas,31.864,-101.521,,,,FracFocus
Sugg 2829 #1H,42235351940000,Apache Corporation,Irion,Texas,31.535217,-102.000014,,,,FracFocus
Pinckard 'B' 2-13,42295308140000,Apache Corporation,Lipscomb,Texas,36.490726,-100.231079,,,,FracFocus
Poseidon 21 #1,42173353520000,Apache Corporation,Glasscock,Texas,31.937,-101.562,,,,FracFocus
McElroy Rn Co D #1A,42461381960000,Apache Corporation,Upton,Texas,31.415,-102.149,,,,FracFocus
CC #3621,42461385030000,Apache Corporation,Upton,Texas,31.553,-102.02,,,,FracFocus
Weaver 23 #19,42173354220000,Apache Corporation,Glasscock,Texas,31.824,-101.481,,,,FracFocus
Seth Campbell #71,42495334740000,Apache Corporation,Winkler,Texas,31.876,-103.514,,,,FracFocus
Keathley 46 #17,42173353610000,Apache Corporation,Glasscock,Texas,31.877,-101.515,,,,FracFocus
Ballenger 4204,42173354850000,Apache Corporation,Glasscock,Texas,31.90171,-101.47086,,,,FracFocus
Sugg 2829 #2H,42235350800000,Apache Corporation,Irion,Texas,31.257,-101.074,,,,FracFocus
Goodner 22 #11,42173352340000,Apache Corporation,Glasscock,Texas,31.825,-101.509,,,,FracFocus
Dixieland 20 #3,42173353630000,Apache Corporation,Glasscock,Texas,31.721,-101.42,,,,FracFocus
Kestrel 38 1,42173353660000,Apache Corporation,Glasscock,Texas,31.7804,-101.46749,,,,FracFocus
Three Bar Shallow Unit 109H,42003448600000,Apache Corporation,Andrews,Texas,31.144,-102.814,,,,FracFocus
Adair San Andres Unit 2212,42165364780000,Apache Corporation,Gaines,Texas,32.94027,-102.28973,,,,FracFocus
Cleveland 5 #2,42173353650000,Apache Corporation,Glasscock,Texas,31.747,-101.521,,,,FracFocus
Adams 26 21,42173354250000,Apache Corporation,Glasscock,Texas,31.81608,-101.48805,,,,FracFocus
Nix 16 #13,42173354520000,Apache Corporation,Glasscock,Texas,31.83,-101.527,,,,FracFocus
Risley 1-18,42211310070000,Apache Corporation,Hemphill,Texas,35.77727,-100.42254,,,,FracFocus
Mekeel B214-5H,42357331950000,Apache Corporation,Ochiltree,Texas,36.101026,-100.683336,,,,FracFocus
Seth Campbell #72,42495334750000,Apache Corporation,Winkler,Texas,31.88,-103.049,,,,FracFocus
Sugg 2829 3H,42235350810000,Apache Corporation,Irion,Texas,31.257,-101.069,,,,FracFocus
SAU 32-4B,42383380500000,Apache Corporation,Reagan,Texas,31.512,-101.656,,,,FracFocus
Riley 4814,42173352780000,Apache Corporation,Glasscock,Texas,31.89436,-101.48358,,,,FracFocus
Hardy 18 #11,42173354080000,Apache Corporation,Glasscock,Texas,31.844,-101.457,,,,FracFocus
Baumann 394 - 4H,42357331880000,Apache Corporation,Ochiltree,Texas,36.159166,-100.763617,,,,FracFocus
North McElroy Unit 2849BH,42103361050000,Apache Corporation,Crane,Texas,31.478,-102.376,,,,FracFocus
University Devonian A 37 #5,42103360040000,Apache Corporation,Crane,Texas,31.442,-102.403,,,,FracFocus
Txl South Unit 5119HU,42135418610000,Apache Corporation,Ector,Texas,31.81612,-102.71819,,,,FracFocus
Shackelton 31 W #2,42173352210000,Apache Corporation,Glasscock,Texas,31.871,-101.68,,,,FracFocus
Heidi 37 1,42173353470000,Apache Corporation,Glasscock,Texas,31.78684,-101.45025,,,,FracFocus
SAU 6-5A,42383378830000,Apache Corporation,Reagan,Texas,31.474,-101.657,,,,FracFocus
Txl South Unit 3611,42135422500000,Apache Corporation,Ector,Texas,31.8353,-102.70076,,,,FracFocus
Nichols #2210,42173355100000,Apache Corporation,Glasscock,Texas,31.938,-101.546,,,,FracFocus
Sugg 2829 4H,42235350820000,Apache Corporation,Irion,Texas,31.257,-101.069,,,,FracFocus
McElroy 138 #2,42461382070000,Apache Corporation,Upton,Texas,31.388,-102.175,,,,FracFocus
Thompson 12 1,42227371960000,Apache Corporation,Howard,Texas,32.46603,-101.37085,,,,FracFocus
Barracuda 45 4H,42173353820000,Apache Corporation,Glasscock,Texas,31.894,-101.43,,,,FracFocus
Ballenger #3204,42173354790000,Apache Corporation,Glasscock,Texas,31.924,-101.458,,,,FracFocus
Riley 3710,42173354170000,Apache Corporation,Glasscock,Texas,31.90444,-101.48697,,,,FracFocus
Barracuda 45 #3H,42173354310000,Apache Corporation,Glasscock,Texas,31.893,-101.435,,,,FracFocus
SRH 18 #1806,42383375760000,Apache Corporation,Reagan,Texas,31.426,-101.448,,,,FracFocus
Barrow Augusta 1401,42135421260000,Apache Corporation,Ector,Texas,32.00201,-102.38945,,,,FracFocus
Dorado 18 #11,42173352580000,Apache Corporation,Glasscock,Texas,31.826,-101.552,,,,FracFocus
Heidi 37 2,42173353760000,Apache Corporation,Glasscock,Texas,31.79562,-101.4528,,,,FracFocus
SRH 16 #1622,42383379300000,Apache Corporation,Reagan,Texas,31.45,-101.475,,,,FracFocus
Stiles 1 16-1H,42483336200000,Apache Corporation,Wheeler,Texas,35.44,-100.09,,,,FracFocus
Roberts Unit 2753,42501359310000,Apache Corporation,Yoakum,Texas,33.03072,-102.88053,,,,FracFocus
Adams 26 #20,42173353160000,Apache Corporation,Glasscock,Texas,31.809,-101.486,,,,FracFocus
CC #3713,42461378640000,Apache Corporation,Upton,Texas,31.542,-102.009,,,,FracFocus
Roberts Unit 2755,42501359330000,Apache Corporation,Yoakum,Texas,33.02672,-102.87584,,,,FracFocus
Spencer South 7 3,42173354710000,Apache Corporation,Glasscock,Texas,31.83479,-101.55737,,,,FracFocus
Poseidon 21 #2,42173353530000,Apache Corporation,Glasscock,Texas,31.94,-101.551,,,,FracFocus
Sugg 2829 5H,42235350830000,Apache Corporation,Irion,Texas,31.255,-101.063,,,,FracFocus
Stiles 1 18-1H,42483336150000,Apache Corporation,Wheeler,Texas,35.43,-100.08,,,,FracFocus
Heidi 37 #3,42173353750000,Apache Corporation,Glasscock,Texas,31.793,-101.459,,,,FracFocus
University Devonian O 25 #8,42103360850000,Apache Corporation,Crane,Texas,31.471,-102.422,,,,FracFocus
Alexander 67-1H,42211351390000,Apache Corporation,Hemphill,Texas,36.023575,-100.331631,,,,FracFocus
Roberts Unit 2756,42501359340000,Apache Corporation,Yoakum,Texas,33.0273,-102.88016,,,,FracFocus
Hartley 38 #17,42173352890000,Apache Corporation,Glasscock,Texas,31.893,-101.503,,,,FracFocus
Ballenger 2902,42173355610000,Apache Corporation,Glasscock,Texas,31.93769,-101.46761,,,,FracFocus
Sugg 2829 6H,42235350840000,Apache Corporation,Irion,Texas,31.256,-101.063,,,,FracFocus
Roberts Unit 2728R,42501359270000,Apache Corporation,Yoakum,Texas,33.02876,-102.87947,,,,FracFocus
Chaparral 89 #1H,42301318220000,Apache Corporation,Loving,Texas,31.734,-103.663,,,,FracFocus
Roberts Unit 4516,42501305860000,Apache Corporation,Yoakum,Texas,33.00076,-102.91793,,,,FracFocus
Roberts Unit 4302,42501312250000,Apache Corporation,Yoakum,Texas,33.00043,-102.95535,,,,FracFocus
Philmac Unit 58 #2,42173355120000,Apache Corporation,Glasscock,Texas,31.98,-101.392,,,,FracFocus
North McElroy Unit 2833BH,42103361130000,Apache Corporation,Crane,Texas,31.48,-102.376,,,,FracFocus
Barrow Augusta 1403,42135421280000,Apache Corporation,Ector,Texas,31.99302,-102.38448,,,,FracFocus
SAU 20-3 #5A,42383379850000,Apache Corporation,Reagan,Texas,31.549,-101.663,,,,FracFocus
Woodpecker 36 #5,42173352390000,Apache Corporation,Glasscock,Texas,31.802,-101.458,,,,FracFocus
SAU 42-4 #4C,42383380490000,Apache Corporation,Reagan,Texas,31.504,-101.663,,,,FracFocus
Jill 54 4-54H,42483335930000,Apache Corporation,Wheeler,Texas,35.372,-100.016,,,,FracFocus
Jill 54 6-54H,42483335950000,Apache Corporation,Wheeler,Texas,35.386892,-100.018522,,,,FracFocus
Frysak #2,42173354570000,Apache Corporation,Glasscock,Texas,31.699,-101.55,,,,FracFocus
Roberts Unit 2754,42501359320000,Apache Corporation,Yoakum,Texas,33.02892,-102.87637,,,,FracFocus
Dorado 18 #12,42173352600000,Apache Corporation,Glasscock,Texas,31.825,-101.549,,,,FracFocus
Matthisen #5,42173355160000,Apache Corporation,Glasscock,Texas,31.703,-101.578,,,,FracFocus
Roberts Unit 4314,42501008950000,Apache Corporation,Yoakum,Texas,32.99614,-102.95466,,,,FracFocus
Roberts Unit 3304,42501311720000,Apache Corporation,Yoakum,Texas,33.01155,-102.95563,,,,FracFocus
Roberts Unit 3526,42501327160000,Apache Corporation,Yoakum,Texas,33.01567,-102.91355,,,,FracFocus
Schwartz 36 #4,42173340790000,Apache Corporation,Glasscock,Texas,31.913455,-101.50016,,,,FracFocus
Huff 32 7H,42211351380000,Apache Corporation,Hemphill,Texas,35.736214,-100.159058,,,,FracFocus
Mekeel 303  3H,42357332030000,Apache Corporation,Ochiltree,Texas,36.130003,-100.708031,,,,FracFocus
Crabcooker 20 1,42173344820000,Apache Corporation,Glasscock,Texas,31.93584,-101.56807,,,,FracFocus
Spencer South 7 #2,42173354380000,Apache Corporation,Glasscock,Texas,31.834,-101.562,,,,FracFocus
McElroy 137 #2,42461382490000,Apache Corporation,Upton,Texas,31.41,-102.178,,,,FracFocus
Freewilly 41 #2,42173355080000,Apache Corporation,Glasscock,Texas,31.886,-101.552,,,,FracFocus
Elaine 642 1H,42295339280000,Apache Corporation,Lipscomb,Texas,36.246067,-100.471183,,,,FracFocus
University 57-65 1H,42413328660000,Apache Corporation,Irion,Texas,30.918,-100.869,,,,FracFocus
Francis Gunn 25,42227373250000,Apache Corporation,Howard,Texas,32.488,-101.354,,,,FracFocus
Luthi A 401 6H,42357332020000,Apache Corporation,Ochiltree,Texas,36.172558,-100.712164,,,,FracFocus
Sugg 1110 #H11U,42235352240000,Apache Corporation,Irion,Texas,31.256,-101.058,,,,FracFocus
Boys Ranch 1168,42359303560000,Apache Corporation,Oldham,Texas,35.550687,-102.247544,,,,FracFocus
Amberjack 39 #3,42173351230000,Apache Corporation,Glasscock,Texas,32.032,-101.463,,,,FracFocus
Jeffs 3A #2,42383378960000,Apache Corporation,Reagan,Texas,31.477,-101.603,,,,FracFocus
Stiles 24 13-24,42483336350000,Apache Corporation,Wheeler,Texas,35.473907,-100.074333,,,,FracFocus
Bennie 4342 #H71U,42235352800000,Apache Corporation,Irion,Texas,31.178,-101.153,,,,FracFocus
Bivins-LIT 115A,42359303670000,Apache Corporation,Oldham,Texas,35.547547,-102.23418,,,,FracFocus
Nix 16 #15,42173354740000,Apache Corporation,Glasscock,Texas,31.84,-101.523,,,,FracFocus
Halfmann #2,42173355200000,Apache Corporation,Glasscock,Texas,31.688,-101.564,,,,FracFocus
Nannie May 1H,42501360810000,Apache Corporation,Yoakum,Texas,33.22823,-102.95691,,,,FracFocus
Alexander 33-9H,42211351370000,Apache Corporation,Hemphill,Texas,35.74,-100.14,,,,FracFocus
Adams 1-137,42357322740000,Apache Corporation,Ochiltree,Texas,36.09346,-100.725914,,,,FracFocus
Ballenger #3206,42173355640000,Apache Corporation,Glasscock,Texas,31.928,-101.472,,,,FracFocus
Strube #5,42173355250000,Apache Corporation,Glasscock,Texas,31.705,-101.569,,,,FracFocus
J-FEL 9-1HB,42211351520000,Apache Corporation,Hemphill,Texas,36.041453,-100.160047,,,,FracFocus
Elwood `A` 97,42219100630000,Apache Corporation,Hockley,Texas,33.64711,-102.20174,,,,FracFocus
SAU 2-2B,42383378300000,Apache Corporation,Reagan,Texas,31.423,-101.658,,,,FracFocus
Pyle 40-8H,42483336050000,Apache Corporation,Wheeler,Texas,35.502132,-100.193199,,,,FracFocus
Barrow Augusta 1404,42135421290000,Apache Corporation,Ector,Texas,31.98866,-102.38428,,,,FracFocus
Bennie 4342 #H81M,42235352780000,Apache Corporation,Irion,Texas,31.178,-101.157,,,,FracFocus
Ballenger #2903,42173355620000,Apache Corporation,Glasscock,Texas,31.935,-101.461,,,,FracFocus
Soctt Sugg 1110 H21U,42235352610000,Apache Corporation,Irion,Texas,31.256,-101.056,,,,FracFocus
Roberts Unit 2727,42501323230000,Apache Corporation,Yoakum,Texas,33.02286,-102.87858,,,,FracFocus
Ballenger #3205,42173354800000,Apache Corporation,Glasscock,Texas,31.917,-101.468,,,,FracFocus
SAU 32-2A #5D,42383380370000,Apache Corporation,Reagan,Texas,31.517,-101.649,,,,FracFocus
Roberts Unit 2739,42501320730000,Apache Corporation,Yoakum,Texas,33.02282,-102.87504,,,,FracFocus
Roberts Unit 3251,42501360210000,Apache Corporation,Yoakum,Texas,33.0182,-102.97216,,,,FracFocus
Adams 26 #19,42173354240000,Apache Corporation,Glasscock,Texas,31.81,-101.484,,,,FracFocus
Jeffs 3A #3,42383378970000,Apache Corporation,Reagan,Texas,31.481,-101.605,,,,FracFocus
Moore 62 SL 11,42483336480000,Apache Corporation,Wheeler,Texas,35.42,-100.01,,,,FracFocus
King 27 #1H,42103360670000,Apache Corporation,Crane,Texas,31.423921,-102.404815,,,,FracFocus
Lee 59 #4H,42173353220000,Apache Corporation,Glasscock,Texas,31.977,-101.404,,,,FracFocus
Redtail 48 #1,42173355760000,Apache Corporation,Glasscock,Texas,31.782,-101.448,,,,FracFocus
Helwig #4,42383381310000,Apache Corporation,Reagan,Texas,31.637,-101.557,,,,FracFocus
Scott Sugg 1110 H31U,42235352630000,Apache Corporation,Irion,Texas,31.256,-101.055,,,,FracFocus
ED Books 35 #4,42173354700000,Apache Corporation,Glasscock,Texas,31.804,-101.486,,,,FracFocus
Bartz 19 25-19H,42483336510000,Apache Corporation,Wheeler,Texas,35.47,-100.03,,,,FracFocus
Round Top (Palo Pinto) Unit 186,42151322510000,Apache Corporation,Fisher,Texas,32.89104,-100.26296,,,,FracFocus
Tomlin 38 Unit 2,42173354200000,Apache Corporation,Glasscock,Texas,31.99,-101.607,,,,FracFocus
Gifford Hill A #3,42041312580000,Apache Corporation,Brazos,Texas,30.70872,-96.49508,,,,FracFocus
Braddock 47 #1,42173352540000,Apache Corporation,Glasscock,Texas,31.859,-101.607,,,,FracFocus
Tyler 55 7H,42483336500000,Apache Corporation,Wheeler,Texas,35.4,-100.02,,,,FracFocus
Scott Sugg 1110 H41U,42235352590000,Apache Corporation,Irion,Texas,31.257,-101.051,,,,FracFocus
Riley #3709,42173353730000,Apache Corporation,Glasscock,Texas,31.908,-101.492,,,,FracFocus
Flathers 232 1H,42357332160000,Apache Corporation,Ochiltree,Texas,36.115172,-100.585042,,,,FracFocus
Javalina 9 #1,42371389550000,Apache Corporation,Pecos,Texas,30.936611,-103.229708,,,,FracFocus
SAU 2-2,42383378290000,Apache Corporation,Reagan,Texas,31.42,-101.652,,,,FracFocus
Robin 8 #1H,42389335520000,Apache Corporation,Reeves,Texas,31.7,-103.661,,,,FracFocus
Txl South Unit 5721,42135422490000,Apache Corporation,Ector,Texas,31.82212,-102.69359,,,,FracFocus
Walker Farms 14 #13,42173354190000,Apache Corporation,Glasscock,Texas,31.842,-101.494,,,,FracFocus
Buchanan 10 #1,42227372160000,Apache Corporation,Howard,Texas,32.484,-101.396,,,,FracFocus
Anderson 13 #1,42227372180000,Apache Corporation,Howard,Texas,32.472,-101.38,,,,FracFocus
Jeffs 3A #4,42383378980000,Apache Corporation,Reagan,Texas,31.482,-101.601,,,,FracFocus
Roberts Unit 3252,42501360500000,Apache Corporation,Yoakum,Texas,33.0169,-102.97153,,,,FracFocus
Universitty 48#1,42103360430000,Apache Corporation,Crane,Texas,31.437576,-102.407467,,,,FracFocus
Barrow Augusta 1402,42135421270000,Apache Corporation,Ector,Texas,31.99834,-102.38671,,,,FracFocus
Ballenger #3006,42173356380000,Apache Corporation,Glasscock,Texas,31.93,-101.482,,,,FracFocus
Scott Sugg 1110 H51U,42235352600000,Apache Corporation,Irion,Texas,31.257,-101.051,,,,FracFocus
Urban Jones 122 #5H,42357332050000,Apache Corporation,Ochiltree,Texas,36.101394,-100.9255,,,,FracFocus
Three Bar Shallow Unit 113H,42003449850000,Apache Corporation,Andrews,Texas,32.148,-102.811,,,,FracFocus
Txl South Unit 5722,42135422520000,Apache Corporation,Ector,Texas,31.82439,-102.6894,,,,FracFocus
Lee 59 #6,42173355130000,Apache Corporation,Glasscock,Texas,31.978,-101.408,,,,FracFocus
Cleveland 5 #1,42173353640000,Apache Corporation,Glasscock,Texas,31.739,-101.518,,,,FracFocus
Carolea 594 #1H,42295339360000,Apache Corporation,Lipscomb,Texas,36.231417,-100.403561,,,,FracFocus
Roberts Unit 3255,42501360220000,Apache Corporation,Yoakum,Texas,33.01933,-102.96922,,,,FracFocus
Goodner 22 #7,42173351570000,Apache Corporation,Glasscock,Texas,31.828,-101.504,,,,FracFocus
Abraham 32 6H,42211351400000,Apache Corporation,Hemphill,Texas,35.74,-100.15,,,,FracFocus
GW Sportsman 49 7H,42211351600000,Apache Corporation,Hemphill,Texas,35.74,-100.15,,,,FracFocus
Clinch 4238 #H71L,42235352400000,Apache Corporation,Irion,Texas,31.147,-101.267,,,,FracFocus
University 57-65 2H,42413328720000,Apache Corporation,Schleicher,Texas,30.918,-100.869,,,,FracFocus
Roberts Unit 3646,42501305990000,Apache Corporation,Yoakum,Texas,33.01493,-102.88755,,,,FracFocus
Anderson 26 #12,42173354930000,Apache Corporation,Glasscock,Texas,31.93,-101.525,,,,FracFocus
Scott Sugg 0607 H11U,42235352360000,Apache Corporation,Irion,Texas,31.232877,-101.04412,,,,FracFocus
Hall Cowden 42 #4,42461381460000,Apache Corporation,Upton,Texas,31.565,-101.906,,,,FracFocus
Bivins - LIT 4 #6,42359303700000,Apache Corporation,Oldham,Texas,35.561898,-102.252673,,,,FracFocus
Ramp 26 7H,42211351560000,Apache Corporation,Hemphill,Texas,35.78,-100.16,,,,FracFocus
Stiles 16 SL 18-16H,42483336580000,Apache Corporation,Wheeler,Texas,35.459633,-100.078979,,,,FracFocus
Gray 24 #6,42173341810000,Apache Corporation,Glasscock,Texas,31.838519,-101.46568,,,,FracFocus
Alexander 33 8H,42211351530000,Apache Corporation,Hemphill,Texas,35.739246,-100.141167,,,,FracFocus
Gunn Francis 26,42227373260000,Apache Corporation,Howard,Texas,32.48939,-101.36031,,,,FracFocus
Txl South Unit 6124,42135422510000,Apache Corporation,Ector,Texas,31.82516,-102.6842,,,,FracFocus
Hammerhead 33 #4H,42173354940000,Apache Corporation,Glasscock,Texas,31.922,-101.439,,,,FracFocus
Scott Sugg 0607 H21U,42235352650000,Apache Corporation,Irion,Texas,31.233214,-101.05681,,,,FracFocus
King 11#4H,42103360770000,Apache Corporation,Crane,Texas,31.399477,-102.388541,,,,FracFocus
Txl North Unit 420,42135092340000,Apache Corporation,Ector,Texas,31.91918,-102.73589,,,,FracFocus
Woodpecker 36 #2,42173356050000,Apache Corporation,Glasscock,Texas,31.8,-101.455,,,,FracFocus
Urban Jones 122 #6H,42357332060000,Apache Corporation,Ochiltree,Texas,36.101406,-100.911853,,,,FracFocus
Stiles 68 29-68H,42483336730000,Apache Corporation,Wheeler,Texas,35.431702,-100.056572,,,,FracFocus
Lynda #2803,42173356530000,Apache Corporation,Glasscock,Texas,31.938,-101.446,,,,FracFocus
Roberts Unit 2202R,42501360180000,Apache Corporation,Yoakum,Texas,33.03099,-102.97194,,,,FracFocus
SRH 14 #1417,42383379500000,Apache Corporation,Reagan,Texas,31.473,-101.488,,,,FracFocus
Roberts Unit 3256,42501360540000,Apache Corporation,Yoakum,Texas,33.01315,-102.96867,,,,FracFocus
University 25A#4,42103360640000,Apache Corporation,Crane,Texas,31.478718,-102.424267,,,,FracFocus
SAU 8 #5B,42383378890000,Apache Corporation,Reagan,Texas,31.459,-101.64,,,,FracFocus
Roberts Unit 2256,42501360050000,Apache Corporation,Yoakum,Texas,33.02452,-102.96899,,,,FracFocus
McElroy 133#1,42461381770000,Apache Corporation,Upton,Texas,31.462231,-102.199883,,,,FracFocus
SAU 8 #5D,42383378910000,Apache Corporation,Reagan,Texas,31.460833,-101.63154,,,,FracFocus
Gray 24 #4,42173352560000,Apache Corporation,Glasscock,Texas,31.828,-101.462,,,,FracFocus
Ramp,42211351510000,Apache Corporation,Hemphill,Texas,35.765,-100.146,,,,FracFocus
University Devonian 38B#1,42103329970000,Apache Corporation,Crane,Texas,31.438324,-102.43383,,,,FracFocus
Ballenger #3208,42173356310000,Apache Corporation,Glasscock,Texas,31.961,-101.46,,,,FracFocus
Roberts Unit 2255,42501360040000,Apache Corporation,Yoakum,Texas,33.02993,-102.96876,,,,FracFocus
Armadillo 18#1,42371389520000,Apache Corporation,Pecos,Texas,30.899106,-103.407619,,,,FracFocus
Bravo 36 #1,42173354610000,Apache Corporation,Glasscock,Texas,31.697156,-101.4256,,,,FracFocus
Ratliff 24 #4,42173356140000,Apache Corporation,Glasscock,Texas,31.940768,-101.51048,,,,FracFocus
Roberts Unit 3269,42501360400000,Apache Corporation,Yoakum,Texas,33.01827,-102.95789,,,,FracFocus
Roberts Unit 3615,42501306060000,Apache Corporation,Yoakum,Texas,33.01497,-102.90016,,,,FracFocus
Barrow Augusta 2301,42135423950000,Apache Corporation,Ector,Texas,31.98629,-102.38337,,,,FracFocus
Dolphin 12#5,42173356600000,Apache Corporation,Glasscock,Texas,31.853825,-101.47856,,,,FracFocus
Scott Sugg 1110 H71U,42235352640000,Apache Corporation,Irion,Texas,31.152266,-101.024917,,,,FracFocus
SRH 12 #1205,42383379380000,Apache Corporation,Reagan,Texas,31.45233,-101.44136,,,,FracFocus
Roberts Unit 2152,42501360190000,Apache Corporation,Yoakum,Texas,33.02935,-102.97361,,,,FracFocus
NMU 2646,42103036680000,Apache Corporation,Crane,Texas,31.491577,-102.336203,,,,FracFocus
Clay 166 #2H,42173355840000,Apache Corporation,Glasscock,Texas,32.075163,-101.31838,,,,FracFocus
Hechler W F 5,42033322590000,Apache Corporation,Borden,Texas,32.52641,-101.33924,,,,FracFocus
Scott Sugg 0607 H41U,42235352770000,Apache Corporation,Irion,Texas,31.256217,-101.038408,,,,FracFocus
Ballenger #3207,42173356300000,Apache Corporation,Glasscock,Texas,31.930052,-101.46323,,,,FracFocus
Hoover 216 #3H,42357332270000,Apache Corporation,Ochiltree,Texas,36.114344,-100.726594,,,,FracFocus
Jones,42295306950000,Apache Corporation,Lipscomb,Texas,36.125172,-100.15374,,,,FracFocus
Connell Cowden 48 #1,42461381650000,Apache Corporation,Upton,Texas,31.532072,-102.00576,,,,FracFocus
Roberts Unit 3355,42501360260000,Apache Corporation,Yoakum,Texas,33.01614,-102.95012,,,,FracFocus
"R.E. Wamble Estate ""D""",42357318380000,Apache Corporation,Ochiltree,Texas,36.098785,-100.960869,,,,FracFocus
McElroy Ranch 117#27,42461385360000,Apache Corporation,Upton,Texas,31.445377,-102.165594,,,,FracFocus
Cecil 7 #2,42173356080000,Apache Corporation,Glasscock,Texas,32.069,-101.632,,,,FracFocus
Connell Cowden 48 #7,42461382180000,Apache Corporation,Upton,Texas,31.519232,-102.00731,,,,FracFocus
Roberts Unit 2252,42501360020000,Apache Corporation,Yoakum,Texas,33.02762,-102.97285,,,,FracFocus
Roberts Unit 3257,42501360450000,Apache Corporation,Yoakum,Texas,33.01283,-102.96713,,,,FracFocus
Txl North Unit 1028H,42135422440000,Apache Corporation,Ector,Texas,31.88042,-102.72047,,,,FracFocus
Neihues A #5,42173355980000,Apache Corporation,Glasscock,Texas,31.664483,-101.54818,,,,FracFocus
Roberts Unit 3351,42501360640000,Apache Corporation,Yoakum,Texas,33.01262,-102.95553,,,,FracFocus
Three Bar Shallow Unit 104H,42003449840000,Apache Corporation,Andrews,Texas,32.153882,-102.79856,,,,FracFocus
Walker Farms 14 #14,42173356760000,Apache Corporation,Glasscock,Texas,31.844639,-101.49018,,,,FracFocus
Sugg Strip H55C,42235353840000,Apache Corporation,Irion,Texas,31.254818,-101.02553,,,,FracFocus
Broseh #3,42383382090000,Apache Corporation,Reagan,Texas,31.640853,-101.553282,,,,FracFocus
Gunn Frances B 9,42227373890000,Apache Corporation,Howard,Texas,32.50043,-101.34996,,,,FracFocus
North McElroy Unit 4143RH,42103361820000,Apache Corporation,Crane,Texas,31.44862,-102.37948,,,,FracFocus
SAU 8 #5E,42383378920000,Apache Corporation,Reagan,Texas,31.456645,-101.63463,,,,FracFocus
Gunn Frances A 76,42227374040000,Apache Corporation,Howard,Texas,32.49512,-101.34797,,,,FracFocus
University Devonian 36B#2,42103361530000,Apache Corporation,Crane,Texas,31.453103,-102.420606,,,,FracFocus
Txl South Unit 2403,42135370480000,Apache Corporation,Ector,Texas,31.84205,-102.70454,,,,FracFocus
SRH 15 #1507,42383376420000,Apache Corporation,Reagan,Texas,31.48985,-101.48807,,,,FracFocus
Elliott Unit #2H,42211351710000,Apache Corporation,Hemphill,Texas,36.040847,-100.359017,,,,FracFocus
Schwartz 36 #15H,42173355460000,Apache Corporation,Glasscock,Texas,31.913385,-101.393187,,,,FracFocus
Scott Sugg 0607 H61U,42235352730000,Apache Corporation,Irion,Texas,31.152253,-101.234194,,,,FracFocus
Scott Sugg 0607 H81U,42235352850000,Apache Corporation,Irion,Texas,31.152413,-101.147831,,,,FracFocus
Boys Ranch 116 #10,42359303710000,Apache Corporation,Oldham,Texas,35.547156,-102.247152,,,,FracFocus
Roberts Unit 3270,42501360170000,Apache Corporation,Yoakum,Texas,33.01727,-102.96052,,,,FracFocus
Roberts Unit 2773,42501361420000,Apache Corporation,Yoakum,Texas,33.033313,-102.885255,,,,FracFocus
E.D. Books 1A Unit #13,42173356980000,Apache Corporation,Glasscock,Texas,31.869603,-101.48042,,,,FracFocus
Roberts Unit 3262,42501360550000,Apache Corporation,Yoakum,Texas,33.01571,-102.96313,,,,FracFocus
McElroy CO 119#24,42461386330000,Apache Corporation,Upton,Texas,31.417942,-102.156661,,,,FracFocus
Stiles 3,42483336530000,Apache Corporation,Wheeler,Texas,35.4431,-100.055,,,,FracFocus
Roberts Unit 2775,42501361490000,Apache Corporation,Yoakum,Texas,33.02613,-102.88448,,,,FracFocus
Sugg Strip 6H,42235352030000,Apache Corporation,Irion,Texas,31.254818,-101.02534,,,,FracFocus
SAU 8 #5A,42383378880000,Apache Corporation,Reagan,Texas,31.463788,-101.6365,,,,FracFocus
Stiles 3 2503H,42483336720000,Apache Corporation,Wheeler,Texas,35.447,-100.045,,,,FracFocus
Roberts Unit 3263,42501360410000,Apache Corporation,Yoakum,Texas,33.013,-102.96355,,,,FracFocus
Stiles 3,42483336520000,Apache Corporation,Wheeler,Texas,35.4431,-100.055046,,,,FracFocus
Buchanan 42-1,42227374300000,Apache Corporation,Howard,Texas,32.423246,-101.332249,,,,FracFocus
TXLNU 1030H,42135423910000,Apache Corporation,Ector,Texas,31.87046,-102.70231,,,,FracFocus
Griffin 22 #1,42227373980000,Apache Corporation,Howard,Texas,32.482,-101.33,,,,FracFocus
Cecil 8 #1,42173356150000,Apache Corporation,Glasscock,Texas,32.06486,-101.60896,,,,FracFocus
Tyler 55 8H,42483336790000,Apache Corporation,Wheeler,Texas,35.40033,-100.010521,,,,FracFocus
North McElroy Unit 4117BH,42103361480000,Apache Corporation,Crane,Texas,31.44218,-102.382174,,,,FracFocus
SRH 14 #1418,42383379510000,Apache Corporation,Reagan,Texas,31.473489,-101.48128,,,,FracFocus
University Devonian 48#2,42103361340000,Apache Corporation,Crane,Texas,31.436744,-102.410987,,,,FracFocus
Ballenger #3029,42173356320000,Apache Corporation,Glasscock,Texas,31.927574,-101.45762,,,,FracFocus
Bakke Unit 163,42003430450000,Apache Corporation,Andrews,Texas,32.267041,-102.533182,,,,FracFocus
Huitt 25 #9H,42173353840000,Apache Corporation,Glasscock,Texas,31.925,-101.492,,,,FracFocus
Stiles 3 2903H,42483336900000,Apache Corporation,Wheeler,Texas,35.445164,-100.041946,,,,FracFocus
Randall 640-1H,42295339380000,Apache Corporation,Lipscomb,Texas,36.246042,-100.422186,,,,FracFocus
SRH 13 #1330,42383379690000,Apache Corporation,Reagan,Texas,31.477847,-101.46696,,,,FracFocus
Kestrel 38 #2,42173356900000,Apache Corporation,Glasscock,Texas,31.790339,-101.47184,,,,FracFocus
Sugg 4948 H13M,42235354000000,Apache Corporation,Irion,Texas,31.253665,-101.095451,,,,FracFocus
Mockingbird 9 1H,42301318600000,Apache Corporation,Loving,Texas,31.75,-103.62,,,,FracFocus
SRH 13 #1322,42383369480000,Apache Corporation,Reagan,Texas,31.47473,-101.46305,,,,FracFocus
Three Bar shallow Unit 100HR,42003453280000,Apache Corporation,Andrews,Texas,32.15493,-102.793882,,,,FracFocus
Riley #4722,42173357540000,Apache Corporation,Glasscock,Texas,31.888838,-101.50086,,,,FracFocus
Alexander 48 9H,42211351650000,Apache Corporation,Hemphill,Texas,35.749638,-100.140831,,,,FracFocus
Alexander 7H,42211351720000,Apache Corporation,Hemphill,Texas,35.705956,-100.131493,,,,FracFocus
Roberts Unit 2772,42501361410000,Apache Corporation,Yoakum,Texas,33.0367,-102.88419,,,,FracFocus
Weber 47 #12,42461381410000,Apache Corporation,Upton,Texas,31.521,-102.02,,,,FracFocus
Roberts Unit 3684,42501361500000,Apache Corporation,Yoakum,Texas,33.01236,-102.8974,,,,FracFocus
Roberts Unit 3686,42501361560000,Apache Corporation,Yoakum,Texas,33.01778,-102.89382,,,,FracFocus
Clinch 4238 H72LU,42235352380000,Apache Corporation,Irion,Texas,31.147178,-101.267119,,,,FracFocus
Roberts Unit 2774,42501361430000,Apache Corporation,Yoakum,Texas,33.02966,-102.8844,,,,FracFocus
Maui 5 #1,42173354820000,Apache Corporation,Glasscock,Texas,31.748,-101.509,,,,FracFocus
Gunn Frances -C- 29,42227373730000,Apache Corporation,Howard,Texas,32.49343,-101.36396,,,,FracFocus
Sugg 4948 1H,42235354030000,Apache Corporation,Irion,Texas,31.253672,-101.096044,,,,FracFocus
Bivins-LIT 303,42359303750000,Apache Corporation,Oldham,Texas,35.540329,-102.252394,,,,FracFocus
Red Snapper #1403,42173356840000,Apache Corporation,Glasscock,Texas,31.973,-101.424,,,,FracFocus
Ellen,42211351730000,Apache Corporation,Hemphill,Texas,35.705616,-100.145958,,,,FracFocus
Dorado 18 #14,42173356550000,Apache Corporation,Glasscock,Texas,31.829,-101.555,,,,FracFocus
Huitt 25 13H,42173355490000,Apache Corporation,Glasscock,Texas,31.924424,-101.496188,,,,FracFocus
Sugg 4948 H23M,42235354010000,Apache Corporation,Irion,Texas,31.2537,-101.098491,,,,FracFocus
SAU 28 #3D,42383378480000,Apache Corporation,Reagan,Texas,31.531,-101.64,,,,FracFocus
Huitt 25 12H,42173356030000,Apache Corporation,Glasscock,Texas,31.923748,-101.499119,,,,FracFocus
SAU 33-3 #5E,42383380590000,Apache Corporation,Reagan,Texas,31.517,-101.635,,,,FracFocus
ASAU 1222,42165304680000,Apache Corporation,Gaines,Texas,32.95014,-102.28176,,,,FracFocus
State of Texas DC#11WC,42475361860000,Apache Corporation,Ward,Texas,31.569522,-103.215404,,,,FracFocus
R.S. Windham et al 118#12A,42461386520000,Apache Corporation,Upton,Texas,31.429332,-102.161214,,,,FracFocus
Hoelscher A #2,42173355960000,Apache Corporation,Glasscock,Texas,31.66,-101.555,,,,FracFocus
Tindol 19 1,42227362590000,Apache Corporation,Howard,Texas,32.35636,-101.29251,,,,FracFocus
Leland Mekeel 226 6H,42357332240000,Apache Corporation,Ochiltree,Texas,36.130086,-100.698767,,,,FracFocus
Riley #4723,42173357550000,Apache Corporation,Glasscock,Texas,31.8831,-101.5031,,,,FracFocus
Leland Mekeel 226 #5H,42357332230000,Apache Corporation,Ochiltree,Texas,36.130114,-100.703561,,,,FracFocus
Mekeel 303 5H,42357332370000,Apache Corporation,Ochiltree,Texas,36.130169,-100.698767,,,,FracFocus
Stiles 17 1517H,42483336440000,Apache Corporation,Wheeler,Texas,35.459728,-100.073212,,,,FracFocus
Huitt 25 11H,42173356010000,Apache Corporation,Glasscock,Texas,31.922811,-101.503176,,,,FracFocus
SRH 12 #1226,42383381960000,Apache Corporation,Reagan,Texas,31.48053,-101.29197,,,,FracFocus
ASAU 1903,42165028630000,Apache Corporation,Gaines,Texas,32.94327,-102.28357,,,,FracFocus
Huitt 25 10H,42173356020000,Apache Corporation,Glasscock,Texas,31.922186,-101.505879,,,,FracFocus
Mekeel 303-4H,42357332360000,Apache Corporation,Ochiltree,Texas,36.130117,-100.704111,,,,FracFocus
SRH 17 #1714,42383379970000,Apache Corporation,Reagan,Texas,31.44001,-101.46011,,,,FracFocus
Stiles 17 1617H,42483336540000,Apache Corporation,Wheeler,Texas,35.459816,-100.073586,,,,FracFocus
Roberts Unit 3782,42501361570000,Apache Corporation,Yoakum,Texas,33.021,-102.88523,,,,FracFocus
Engle 43 1,42227374270000,Apache Corporation,Howard,Texas,32.42353,-101.31583,,,,FracFocus
Sugg 4948 2H,42235351200000,Apache Corporation,Irion,Texas,31.253865,-101.098489,,,,FracFocus
Schaefer C.E.SR #3,42383382100000,Apache Corporation,Reagan,Texas,31.62827,-101.55454,,,,FracFocus
Stiles 16 1416H,42483336290000,Apache Corporation,Wheeler,Texas,35.459644,-100.090668,,,,FracFocus
Stiles 16 1615H,42483336330000,Apache Corporation,Wheeler,Texas,35.459644,-100.090614,,,,FracFocus
Roberts Unit 3685,42501361510000,Apache Corporation,Yoakum,Texas,33.01613,-102.89835,,,,FracFocus
TXLNU 1031H,42135423930000,Apache Corporation,Ector,Texas,31.887,-102.703,,,,FracFocus
Hartley 38 #18,42173357110000,Apache Corporation,Glasscock,Texas,31.8974,-101.51389,,,,FracFocus
University A 38 #4,42103360420000,Apache Corporation,Crane,Texas,31.444493,-102.42591,,,,FracFocus
Seth Campbell #73,42495334730000,Apache Corporation,Winkler,Texas,31.883397,-103.054554,,,,FracFocus
Sandra 3019H,42483336830000,Apache Corporation,Wheeler,Texas,35.394287,-100.001678,,,,FracFocus
Woodpecker 36 #6,42173358810000,Apache Corporation,Glasscock,Texas,31.79635,-101.46616,,,,FracFocus
Sanders 43 6H,42211351760000,Apache Corporation,Hemphill,Texas,35.78,-100.159,,,,FracFocus
North McElroy Unit 2859BH,42103361720000,Apache Corporation,Crane,Texas,31.490784,-102.376779,,,,FracFocus
Barrow Augusta 2303,42135424080000,Apache Corporation,Ector,Texas,31.97815,-102.38271,,,,FracFocus
McDonald 183 #2H,42173356210000,Apache Corporation,Glasscock,Texas,32.060376,-101.31914,,,,FracFocus
SAU 9-3 #4B,42383308460000,Apache Corporation,Reagan,Texas,31.46273,-101.62338,,,,FracFocus
McElroy 137#3,42461365290000,Apache Corporation,Upton,Texas,31.413859,-102.179528,,,,FracFocus
ED Books 2#17,42173358570000,Apache Corporation,Glasscock,Texas,31.8731,-101.5051,,,,FracFocus
Sugg 4948 H33M,42235354100000,Apache Corporation,Irion,Texas,31.276651,-101.10078,,,,FracFocus
Malone 45 #3,42383381500000,Apache Corporation,Reagan,Texas,31.13724,-101.43049,,,,FracFocus
Stiles 18-23-18H,42483336980000,Apache Corporation,Wheeler,Texas,35.459797,-100.04974,,,,FracFocus
Three Bar Shallow Unit 106H,42003449870000,Apache Corporation,Andrews,Texas,32.17116,-102.8029,,,,FracFocus
Gunn Frances 4,42227033970000,Apache Corporation,Howard,Texas,32.49097,-101.34591,,,,FracFocus
Remme 15#1,42389337100000,Apache Corporation,Reeves,Texas,30.949606,-103.41607,,,,FracFocus
Barracuda 45 #6H,42173355440000,Apache Corporation,Glasscock,Texas,31.891167,-101.443317,,,,FracFocus
Chucker 20B #2,42173356870000,Apache Corporation,Glasscock,Texas,31.9588,-101.46832,,,,FracFocus
Big Rocker B #1511,42383383760000,Apache Corporation,Reagan,Texas,31.50881,-101.48076,,,,FracFocus
Bomber #5,42461386720000,Apache Corporation,Upton,Texas,31.508,-102.042,,,,FracFocus
GW Sportsman 49,42211351890000,Apache Corporation,Hemphill,Texas,35.75,-100.151,,,,FracFocus
Barrow Augusta 2302,42135424070000,Apache Corporation,Ector,Texas,31.98252,-102.38622,,,,FracFocus
Nix 16 #18,42173357720000,Apache Corporation,Glasscock,Texas,31.833931,-101.51692,,,,FracFocus
Boys Ranch 1165,42359303630000,Apache Corporation,Oldham,Texas,35.54,-102.241729,,,,FracFocus
University Devonian A 37#6,42103360030000,Apache Corporation,Crane,Texas,31.44373,-102.41086,,,,FracFocus
Miller 36 #1HM,42461387020000,Apache Corporation,Upton,Texas,31.5816,-101.9264,,,,FracFocus
Gunn Frances B 1,42227031890000,Apache Corporation,Howard,Texas,32.5018,-101.34698,,,,FracFocus
Neal 39 #7,42461387350000,Apache Corporation,Upton,Texas,31.526137,-102.04828,,,,FracFocus
Three Bar Shallow Unit 117H,42003449860000,Apache Corporation,Andrews,Texas,32.13148,-102.80213,,,,FracFocus
Reed 7 3,42227370980000,Apache Corporation,Howard,Texas,32.37623,-101.29683,,,,FracFocus
Sugg 4948 3H,42235351220000,Apache Corporation,Irion,Texas,31.253678,-101.103692,,,,FracFocus
Waha 9#1,42389335880000,Apache Corporation,Reeves,Texas,31.286136,-103.20473,,,,FracFocus
Bartz 19 2119H,42483337100000,Apache Corporation,Wheeler,Texas,35.472256,-100.038254,,,,FracFocus
Riley #4721,42173357520000,Apache Corporation,Glasscock,Texas,31.887934,-101.50486,,,,FracFocus
SAU 44 #5D,42383378350000,Apache Corporation,Reagan,Texas,31.489401,-101.64026,,,,FracFocus
McElroy Ranch CO 111 #3SE,42461386180000,Apache Corporation,Upton,Texas,31.431552,-102.13665,,,,FracFocus
Malone 45 #8,42383381890000,Apache Corporation,Reagan,Texas,31.629547,-101.56696,,,,FracFocus
Waha 8#1,42389335920000,Apache Corporation,Reeves,Texas,31.286106,-103.18784,,,,FracFocus
Three Bar Shallow Unit 110H,42003449880000,Apache Corporation,Andrews,Texas,32.170311,-102.80654,,,,FracFocus
Ballenger #4104,42173356390000,Apache Corporation,Glasscock,Texas,31.911435,-101.45394,,,,FracFocus
ED Books 2 #16,42173356860000,Apache Corporation,Glasscock,Texas,31.872999,-101.49342,,,,FracFocus
University Devonian 48#3,42103361350000,Apache Corporation,Crane,Texas,31.439036,-102.40279,,,,FracFocus
Clinch 4238 H53LU,42235353130000,Apache Corporation,Irion,Texas,31.173992,-101.26329,,,,FracFocus
Sugg 4948 H43M,42235354020000,Apache Corporation,Irion,Texas,31.276682,-101.10359,,,,FracFocus
SRH 16 #1623,42383379310000,Apache Corporation,Reagan,Texas,31.451048,-101.43528,,,,FracFocus
Stiles 1-17-1H,42483337090000,Apache Corporation,Wheeler,Texas,35.43,-100.086,,,,FracFocus
Huckleberry 202AH,42389379540000,Apache Corporation,Reeves,Texas,31.310662,-103.907439,,,,FracFocus
Burnside 411AH,42389378500000,Apache Corporation,Reeves,Texas,31.665914,-103.876393,,,,FracFocus
Burnside 412BH,42389378510000,Apache Corporation,Reeves,Texas,31.665915,-103.876296,,,,FracFocus
Black Dog 4231 C 5HM,42461409460000,Apache Corporation,Upton,Texas,31.557747,-101.897034,,,,FracFocus
Black Dog 4231 D 6HM,42461409470000,Apache Corporation,Upton,Texas,31.557725,-101.897127,,,,FracFocus
Black Dog 4231 D 7HM,42461409480000,Apache Corporation,Upton,Texas,31.557703,-101.89722,,,,FracFocus
Jumano 401AH,42389379320000,Apache Corporation,Reeves,Texas,31.184821,-103.701841,,,,FracFocus
Mont Blanc 211AH,42389376730000,Apache Corporation,Reeves,Texas,31.214161,-103.891548,,,,FracFocus
Mont Blanc 212BH,42389376750000,Apache Corporation,Reeves,Texas,31.214162,-103.891452,,,,FracFocus
Alta 114AH,42389378180000,Apache Corporation,Reeves,Texas,31.037995,-103.763816,,,,FracFocus
Alta 113AH,42389378160000,Apache Corporation,Reeves,Texas,31.037978,-103.763722,,,,FracFocus
Mont Blanc 208AH,42389376680000,Apache Corporation,Reeves,Texas,31.21409,-103.893303,,,,FracFocus
Mont Blanc 209BH,42389376690000,Apache Corporation,Reeves,Texas,31.214089,-103.893207,,,,FracFocus
Kashmir A 1LS,42461409280000,Apache Corporation,Upton,Texas,31.567464,-101.923648,,,,FracFocus
Kashmir A 2HU,42461409290000,Apache Corporation,Upton,Texas,31.566658,-101.923873,,,,FracFocus
Kashmir A 3JM,42461409300000,Apache Corporation,Upton,Texas,31.566679,-101.92378,,,,FracFocus
Driver-Schrock 1423 A 1HS,42329427790000,Apache Corporation,Midland,Texas,31.777825,-101.794407,,,,FracFocus
Driver-Schrock 1423 A 2HA,42329427800000,Apache Corporation,Midland,Texas,31.777846,-101.794314,,,,FracFocus
Driver-Schrock 1423 A 3HC,42329427810000,Apache Corporation,Midland,Texas,31.777867,-101.79422,,,,FracFocus
Alta 110AH,42389378130000,Apache Corporation,Reeves,Texas,31.037053,-103.758178,,,,FracFocus
Mont Blanc 206AH,42389376180000,Apache Corporation,Reeves,Texas,31.199759,-103.899409,,,,FracFocus
Mont Blanc 204AH,42389376150000,Apache Corporation,Reeves,Texas,31.199759,-103.899601,,,,FracFocus
Mont Blanc 205BH,42389376160000,Apache Corporation,Reeves,Texas,31.199759,-103.899505,,,,FracFocus
Alta 108AH,42389378110000,Apache Corporation,Reeves,Texas,31.037018,-103.757991,,,,FracFocus
Alta 109AH,42389378120000,Apache Corporation,Reeves,Texas,31.037035,-103.758084,,,,FracFocus
Connell 47 8HM,42461410540000,Apache Corporation,Upton,Texas,31.552011,-101.927784,,,,FracFocus
Connell 47 10HM,42461410550000,Apache Corporation,Upton,Texas,31.552032,-101.927691,,,,FracFocus
Blackfoot State Unit 118AH,42389379890000,Apache Corporation,Reeves,Texas,31.215707,-103.909347,,,,FracFocus
Blackfoot State Unit 213BH,42389379980000,Apache Corporation,Reeves,Texas,31.215649,-103.90928,,,,FracFocus
Driver-Schrock 1423 A 4HS,42329427820000,Apache Corporation,Midland,Texas,31.777887,-101.794127,,,,FracFocus
Driver-Schrock 1423 A 5HM,42329427830000,Apache Corporation,Midland,Texas,31.777908,-101.794033,,,,FracFocus
Driver-Schrock 1423 B 6HA,42329427850000,Apache Corporation,Midland,Texas,31.777929,-101.79394,,,,FracFocus
Blackfoot State Unit 120AH,42389379920000,Apache Corporation,Reeves,Texas,31.215472,-103.904242,,,,FracFocus
Blackfoot State Unit 215BH,42389380000000,Apache Corporation,Reeves,Texas,31.215472,-103.904338,,,,FracFocus
Blackfoot State Unit 119AH,42389379910000,Apache Corporation,Reeves,Texas,31.215532,-103.909144,,,,FracFocus
SRH North 1517HA,42383404920000,Apache Corporation,Reagan,Texas,31.484418,-101.481929,,,,FracFocus
SRH North 1518HU,42383390540000,Apache Corporation,Reagan,Texas,31.4844,-101.482023,,,,FracFocus
Blackfoot State Unit 210AH,42389374770000,Apache Corporation,Reeves,Texas,31.216781,-103.912712,,,,FracFocus
Blackfoot State Unit 211AH,42389374810000,Apache Corporation,Reeves,Texas,31.216708,-103.912669,,,,FracFocus
Blackfoot State Unit 216AH,42389380010000,Apache Corporation,Reeves,Texas,31.215472,-103.904146,,,,FracFocus
Blackfoot State Unit 217BH,42389379930000,Apache Corporation,Reeves,Texas,31.215472,-103.90405,,,,FracFocus
Driver-Schrock 1423 C 8HA,42329427900000,Apache Corporation,Midland,Texas,31.778633,-101.790746,,,,FracFocus
Driver-Schrock 1423 East 10HA,42329430100000,Apache Corporation,Midland,Texas,31.778675,-101.79056,,,,FracFocus
Driver-Schrock 1423 East 11HM,42329430110000,Apache Corporation,Midland,Texas,31.778695,-101.790466,,,,FracFocus
Blackfoot State Unit 209BH,42389374760000,Apache Corporation,Reeves,Texas,31.216856,-103.912754,,,,FracFocus
Blackfoot State Unit 212BH,42389374840000,Apache Corporation,Reeves,Texas,31.216634,-103.912627,,,,FracFocus
Blackfoot State Unit 214AH,42389379990000,Apache Corporation,Reeves,Texas,31.21559,-103.909212,,,,FracFocus
E. D. Books 35 #9,42173356280000,Apache Corporation,Glasscock,Texas,31.798335,-101.477958,,,,FracFocus
SRH North 1520HA,42383404940000,Apache Corporation,Reagan,Texas,31.483575,-101.48705,,,,FracFocus
SRH North 1519HU,42383404930000,Apache Corporation,Reagan,Texas,31.483576,-101.486954,,,,FracFocus
Driver-Schrock 1423 B 7HM,42329427880000,Apache Corporation,Midland,Texas,31.778612,-101.79084,,,,FracFocus
Driver-Schrock 1423 C 9HM,42329427910000,Apache Corporation,Midland,Texas,31.778654,-101.790653,,,,FracFocus
Blackfoot State Unit 207AH,42389374750000,Apache Corporation,Reeves,Texas,31.216305,-103.91592,,,,FracFocus
Blackfoot State Unit 205BH,42389374730000,Apache Corporation,Reeves,Texas,31.216305,-103.916112,,,,FracFocus
Weaver 23 #2,42173354210000,Apache Corporation,Glasscock,Texas,31.822143,-101.492366,,,,FracFocus
Blackfoot State Unit 204AH,42389375080000,Apache Corporation,Reeves,Texas,31.216364,-103.917634,,,,FracFocus
Ellwood A 179,42219361100000,Apache Corporation,Hockley,Texas,33.638231,-102.183379,,,,FracFocus
Blackfoot State Unit 203BH,42389375070000,Apache Corporation,Reeves,Texas,31.216364,-103.91773,,,,FracFocus
Blackfoot State Unit 201AH,42389375010000,Apache Corporation,Reeves,Texas,31.216364,-103.917826,,,,FracFocus
Aldwell 0611 E 3HU,42383405080000,Apache Corporation,Reagan,Texas,31.430311,-101.671561,,,,FracFocus
Aldwell 0611 E 2HM,42383405090000,Apache Corporation,Reagan,Texas,31.43029,-101.671654,,,,FracFocus
Chinook 205AH,42389379140000,Apache Corporation,Reeves,Texas,31.168496,-103.793529,,,,FracFocus
Chinook 204AH,42389378860000,Apache Corporation,Reeves,Texas,31.168578,-103.793529,,,,FracFocus
Longs Peak State Unit 103AH,42389381600000,Apache Corporation,Reeves,Texas,31.055917,-103.768133,,,,FracFocus
Lynch Tippett 4801 F 6HM,42329429210000,Apache Corporation,Midland,Texas,31.707114,-102.172005,,,,FracFocus
Lynch Tippett 4801 F 16HS,42329429220000,Apache Corporation,Midland,Texas,31.707115,-102.172005,,,,FracFocus
Bragg 407AH,42389380760000,Apache Corporation,Reeves,Texas,31.663955,-103.831981,,,,FracFocus
Iroquois State Unit 202AR,42389383040000,Apache Corporation,Reeves,Texas,31.195787,-103.88305,,,,FracFocus
Lynch Tippett 4801 E 13HS,42329429190000,Apache Corporation,Midland,Texas,31.729279,-102.178746,,,,FracFocus
Aldwell 0611 E 11HU,42383405120000,Apache Corporation,Reagan,Texas,31.429371,-101.675718,,,,FracFocus
Iroquois State Unit 204AH,42389381810000,Apache Corporation,Reeves,Texas,31.19587,-103.88305,,,,FracFocus
Aldwell 0611 E 6HU,42383405100000,Apache Corporation,Reagan,Texas,31.429372,-101.675718,,,,FracFocus
Aldwell 0611 E 6HU,42383405110000,Apache Corporation,Reagan,Texas,31.429369,-101.65717,,,,FracFocus
Iroquois State Unit 203BH,42389381800000,Apache Corporation,Reeves,Texas,31.195952,-103.88305,,,,FracFocus
Lynch Tippett 4801 E 5HM,42329429180000,Apache Corporation,Midland,Texas,31.729256,-102.178839,,,,FracFocus
Lee 411AH,42389374550000,Apache Corporation,Reeves,Texas,31.663859,-103.858754,,,,FracFocus
Lee 412BH,42389374560000,Apache Corporation,Reeves,Texas,31.66386,-103.858657,,,,FracFocus
Seth Campbell #102,42495340990000,Apache Corporation,Winkler,Texas,31.881255,-103.071732,,,,FracFocus
Seth Campbell #119,42495339860000,Apache Corporation,Winkler,Texas,31.884511,-103.072085,,,,FracFocus
Cree State Unit 102AH,42389382270000,Apache Corporation,Reeves,Texas,31.122175,-103.758096,,,,FracFocus
Jackson 411AH,42389374470000,Apache Corporation,Reeves,Texas,31.663864,-103.85599,,,,FracFocus
Jackson 412BH,42389374480000,Apache Corporation,Reeves,Texas,31.663864,-103.856086,,,,FracFocus
Dixieland SWD 3,42389379500000,Apache Corporation,Reeves,Texas,31.678144,-103.882771,,,,FracFocus
Lynch Tippett 4801 C 3HM,42329429040000,Apache Corporation,Midland,Texas,31.728387,-102.182395,,,,FracFocus
Lynch Tippett 4801 C 20HS,42329429060000,Apache Corporation,Midland,Texas,31.728365,-102.182487,,,,FracFocus
Lynch Tippett 4801 C 9HS,42329429050000,Apache Corporation,Midland,Texas,31.728342,-102.18258,,,,FracFocus
Cree State Unit 103AH,42389383010000,Apache Corporation,Reeves,Texas,31.122175,-103.753047,,,,FracFocus
Cree State Unit 104AH,42389383020000,Apache Corporation,Reeves,Texas,31.122175,-103.752951,,,,FracFocus
Storm Cat Unit 401AH,42389379580000,Apache Corporation,Reeves,Texas,31.071673,-103.6433,,,,FracFocus
Lynch Tippett 4801 D 11HS,42329429160000,Apache Corporation,Midland,Texas,31.728916,-102.18023,,,,FracFocus
Lynch Tippett 4801 E 14HS,42329429200000,Apache Corporation,Midland,Texas,31.728939,-102.180138,,,,FracFocus
Cherokee State 101AH,42389380980000,Apache Corporation,Reeves,Texas,31.215472,-103.938096,,,,FracFocus
Lynch Tippett 4801 D 4HM,42329429150000,Apache Corporation,Midland,Texas,31.728894,-102.180323,,,,FracFocus
Lynch Tippett 4801 D 12HS,42329429170000,Apache Corporation,Midland,Texas,31.728871,-102.180416,,,,FracFocus
Cherokee State 103AH,42389381000000,Apache Corporation,Reeves,Texas,31.215473,-103.940239,,,,FracFocus
Cherokee State 102AH,42389380990000,Apache Corporation,Reeves,Texas,31.215472,-103.940047,,,,FracFocus
June T Lynch 6 #3,42329337950000,Apache Corporation,Midland,Texas,31.729256,-102.178839,,,,FracFocus
Cherokee State 204BH,42389381050000,Apache Corporation,Reeves,Texas,31.215473,-103.941982,,,,FracFocus
Lynch Tippett 4801 A 1HM,42329431490000,Apache Corporation,Midland,Texas,31.726596,-102.187166,,,,FracFocus
Lynch Tippett 4801 A 8HS,42329431500000,Apache Corporation,Midland,Texas,31.726618,-102.187074,,,,FracFocus
Cherokee State 104AH,42389381010000,Apache Corporation,Reeves,Texas,31.215473,-103.942174,,,,FracFocus
Cherokee State 205AH,42389381060000,Apache Corporation,Reeves,Texas,31.215473,-103.942078,,,,FracFocus
TJ Good A #70,42033320030000,Apache Corporation,Borden,Texas,32.593519,-101.621691,,,,FracFocus
Hyperion 102AH,42389382890000,Apache Corporation,Reeves,Texas,30.940118,-103.61482,,,,FracFocus
Lumbee 102AH,42389383610000,Apache Corporation,Reeves,Texas,31.103867,-103.744495,,,,FracFocus
Lumbee 103AH,42389383620000,Apache Corporation,Reeves,Texas,31.103702,-103.744495,,,,FracFocus
Lumbee 202AH,42389383630000,Apache Corporation,Reeves,Texas,31.103784,-103.744495,,,,FracFocus
Lynch Tippett 4801 B 2HM,42329431510000,Apache Corporation,Midland,Texas,31.725684,-102.184077,,,,FracFocus
Lynch Tippett 4801 B 7HS,42329431520000,Apache Corporation,Midland,Texas,31.725661,-102.184169,,,,FracFocus
Lynch Tippett 4801 B 10HS,42329431530000,Apache Corporation,Midland,Texas,31.725706,-102.183984,,,,FracFocus
Spruce State Unit 402BH,42389384720000,Apache Corporation,Reeves,Texas,31.3048,-103.971241,,,,FracFocus
Lumbee 104AH,42389383590000,Apache Corporation,Reeves,Texas,31.09944,-103.746069,,,,FracFocus
Lumbee 203AH,42389383580000,Apache Corporation,Reeves,Texas,31.099523,-103.746069,,,,FracFocus
TJ Good A #69,42033320020000,Apache Corporation,Borden,Texas,32.589309,-101.626784,,,,FracFocus
Lumbee 204AH,42389383600000,Apache Corporation,Reeves,Texas,31.099358,-103.746069,,,,FracFocus
Wintoon 203AH,42389383830000,Apache Corporation,Reeves,Texas,31.196358,-103.902591,,,,FracFocus
Weatherby 2728 7HA,42383405360000,Apache Corporation,Reagan,Texas,31.34349,-101.613222,,,,FracFocus
Weatherby 2728 8HU,42383405400000,Apache Corporation,Reagan,Texas,31.343491,-101.613318,,,,FracFocus
Weatherby 2728 9HA,42383405410000,Apache Corporation,Reagan,Texas,31.343492,-101.613414,,,,FracFocus
Wintoon 102AH,42389383840000,Apache Corporation,Reeves,Texas,31.19644,-103.902591,,,,FracFocus
Wintoon 202BH,42389383850000,Apache Corporation,Reeves,Texas,31.196523,-103.902591,,,,FracFocus
Lumbee 205AH,42389383550000,Apache Corporation,Reeves,Texas,31.096822,-103.745648,,,,FracFocus
KMEU 2709,42235332890000,Apache Corporation,Irion,Texas,31.25995,-101.06311,,,,FracFocus
Alwell 0544 14HU,42383405840000,Apache Corporation,Reagan,Texas,31.466542,-101.63659,,,,FracFocus
Alwell 0544 16HU,42383405870000,Apache Corporation,Reagan,Texas,31.46652,-101.636683,,,,FracFocus
Lumbee 106AH,42389383560000,Apache Corporation,Reeves,Texas,31.096733,-103.745648,,,,FracFocus
Lumbee 105AH,42389383570000,Apache Corporation,Reeves,Texas,31.096904,-103.745648,,,,FracFocus
Wintoon 101AH,42389383860000,Apache Corporation,Reeves,Texas,31.196605,-103.902591,,,,FracFocus
Wintoon 201AH,42389383870000,Apache Corporation,Reeves,Texas,31.196688,-103.902591,,,,FracFocus
Parks-Coyote 1506 1HM,42329432890000,Apache Corporation,Midland,Texas,31.780223,-102.169597,,,,FracFocus
Parks-Coyote 1506 2HM,42329432900000,Apache Corporation,Midland,Texas,31.780246,-102.169504,,,,FracFocus
Adair San Andres Unit 1202R,42165349060000,Apache Corporation,Gaines,Texas,32.957701,-102.283893,,,,FracFocus
Aldwell 0544 18HU,42383405880000,Apache Corporation,Reagan,Texas,31.465041,-101.643095,,,,FracFocus
Aldwell 0544 20HU,42383405890000,Apache Corporation,Reagan,Texas,31.46502,-101.643188,,,,FracFocus
Long Peaks State Unit 104AH,42389385700000,Apache Corporation,Reeves,Texas,31.056051,-103.7681,,,,FracFocus
STONE 5202W (ALLOC) 10H,42461408730000,Apache Corporation,Upton,Texas,31.183357,-101.895064,,,,FracFocus
Parks-Coyote 1506 4HM,42329432920000,Apache Corporation,Midland,Texas,31.780292,-102.169319,,,,FracFocus
Parks-Coyote 1506 3HM,42329432910000,Apache Corporation,Midland,Texas,31.780269,-102.169411,,,,FracFocus
Storm Cat Unit 402AH,42389385300000,Apache Corporation,Reeves,Texas,31.073464,-103.654198,,,,FracFocus
STONE 5202C (ALLOC) 11H,42461410150000,Apache Corporation,Upton,Texas,31.184925,-101.908338,,,,FracFocus
Adair San Andres Unit 2101,42165000540000,Apache Corporation,Gaines,Texas,32.943259,-102.28779,,,,FracFocus
Retama State Unit 101AH,42389385560000,Apache Corporation,Reeves,Texas,31.285115,-103.935254,,,,FracFocus
Adair San Andres Unit 1205R,42165313910000,Apache Corporation,Gaines,Texas,32.95443,-102.28779,,,,FracFocus
Parks-Coyote 1506 6HM,42329432940000,Apache Corporation,Midland,Texas,31.782421,-102.160676,,,,FracFocus
Parks-Coyote 1506 7HM,42329432950000,Apache Corporation,Midland,Texas,31.782443,-102.160583,,,,FracFocus
Simpson Smith 0844 A 1WH,42227400740000,Apache Corporation,Howard,Texas,32.471817,-101.425177,,,,FracFocus
Parks-Coyote 1506 5HM,42329432930000,Apache Corporation,Midland,Texas,31.782398,-102.160769,,,,FracFocus
Bonsai State Unit 201AH,42389385490000,Apache Corporation,Reeves,Texas,31.314634,-103.922129,,,,FracFocus
Adair San Andres Unit 2201,42165022290000,Apache Corporation,Gaines,Texas,32.94327,-102.29415,,,,FracFocus
Jackson 405AH,42389376140000,Apache Corporation,Reeves,Texas,31.663858,-103.846948,,,,FracFocus
Jackson 406BH,42389376170000,Apache Corporation,Reeves,Texas,31.663858,-103.847044,,,,FracFocus
Warhead 0405 B 6HM,42461412170000,Apache Corporation,Upton,Texas,31.317153,-101.814437,,,,FracFocus
Warhead 0405 A 1HA,42461412130000,Apache Corporation,Upton,Texas,31.317039,-101.814576,,,,FracFocus
Warhead 0405 B 2HA,42461412160000,Apache Corporation,Upton,Texas,31.31721,-101.814644,,,,FracFocus
Jackson 407AH,42389375330000,Apache Corporation,Reeves,Texas,31.663861,-103.850847,,,,FracFocus
Jackson 408BR,42389385600000,Apache Corporation,Reeves,Texas,31.663861,-103.850686,,,,FracFocus
Jackson 409AH,42389375290000,Apache Corporation,Reeves,Texas,31.663862,-103.853418,,,,FracFocus
Jackson 410BH,42389375300000,Apache Corporation,Reeves,Texas,31.663863,-103.853515,,,,FracFocus
University 4-30 #1,42461387860000,Apache Corporation,Upton,Texas,31.146164,-101.776883,,,,FracFocus
Warhead 0405 A 9HL,42461412120000,Apache Corporation,Upton,Texas,31.316928,-101.814715,,,,FracFocus
Warhead 0405 A 5HM,42461412140000,Apache Corporation,Upton,Texas,31.316983,-101.814646,,,,FracFocus
Warhead 0405 B 10HL,42461412150000,Apache Corporation,Upton,Texas,31.316987,-101.814506,,,,FracFocus
Torpedo 1048 C 9HL,42461411870000,Apache Corporation,Upton,Texas,31.363967,-101.821599,,,,FracFocus
Torpedo 1048 C 10HM,42461411900000,Apache Corporation,Upton,Texas,31.363945,-101.821691,,,,FracFocus
Torpedo 1048 C 4HA,42461411880000,Apache Corporation,Upton,Texas,31.363923,-101.821784,,,,FracFocus
"SUGG/FARMAR ""11"" well no. 1104",42235336980000,Apache Corporation,Irion,Texas,31.3075,-101.020278,,,,FracFocus
Torpedo 1048 A 3HA,42461411910000,Apache Corporation,Upton,Texas,31.363902,-101.821877,,,,FracFocus
Warhead 0405 D 11HL,42461412200000,Apache Corporation,Upton,Texas,31.316104,-101.805474,,,,FracFocus
Warhead 0405 D 4HA,42461412210000,Apache Corporation,Upton,Texas,31.316105,-101.805666,,,,FracFocus
Warhead 0405 D 8HM,42461412220000,Apache Corporation,Upton,Texas,31.316105,-101.80557,,,,FracFocus
Warhead 0405 C 7HM,42461412180000,Apache Corporation,Upton,Texas,31.316106,-101.805762,,,,FracFocus
Warhead 0405 C 3HA,42461412190000,Apache Corporation,Upton,Texas,31.316106,-101.805762,,,,FracFocus
Night Flight 4738 F 6HM,42461412430000,Apache Corporation,Upton,Texas,31.515818,-102.019588,,,,FracFocus
Night Flight 4738 D 4HM,42461412400000,Apache Corporation,Upton,Texas,31.51577,-102.019773,,,,FracFocus
Night Flight 4738 E 5HM,42461412420000,Apache Corporation,Upton,Texas,31.515794,-102.01968,,,,FracFocus
University 2404 East A 5HA,42383406960000,Apache Corporation,Reagan,Texas,31.316562,-101.605123,,,,FracFocus
University 2404 East C 6HM,42383406970000,Apache Corporation,Reagan,Texas,31.316562,-101.605027,,,,FracFocus
University 2404 East C 7HA,42383406980000,Apache Corporation,Reagan,Texas,31.316561,-101.60493,,,,FracFocus
Night Flight 4738 A 1HM,42461412370000,Apache Corporation,Upton,Texas,31.513254,-102.029437,,,,FracFocus
Night Flight 4738 B 2HM,42461412380000,Apache Corporation,Upton,Texas,31.513278,-102.029345,,,,FracFocus
Night Flight 4738 C 3HM,42461412390000,Apache Corporation,Upton,Texas,31.513302,-102.029253,,,,FracFocus
Bragg 401AH,42389387130000,Apache Corporation,Reeves,Texas,31.663973,-103.827518,,,,FracFocus
Lynch-June T 4837 A 7HS,42329437800000,Apache Corporation,Midland,Texas,31.722735,-102.186842,,,,FracFocus
Lynch-June T 4837 A 15HJ,42329437920000,Apache Corporation,Midland,Texas,31.722712,-102.186935,,,,FracFocus
Lynch-June T 4837 A 1HM,42329437780000,Apache Corporation,Midland,Texas,31.722667,-102.187121,,,,FracFocus
Lynch-June T 4837 A 6HS,42329437790000,Apache Corporation,Midland,Texas,31.722689,-102.187028,,,,FracFocus
Willow State Unit 101AH,42389385830000,Apache Corporation,Reeves,Texas,31.310003,-103.905165,,,,FracFocus
Lynch-June T 4837 E 14HM,42329438230000,Apache Corporation,Midland,Texas,31.726025,-102.174578,,,,FracFocus
Lynch-June T 4837 E 13HS,42329438220000,Apache Corporation,Midland,Texas,31.726003,-102.17467,,,,FracFocus
Cherokee State 201AH,42389381020000,Apache Corporation,Reeves,Texas,31.215472,-103.938192,,,,FracFocus
Meade 407AH,42389379170000,Apache Corporation,Reeves,Texas,31.665949,-103.867775,,,,FracFocus
Meade 408BH,42389379180000,Apache Corporation,Reeves,Texas,31.665949,-103.867871,,,,FracFocus
Lynch-June T 4837 B 8HS,42329437860000,Apache Corporation,Midland,Texas,31.723583,-102.18338,,,,FracFocus
Lynch-June T 4837 B 2HM,42329437850000,Apache Corporation,Midland,Texas,31.723606,-102.183287,,,,FracFocus
Lynch-June T 4837 B 9HS,42329437870000,Apache Corporation,Midland,Texas,31.723629,-102.183194,,,,FracFocus
Lynch-June T 4837 C 10HS,42329438170000,Apache Corporation,Midland,Texas,31.723651,-102.183102,,,,FracFocus
Lynch-June T 4837 C 11HS,42329438190000,Apache Corporation,Midland,Texas,31.724976,-102.17886,,,,FracFocus
Lynch-June T 4837 D 3HM,42329438200000,Apache Corporation,Midland,Texas,31.725,-102.178767,,,,FracFocus
Lynch-June T 4837 D 12HS,42329438210000,Apache Corporation,Midland,Texas,31.725022,-102.178674,,,,FracFocus
Hartgrove 0304 A 1HU,42383408080000,Apache Corporation,Reagan,Texas,31.39713,-101.684186,,,,FracFocus
Hartgrove 0304 B 2HM,42383408090000,Apache Corporation,Reagan,Texas,31.397109,-101.68428,,,,FracFocus
Hartgrove 0304 C 3HU,42383408100000,Apache Corporation,Reagan,Texas,31.397088,-101.684372,,,,FracFocus
Hartgrove 0304 D 4HU,42383408110000,Apache Corporation,Reagan,Texas,31.395364,-101.692003,,,,FracFocus
Hartgrove 0304 E 5HM,42383408120000,Apache Corporation,Reagan,Texas,31.395343,-101.692096,,,,FracFocus
Hartgrove 0304 F 6HU,42383408130000,Apache Corporation,Reagan,Texas,31.395322,-101.692189,,,,FracFocus
Bull Run 415CH,42389386500000,Apache Corporation,Reeves,Texas,31.663658,-103.878711,,,,FracFocus
Bull Run 413CH,42389386460000,Apache Corporation,Reeves,Texas,31.663532,-103.878147,,,,FracFocus
Mohican Unit 204AH,42389371780000,Apache Corporation,Reeves,Texas,31.663809,-103.878147,,,,FracFocus
Mohican Unit 105AH,42389372400000,Apache Corporation,Reeves,Texas,31.12498,-103.555924,,,,FracFocus
Mohican Unit 110AH,42389384390000,Apache Corporation,Reeves,Texas,31.213834,-103.932929,,,,FracFocus
Goodspeed B 4HM,42173382660000,Apache Corporation,Glasscock,Texas,31.721049,-101.72026,,,,FracFocus
Goodspeed C 5HA,42173382670000,Apache Corporation,Glasscock,Texas,31.721071,-101.720167,,,,FracFocus
Anderson A 1H,42041326140000,Apache Corporation,Brazos,Texas,30.625323,-96.212623,,,,FracFocus
Players A6 3AH,42227408170000,Apache Corporation,Howard,Texas,32.27551,-101.53986,,,,FracFocus
Players A7 4AH,42227408180000,Apache Corporation,Howard,Texas,32.275341,-101.53981,,,,FracFocus
Players A8 5AH,42227408190000,Apache Corporation,Howard,Texas,32.275419,-101.539835,,,,FracFocus
Mohican Unit 206AH,42389372460000,Apache Corporation,Reeves,Texas,31.213833,-103.933217,,,,FracFocus
Mohican Unit 205 AH,42389384230000,Apache Corporation,Reeves,Texas,31.213833,-103.933025,,,,FracFocus
Goodspeed B 3HA,42173382650000,Apache Corporation,Glasscock,Texas,31.720305,-101.723356,,,,FracFocus
Goodspeed A 1HA,42173382630000,Apache Corporation,Glasscock,Texas,31.720261,-101.723542,,,,FracFocus
Goodspeed A 2HM,42173382640000,Apache Corporation,Glasscock,Texas,31.720283,-101.723449,,,,FracFocus
Gibson East 22 1AH,42227406540000,Apache Corporation,Howard,Texas,32.5143,-101.610372,,,,FracFocus
Gibson East 22 2AH,42227406550000,Apache Corporation,Howard,Texas,32.514097,-101.610656,,,,FracFocus
Gibson East 22 5SH,42227406560000,Apache Corporation,Howard,Texas,32.514017,-101.610633,,,,FracFocus
Stephen A 1H,42041326130000,Apache Corporation,Brazos,Texas,30.61462,-96.22772,,,,FracFocus
Gibson East 22 6SH,42227406570000,Apache Corporation,Howard,Texas,32.515006,-101.606669,,,,FracFocus
Gibson East 22 3AH,42227406580000,Apache Corporation,Howard,Texas,32.514847,-101.606625,,,,FracFocus
Gibson East 22 4AH,42227406590000,Apache Corporation,Howard,Texas,32.515039,-101.607058,,,,FracFocus
Kashmir B 4LS,42461413750000,Apache Corporation,Upton,Texas,31.571408,-101.922539,,,,FracFocus
Kashmir C 5HU,42461413770000,Apache Corporation,Upton,Texas,31.571485,-101.922501,,,,FracFocus
Kashmir C 6JM,42461413760000,Apache Corporation,Upton,Texas,31.571562,-101.922465,,,,FracFocus
Gibson Unit 28-21 4AH,42227406980000,Apache Corporation,Howard,Texas,32.495936,-101.625736,,,,FracFocus
Gibson Unit 28-21 12SH,42227406990000,Apache Corporation,Howard,Texas,32.522964,-101.634103,,,,FracFocus
Gibson Unit 28-21 5AH,42227407000000,Apache Corporation,Howard,Texas,32.495794,-101.625594,,,,FracFocus
Gibson Unit 28-21 13SH,42227407010000,Apache Corporation,Howard,Texas,32.495956,-101.625642,,,,FracFocus
Kashmir G 12JM,42461413820000,Apache Corporation,Upton,Texas,31.573572,-101.911792,,,,FracFocus
Kashmir East J 11HU,42461413840000,Apache Corporation,Upton,Texas,31.57355,-101.911885,,,,FracFocus
Kashmir East F 10LS,42461413810000,Apache Corporation,Upton,Texas,31.573529,-101.911978,,,,FracFocus
Cheek Unit A 28-21 2AH,42227409450000,Apache Corporation,Howard,Texas,32.4952,-101.629383,,,,FracFocus
GIBSON UNIT 28-21 3AH,42227409470000,Apache Corporation,Howard,Texas,32.52251,-101.637257,,,,FracFocus
Cheek Unit A 28-21 10SH,42227409460000,Apache Corporation,Howard,Texas,32.495039,-101.629339,,,,FracFocus
GIBSON UNIT 28-21 11SH,42227409480000,Apache Corporation,Howard,Texas,32.522569,-101.636325,,,,FracFocus
Crowheart 10BS,42475381830000,Apache Corporation,Ward,Texas,31.48955,-103.18805,,,,FracFocus
Kashmir East E 9JM,42461413800000,Apache Corporation,Upton,Texas,31.572765,-101.91528,,,,FracFocus
Kashmir East D 7LS,42461413790000,Apache Corporation,Upton,Texas,31.572722,-101.915466,,,,FracFocus
Kashmir East H 8HU,42461413830000,Apache Corporation,Upton,Texas,31.572744,-101.915373,,,,FracFocus
Crowheart 11BS,42475381840000,Apache Corporation,Ward,Texas,31.485717,-103.186021,,,,FracFocus
Tomahawk 4810 A 1HL,42461416870000,Apache Corporation,Upton,Texas,31.366045,-101.812574,,,,FracFocus
Tomahawk 4810 B 2HL,42461416880000,Apache Corporation,Upton,Texas,31.366067,-101.812481,,,,FracFocus
Seth Campbell 64,42495333500000,Apache Corporation,Winkler,Texas,31.876356,-103.060913,,,,FracFocus
WOMAC A4 2LA,42389392570000,Apache Corporation,Reeves,Texas,31.47427,-103.559106,,,,FracFocus
WOMAC A5 10UA,42389392580000,Apache Corporation,Reeves,Texas,31.472553,-103.559317,,,,FracFocus
Sycamore Unit 401 AH,42389357730100,Apache Corporation,Reeves,Texas,31.255201,-103.907314,,,,FracFocus
Polaris 4750 B 4HL,42461417400000,Apache Corporation,Upton,Texas,31.366473,-101.80427,,,,FracFocus
Polaris 4750 A 3HL,42461417410000,Apache Corporation,Upton,Texas,31.366388,-101.80426,,,,FracFocus
NIMITZ UNIT 187 188W 3H,42389394030000,Apache Corporation,Reeves,Texas,31.177864,-103.574267,,,,FracFocus
NIMITZ UNIT 187 188W 5H,42389394050000,Apache Corporation,Reeves,Texas,31.177823,-103.574048,,,,FracFocus
NIMITZ UNIT 187 188E 07H,42389394060000,Apache Corporation,Reeves,Texas,31.177803,-103.573939,,,,FracFocus
WOMAC A2 1LA,42389392430000,Apache Corporation,Reeves,Texas,31.473945,-103.564958,,,,FracFocus
WOMAC A3 9UA,42389392440000,Apache Corporation,Reeves,Texas,31.472748,-103.564255,,,,FracFocus
Boultinghouse - Lynch 1114 C 3HM,42329440890000,Apache Corporation,Midland,Texas,31.702424,-102.188992,,,,FracFocus
Boultinghouse - Lynch 1114 D 4HM,42329440900000,Apache Corporation,Midland,Texas,31.702446,-102.188899,,,,FracFocus
MCDERMOTT STATE UNIT 9UA,42389394340000,Apache Corporation,Reeves,Texas,31.501762,-103.570498,,,,FracFocus
MCDERMOTT STATE UNIT 3LA,42389394330000,Apache Corporation,Reeves,Texas,31.500115,-103.56887,,,,FracFocus
Boultinghouse-Lynch 1114 A 1HM,42329440810000,Apache Corporation,Midland,Texas,31.70047,-102.197011,,,,FracFocus
Boultinghouse-Lynch 1114 B 2HM,42329440820000,Apache Corporation,Midland,Texas,31.700492,-102.197011,,,,FracFocus
Milam Hall A 1H,42477311480000,Apache Corporation,Washington,Texas,30.207645,-96.690237,,,,FracFocus
Milam Hall A 2H,42477311490000,Apache Corporation,Washington,Texas,30.207701,-96.690167,,,,FracFocus
Diamond Cutter West A 1HM,42329449800000,Apache Corporation,Midland,Texas,31.784185,-102.169721,,,,FracFocus
Diamond Cutter West B 2HM,42329449810000,Apache Corporation,Midland,Texas,31.784208,-102.169623,,,,FracFocus
Diamond Cutter East C 3HM,42329449830000,Apache Corporation,Midland,Texas,31.786151,-102.160811,,,,FracFocus
Diamond Cutter East D 4HM,42329449840000,Apache Corporation,Midland,Texas,31.786174,-102.160718,,,,FracFocus
Rust Unit B 2H,42041326260100,Apache Corporation,Brazos,Texas,30.647842,-96.204347,,,,FracFocus
Rust Unit A 3H,42041326270000,Apache Corporation,Brazos,Texas,30.647886,-96.20452,,,,FracFocus
Rust Unit A 1H,42041326250000,Apache Corporation,Brazos,Texas,30.647852,-96.204434,,,,FracFocus
Parks Coyote 1506 D 17HS,42329450370000,Apache Corporation,Midland,Texas,31.781482,-102.168766,,,,FracFocus
Parks Coyote 1506 A 15HJ,42329450330000,Apache Corporation,Midland,Texas,31.781368,-102.16923,,,,FracFocus
Parks Coyote 1506 B 9HS,42329450340000,Apache Corporation,Midland,Texas,31.781414,-102.169044,,,,FracFocus
Parks Coyote 1506 C 16HJ,42329450360000,Apache Corporation,Midland,Texas,31.781459,-102.168859,,,,FracFocus
Parks Coyote 1506 A 8HS,42329450320000,Apache Corporation,Midland,Texas,31.781391,-102.169137,,,,FracFocus
Parks Coyote 1506 C 10HS,42329450350000,Apache Corporation,Midland,Texas,31.781437,-102.168951,,,,FracFocus
Bell A 1H,42041326410000,Apache Corporation,Brazos,Texas,30.680228,-96.196011,,,,FracFocus
Parks Coyote 1506 G 14HS,42329450450000,Apache Corporation,Midland,Texas,31.783535,-102.160432,,,,FracFocus
Parks Coyote 1506 G 19HS,42329450510000,Apache Corporation,Midland,Texas,31.783558,-102.160339,,,,FracFocus
Bell A 2H,42041326420000,Apache Corporation,Brazos,Texas,30.680156,-96.196057,,,,FracFocus
Bell A 3H,42041326430000,Apache Corporation,Brazos,Texas,30.680083,-96.196103,,,,FracFocus
Parks Coyote 1506 E 18HJ,42329450400000,Apache Corporation,Midland,Texas,31.783466,-102.16071,,,,FracFocus
Parks Coyote 1506 D 11HS,42329450380000,Apache Corporation,Midland,Texas,31.783444,-102.160803,,,,FracFocus
Parks Coyote 1506 E 12HS,42329450390000,Apache Corporation,Midland,Texas,31.783489,-102.160618,,,,FracFocus
Parks Coyote 1506 F 13HS,42329450410000,Apache Corporation,Midland,Texas,31.783512,-102.160525,,,,FracFocus
Sidewinder A 1HL,42461419450000,Apache Corporation,Upton,Texas,31.305436,-101.836679,,,,FracFocus
Sidewinder B 2HL,42461419460000,Apache Corporation,Upton,Texas,31.305436,-101.836775,,,,FracFocus
The Great Milenko Unit 15-16 11H,42389396090000,Apache Corporation,Reeves,Texas,31.206401,-103.610092,,,,FracFocus
The Great Milenko Unit 15-16 3UA,42389395940000,Apache Corporation,Reeves,Texas,31.206478,-103.610586,,,,FracFocus
The Great Milenko Unit 15-16 10H,42389396080000,Apache Corporation,Reeves,Texas,31.206229,-103.610196,,,,FracFocus
Bragg 601H,42389380750000,Apache Corporation,Reeves,Texas,31.663956,-103.831884,,,,FracFocus
Goodspeed Deep C 7HC,42173385910000,Apache Corporation,Glasscock,Texas,31.719301,-101.720739,,,,FracFocus
Bragg 402CH,42389387140000,Apache Corporation,Reeves,Texas,31.663973,-103.827615,,,,FracFocus
Bragg 405DH,42389388330000,Apache Corporation,Reeves,Texas,31.663972,-103.827904,,,,FracFocus
Bragg 502H,42389388340000,Apache Corporation,Reeves,Texas,31.663973,-103.827711,,,,FracFocus
Goodspeed Deep A 6HC,42173385900000,Apache Corporation,Glasscock,Texas,31.719279,-101.720832,,,,FracFocus
Bragg 404BH,42389388350000,Apache Corporation,Reeves,Texas,31.663972,-103.827808,,,,FracFocus
Bragg 406CH,42389383300000,Apache Corporation,Reeves,Texas,31.663971,-103.828,,,,FracFocus
Family Man A 1HA,42329453930000,Apache Corporation,Midland,Texas,31.782785,-101.785612,,,,FracFocus
Family Man B 2HM,42329453940000,Apache Corporation,Midland,Texas,31.782705,-101.785587,,,,FracFocus
Valentine B 1H,42477312270000,Apache Corporation,Washington,Texas,30.21298,-96.696227,,,,FracFocus
Valentine A 2H,42477312280000,Apache Corporation,Washington,Texas,30.213038,-96.69616,,,,FracFocus
Schrock WM 2326 20HM,42329453720000,Apache Corporation,Midland,Texas,31.760778,-101.777879,,,,FracFocus
Molitor A 2H,42041326360000,Apache Corporation,Brazos,Texas,30.633885,-96.199548,,,,FracFocus
Wicker Man C 3HA,42173386730000,Apache Corporation,Glasscock,Texas,31.743762,-101.756833,,,,FracFocus
Wicker Man A 1HA,42173386710000,Apache Corporation,Glasscock,Texas,31.744001,-101.756911,,,,FracFocus
Wicker Man B 2HM,42173386720000,Apache Corporation,Glasscock,Texas,31.743921,-101.756884,,,,FracFocus
Wicker Man D 4HM,42173386740000,Apache Corporation,Glasscock,Texas,31.743841,-101.756858,,,,FracFocus
Hellfire West A 1HL,42461419940000,Apache Corporation,Upton,Texas,31.31741,-101.798381,,,,FracFocus
Hellfire East D 4HL,42461419990000,Apache Corporation,Upton,Texas,31.317408,-101.798093,,,,FracFocus
Hellfire West B 2HL,42461419950000,Apache Corporation,Upton,Texas,31.31741,-101.798285,,,,FracFocus
Hellfire East C 3HL,42461419970000,Apache Corporation,Upton,Texas,31.317409,-101.798189,,,,FracFocus
Weather Man A 1HA,42173386200000,Apache Corporation,Glasscock,Texas,31.74111,-101.763912,,,,FracFocus
Weather Man B 2HM,42173386210000,Apache Corporation,Glasscock,Texas,31.741131,-101.763818,,,,FracFocus
NORTH BONSAI STATE UNIT 101AH,42389399960000,Apache Corporation,Reeves,Texas,31.317634,-103.921749,,,,FracFocus
NORTH BONSAI STATE UNIT 202AH,42389399970000,Apache Corporation,Reeves,Texas,31.317728,-103.921749,,,,FracFocus
Yellow Belly 1HM,42329458120000,Apache Corporation,Midland,Texas,31.714915,-102.145514,,,,FracFocus
Yellow Belly 2HM,42329458130000,Apache Corporation,Midland,Texas,31.714938,-102.145421,,,,FracFocus
WILLOW STATE UNIT 102BH,42389386890000,Apache Corporation,Reeves,Texas,31.30992,-103.905165,,,,FracFocus
Weather Man C 3HA,42173386220000,Apache Corporation,Glasscock,Texas,31.741115,-101.763725,,,,FracFocus
Weather Man D 4HM,42173386230000,Apache Corporation,Glasscock,Texas,31.741173,-101.763632,,,,FracFocus
Silver Bullet 1HM,42329457040000,Apache Corporation,Midland,Texas,31.711139,-102.16517,,,,FracFocus
Silver Bullet 2HM,42329457090000,Apache Corporation,Midland,Texas,31.711163,-102.165078,,,,FracFocus
Silver Bullet 3HM,42329457100000,Apache Corporation,Midland,Texas,31.713722,-102.152987,,,,FracFocus
Silver Bullet 4HM,42329457110000,Apache Corporation,Midland,Texas,31.713745,-102.152894,,,,FracFocus
Brennan Dale 413,42301359410000,Apache Corporation,Loving,Texas,31.8533,-103.63899,,,,FracFocus
Brennan Dale 523,42301359430000,Apache Corporation,Loving,Texas,31.8533,-103.6389,,,,FracFocus
Sidewinder F 5HA,42461422110000,Apache Corporation,Upton,Texas,31.306103,-101.836451,,,,FracFocus
Sidewinder 6HU,42461422120000,Apache Corporation,Upton,Texas,31.306102,-101.836354,,,,FracFocus
Brennan Dale 421,42301359450000,Apache Corporation,Loving,Texas,31.85223,-103.64967,,,,FracFocus
Brennan Dale 451,42301359460000,Apache Corporation,Loving,Texas,31.85215,-103.64989,,,,FracFocus
Brennan Dale 611,42301359470000,Apache Corporation,Loving,Texas,31.85218,-103.64982,,,,FracFocus
Sidewinder D 4HM,42461422100000,Apache Corporation,Upton,Texas,31.306103,-101.836547,,,,FracFocus
Sidewinder C 3HU,42461422090000,Apache Corporation,Upton,Texas,31.306104,-101.836643,,,,FracFocus
Brennan Dale 402,42301359480000,Apache Corporation,Loving,Texas,31.85311,-103.64609,,,,FracFocus
Brennan Dale 453,42301359420000,Apache Corporation,Loving,Texas,31.8533,-103.6388,,,,FracFocus
Brennan Dale 613,42301359440000,Apache Corporation,Loving,Texas,31.8533,-103.6387,,,,FracFocus
Brennan Dale 452,42301359380000,Apache Corporation,Loving,Texas,31.85311,-103.64546,,,,FracFocus
Brennan Dale 522,42301359390000,Apache Corporation,Loving,Texas,31.85311,-103.6457,,,,FracFocus
Brennan Dale 612,42301359400000,Apache Corporation,Loving,Texas,31.85311,-103.64554,,,,FracFocus
Midnight Bourbon West C 3HM,42329459530000,Apache Corporation,Midland,Texas,31.698451,-102.195409,,,,FracFocus
Midnight Bourbon West A 1HM,42329459500000,Apache Corporation,Midland,Texas,31.698372,-102.195382,,,,FracFocus
Midnight Bourbon West B 2HM,42329459520000,Apache Corporation,Midland,Texas,31.698531,-102.195453,,,,FracFocus
POCONO WEST A3  7CH,42389404500000,Apache Corporation,Reeves,Texas,31.46295,-103.507054,,,,FracFocus
POCONO WEST A2  5H,42389404480000,Apache Corporation,Reeves,Texas,31.463041,-103.506893,,,,FracFocus
Maverick 4801 A 1HM,42329459990000,Apache Corporation,Midland,Texas,31.700834,-102.186903,,,,FracFocus
Midnight Bourbon East A 4HM,42329460100000,Apache Corporation,Midland,Texas,31.700788,-102.187088,,,,FracFocus
Midnight Bourbon East B 5HM,42329460110000,Apache Corporation,Midland,Texas,31.700811,-102.186995,,,,FracFocus
PANTHER WEST UNIT 5AH,42227421280000,Apache Corporation,Howard,Texas,32.3244,-101.447,,,,FracFocus
Huff Doback 623H,42301359490000,Apache Corporation,Loving,Texas,31.8524,-103.64982,,,,FracFocus
WALLY WORLD A4 5LA,42475385950000,Apache Corporation,Ward,Texas,31.495503,-103.220831,,,,FracFocus
WALLY WORLD A5 11UA,42475385960000,Apache Corporation,Ward,Texas,31.495449,-103.220759,,,,FracFocus
WALLY WORLD A3 13UA,42475385940000,Apache Corporation,Ward,Texas,31.495558,-103.220903,,,,FracFocus
Huff Doback 523H,42301358970000,Apache Corporation,Loving,Texas,31.85609,-103.6548,,,,FracFocus
Huff Doback 622H,42301358980000,Apache Corporation,Loving,Texas,31.85608,-103.6548,,,,FracFocus
MT MORAN 1JM,42461424000000,Apache Corporation,Upton,Texas,31.532513,-101.952425,,,,FracFocus
MT MORAN A 2HU,42461424070000,Apache Corporation,Upton,Texas,31.532593,-101.95245,,,,FracFocus
PANTHER WEST A1 12SH,42227421300000,Apache Corporation,Howard,Texas,32.3245,-101.448,,,,FracFocus
Huff Doback 216H,42301362470000,Apache Corporation,Loving,Texas,31.855165,-103.651754,,,,FracFocus
TOMAHAWK 4810 A 5HU,42461423710000,Apache Corporation,Upton,Texas,31.365228,-101.812789,,,,FracFocus
Huff Doback 311H,42301362730000,Apache Corporation,Loving,Texas,31.855163,-103.651754,,,,FracFocus
TOMAHAWK 4810 B 7HA,42461423720000,Apache Corporation,Upton,Texas,31.365269,-101.812603,,,,FracFocus
TOMAHAWK 4810 C 6HM,42461423740000,Apache Corporation,Upton,Texas,31.36525,-101.812694,,,,FracFocus
TOMAHAWK 4810 B 8HU,42461423730000,Apache Corporation,Upton,Texas,31.365292,-101.81251,,,,FracFocus
Huff Doback 314H,42301362640000,Apache Corporation,Loving,Texas,31.855164,-103.651754,,,,FracFocus
Huff Doback 312H,42301362740000,Apache Corporation,Loving,Texas,31.855162,-103.651754,,,,FracFocus
Huff Doback 313H,42301362750000,Apache Corporation,Loving,Texas,31.855161,-103.651754,,,,FracFocus
Polaris 4750 B 12HA,42461423470000,Apache Corporation,Upton,Texas,31.366954,-101.804957,,,,FracFocus
Polaris 4750 B 12HA,42461423480000,Apache Corporation,Upton,Texas,31.366954,-101.804957,,,,FracFocus
Polaris 4750 B 11HM,42461423460000,Apache Corporation,Upton,Texas,31.367036,-101.804942,,,,FracFocus
PWW State E 401CH,42389405830000,Apache Corporation,Reeves,Texas,31.740035,-103.86913,,,,FracFocus
PWW State F 402CH,42389405850000,Apache Corporation,Reeves,Texas,31.740035,-103.86913,,,,FracFocus
PWW State D 401DH,42389405820000,Apache Corporation,Reeves,Texas,31.740035,-103.86913,,,,FracFocus
Polaris 4750 A 9HM,42461423450000,Apache Corporation,Upton,Texas,31.366872,-101.804972,,,,FracFocus
TXL-SCHROCK 3538 D 10HC,42173389560000,Apache Corporation,Glasscock,Texas,31.739287,-101.772696,,,,FracFocus
TZL-SCHROCK 3538 F 11HC,42173389600000,Apache Corporation,Glasscock,Texas,31.73937,-101.772322,,,,FracFocus
June West A 1HM,42329462900000,Apache Corporation,Midland,Texas,31.683939,-102.222872,,,,FracFocus
June West B 2HM,42329462910000,Apache Corporation,Midland,Texas,31.683962,-102.22278,,,,FracFocus
June East A 3HM,42329462920000,Apache Corporation,Midland,Texas,31.683984,-102.222687,,,,FracFocus
TXL-SCHROCK 3538 E 7HA,42173389570000,Apache Corporation,Glasscock,Texas,31.739328,-101.772509,,,,FracFocus
TXL-SCHROCK 3538 D 6HM,42173389550000,Apache Corporation,Glasscock,Texas,31.739308,-101.772602,,,,FracFocus
TXL-SCHROCK 3538 F 8HM,42173389580000,Apache Corporation,Glasscock,Texas,31.739349,-101.772416,,,,FracFocus
SRH 1632HU,42383413490000,Apache Corporation,Reagan,Texas,31.455623,-101.461418,,,,FracFocus
SRH A 1633HU,42383413500000,Apache Corporation,Reagan,Texas,31.455622,-101.461515,,,,FracFocus
Loblolly A1 12UA,42475386200000,Apache Corporation,Ward,Texas,31.47996,-103.165158,,,,FracFocus
Loblolly A2 13UA,42475386210000,Apache Corporation,Ward,Texas,31.480003,-103.16507,,,,FracFocus
TXL-SCHROCK 3538 A 1HA,42329462780000,Apache Corporation,Midland,Texas,31.739328,-101.781178,,,,FracFocus
TXL-SCHROCK 3538 C 3HA,42329462810000,Apache Corporation,Midland,Texas,31.739391,-101.780898,,,,FracFocus
George B 1HM,42329462940000,Apache Corporation,Midland,Texas,31.684006,-102.222594,,,,FracFocus
George B 2HM,42329462950000,Apache Corporation,Midland,Texas,31.684029,-102.222501,,,,FracFocus
Longleaf A1 7UA,42475386250000,Apache Corporation,Ward,Texas,31.4638,-103.1821,,,,FracFocus
Longleaf A3 8UA,42475386270000,Apache Corporation,Ward,Texas,31.463771,-103.182045,,,,FracFocus
Diamond Cutter East P 20HS,42329464400000,Apache Corporation,Midland,Texas,31.785414,-102.160976,,,,FracFocus
Diamond Cutter East O 11HS,42329464390000,Apache Corporation,Midland,Texas,31.785391,-102.161069,,,,FracFocus
Diamond Cutter East R 21HJ,42329464420000,Apache Corporation,Midland,Texas,31.785461,-102.160791,,,,FracFocus
Union Valley A2 08H,42115339230000,Apache Corporation,Dawson,Texas,32.5257,-101.6973,,,,FracFocus
TXL-SCHROCK 3538 B 2HM,42329462790000,Apache Corporation,Midland,Texas,31.739349,-101.781085,,,,FracFocus
TXL-SCHROCK 3538 B 9HC,42329462800000,Apache Corporation,Midland,Texas,31.73937,-101.780991,,,,FracFocus
TXL-SCHROCK 3538 D 5HA,42329462830000,Apache Corporation,Midland,Texas,31.739433,-101.780711,,,,FracFocus
Diamond Cutter West F 15HJ,42329464450000,Apache Corporation,Midland,Texas,31.78345,-102.169923,,,,FracFocus
Diamond Cutter West H 16HS,42329464470000,Apache Corporation,Midland,Texas,31.783496,-102.169737,,,,FracFocus
Diamond Cutter West J 17HJ,42329464480000,Apache Corporation,Midland,Texas,31.783519,-102.169644,,,,FracFocus
Diamond Cutter East S 14HS,42329464430000,Apache Corporation,Midland,Texas,31.785484,-102.160699,,,,FracFocus
Diamond Cutter East Q 12HS,42329464410000,Apache Corporation,Midland,Texas,31.785438,-102.160884,,,,FracFocus
SCHROCK 2326 21HC,42329464750000,Apache Corporation,Midland,Texas,31.739446,-101.780649,,,,FracFocus
TXL-SCHROCK 3538 C 4HM,42329462820000,Apache Corporation,Midland,Texas,31.739412,-101.780805,,,,FracFocus
Callon Rendezvous South A3 5LA,42475386860000,Apache Corporation,Ward,Texas,31.496099,-103.197444,,,,FracFocus
Callon Rendezvous South A3 32SB,42475386870000,Apache Corporation,Ward,Texas,31.496278,-103.197389,,,,FracFocus
Diamond Cutter West E 6HS,42329464440000,Apache Corporation,Midland,Texas,31.783428,-102.170015,,,,FracFocus
Diamond Cutter West G 7HS,42329464460000,Apache Corporation,Midland,Texas,31.783473,-102.16983,,,,FracFocus
WICKERMAN E 5HC,42173390510000,Apache Corporation,Glasscock,Texas,31.745059,-101.754117,,,,FracFocus
Diamond Cutter East L 18HS,42329464540000,Apache Corporation,Midland,Texas,31.784331,-102.165479,,,,FracFocus
Diamond Cutter East N 19HJ,42329464560000,Apache Corporation,Midland,Texas,31.784378,-102.165294,,,,FracFocus
Callon Black Flag 253-254W 01UA,42389408540000,Apache Corporation,Reeves,Texas,31.248707,-103.519175,,,,FracFocus
Callon Black Flag 253-254E 02UA,42389408520000,Apache Corporation,Reeves,Texas,31.248593,-103.516679,,,,FracFocus
Callon Black Flag 253-254E 11BS,42389408530000,Apache Corporation,Reeves,Texas,31.249407,-103.521567,,,,FracFocus
Callon Black Flag 253-254W 10BS,42389408550000,Apache Corporation,Reeves,Texas,31.249407,-103.521566,,,,FracFocus
Callon Black Flag 253-254W 17H,42389408560000,Apache Corporation,Reeves,Texas,31.249389,-103.52147,,,,FracFocus
GAR 402DH,42301365110000,Apache Corporation,Loving,Texas,31.9482,-103.91516,,,,FracFocus
CAMERON POE 1HC,42329466110000,Apache Corporation,Midland,Texas,31.782751,-101.7864,,,,FracFocus
FAMILY MAN C 3HC,42329466100000,Apache Corporation,Midland,Texas,31.782671,-101.78637,,,,FracFocus
GAR 405AH,42301365100000,Apache Corporation,Loving,Texas,31.948212,-103.915063,,,,FracFocus
GAR 407AH,42301365140000,Apache Corporation,Loving,Texas,31.948077,-103.914972,,,,FracFocus
TEEWINOT NORTH UNIT 9UA WARD 9UA,42475387170000,Apache Corporation,Ward,Texas,31.49951,-103.247998,,,,FracFocus
TEEWINOT A1 3LA WARD 3LA,42475387150000,Apache Corporation,Ward,Texas,31.49951,-103.247998,,,,FracFocus
TEEWINOT NORTH UNIT 10UA WARD 10UA,42475387180000,Apache Corporation,Ward,Texas,31.499523,-103.247902,,,,FracFocus
Diamond Cutter East K 9HS,42329464530000,Apache Corporation,Midland,Texas,31.784308,-102.165572,,,,FracFocus
GAR 406AH,42301365120000,Apache Corporation,Loving,Texas,31.948207,-103.915255,,,,FracFocus
Brennan Dale 303H,42301366040000,Apache Corporation,Loving,Texas,31.853144,-103.643395,,,,FracFocus
Brennan Dale 213H,42301366050000,Apache Corporation,Loving,Texas,31.853144,-103.643476,,,,FracFocus
Diamond Cutter West I 8HS,42329464520000,Apache Corporation,Midland,Texas,31.784285,-102.165665,,,,FracFocus
Diamond Cutter East M 10HS,42329464550000,Apache Corporation,Midland,Texas,31.784355,-102.165387,,,,FracFocus
Brennan Dale 302H,42301366060000,Apache Corporation,Loving,Texas,31.853144,-103.643557,,,,FracFocus
PANTHER EAST UNIT 4AHHOWARD 4AH,42227423260000,Apache Corporation,Howard,Texas,32.324758,-101.445732,,,,FracFocus
PANTHER EAST UNIT 11SHHOWARD 11SH,42227423250000,Apache Corporation,Howard,Texas,32.324705,-101.445716,,,,FracFocus
GAR 402CH,42301365090000,Apache Corporation,Loving,Texas,31.948215,-103.914966,,,,FracFocus
GAR 403CH,42301365130000,Apache Corporation,Loving,Texas,31.948207,-103.915352,,,,FracFocus
PANTHER EAST UNIT 3AHHOWARD 3AH,42227423240000,Apache Corporation,Howard,Texas,32.324651,-101.445699,,,,FracFocus
Brennan Dale 212H,42301366070000,Apache Corporation,Loving,Texas,31.853144,-103.643636,,,,FracFocus
Brennan Dale 301H,42301366080000,Apache Corporation,Loving,Texas,31.853144,-103.643717,,,,FracFocus
Panther East 9SH,42227423210000,Apache Corporation,Howard,Texas,32.324827,-101.442997,,,,FracFocus
Panther East 2AH,42227423220000,Apache Corporation,Howard,Texas,32.324827,-101.442997,,,,FracFocus
Panther East 10SH,42227423230000,Apache Corporation,Howard,Texas,32.324827,-101.44297,,,,FracFocus
WEATHER MAN E 5HC,42173390580000,Apache Corporation,Glasscock,Texas,31.744184,-101.76221,,,,FracFocus
WEATHER MAN F 6HC,42173390590000,Apache Corporation,Glasscock,Texas,31.744205,-101.76212,,,,FracFocus
Tadpolly 148 12BS,42475387310000,Apache Corporation,Ward,Texas,31.524504,-103.259272,,,,FracFocus
Corbets A3 18H,42475387390000,Apache Corporation,Ward,Texas,31.524541,-103.25932,,,,FracFocus
Ratliff G 9HL,42461426420000,Apache Corporation,Upton,Texas,31.368118,-101.84899,,,,FracFocus
Ratliff H 10HU,42461426430000,Apache Corporation,Upton,Texas,31.368096,-101.848897,,,,FracFocus
Ratliff H 11HM,42461426440000,Apache Corporation,Upton,Texas,31.368074,-101.848805,,,,FracFocus
GAR 401AH,42301365000000,Apache Corporation,Loving,Texas,31.94813,-103.913039,,,,FracFocus
GAR 401CH,42301365010000,Apache Corporation,Loving,Texas,31.948127,-103.913136,,,,FracFocus
GAR 402AH,42301365040000,Apache Corporation,Loving,Texas,31.948124,-103.913232,,,,FracFocus
GAR 401DH,42301365050000,Apache Corporation,Loving,Texas,31.948127,-103.913329,,,,FracFocus
GAR 403AH,42301365070000,Apache Corporation,Loving,Texas,31.948119,-103.913423,,,,FracFocus
GAR 404AH,42301365080000,Apache Corporation,Loving,Texas,31.948116,-103.913522,,,,FracFocus
Corbets 03LA,42475387410000,Apache Corporation,Ward,Texas,31.526488,-103.261764,,,,FracFocus
RATLIFF C 4HA,42461426370000,Apache Corporation,Upton,Texas,31.368111,-101.85985,,,,FracFocus
Tadpolly 11BS,42475387400000,Apache Corporation,Ward,Texas,31.526488,-103.261764,,,,FracFocus
Tadpolly 10BS,42475387420000,Apache Corporation,Ward,Texas,31.526488,-103.261764,,,,FracFocus
RATLIFF J 2HU,42461426350000,Apache Corporation,Upton,Texas,31.368068,-101.86004,,,,FracFocus
Longleaf A2 02LA,42475386260000,Apache Corporation,Ward,Texas,31.463826,-103.182118,,,,FracFocus
UL Gene Parmesan A2 28BS,42475387340000,Apache Corporation,Ward,Texas,31.594144,-103.276272,,,,FracFocus
RATLIFF A 1HL,42461426340000,Apache Corporation,Upton,Texas,31.368046,-101.86013,,,,FracFocus
RATLIFF B 3HM,42461426360000,Apache Corporation,Upton,Texas,31.36809,-101.85995,,,,FracFocus
Condor 242H,42301366940000,Apache Corporation,Loving,Texas,31.744628,-103.635017,,,,FracFocus
Condor 244H,42301366950000,Apache Corporation,Loving,Texas,31.744648,-103.634873,,,,FracFocus
Condor 431CH,42301366960000,Apache Corporation,Loving,Texas,31.744682,-103.63509,,,,FracFocus
Condor 246H,42301368070000,Apache Corporation,Loving,Texas,31.744465,-103.6348,,,,FracFocus
UL Gene Parmesan A4 29BS,42475387360000,Apache Corporation,Ward,Texas,31.591183,-103.273862,,,,FracFocus
UL Gene Parmesan A5 11UA,42475387370000,Apache Corporation,Ward,Texas,31.591184,-103.273862,,,,FracFocus
UL Gene Parmesan A6 30BS,42475387380000,Apache Corporation,Ward,Texas,31.59113,-103.27375,,,,FracFocus
UL Gene Parmesan A1 09UA,42475387320000,Apache Corporation,Ward,Texas,31.594094,-103.276456,,,,FracFocus
Sugarloaf A3 06LA,42495349360000,Apache Corporation,Winkler,Texas,31.677668,-103.267917,,,,FracFocus
UL Gene Parmesan A3 10UA,42475387350000,Apache Corporation,Ward,Texas,31.594127,-103.276333,,,,FracFocus
Sugarloaf A5 20H,42495349380000,Apache Corporation,Winkler,Texas,31.677701,-103.267794,,,,FracFocus
Sugarloaf A4 32BS,42495349370000,Apache Corporation,Winkler,Texas,31.677781,-103.267855,,,,FracFocus
UL Gene Parmesan A2 01H,42475387330000,Apache Corporation,Ward,Texas,31.594111,-103.276394,,,,FracFocus
Ramones 267-266W 2UA,42389407990000,Apache Corporation,Reeves,Texas,31.256927,-103.504637,,,,FracFocus
RAMONES 266-267W 9BS,42389408000000,Apache Corporation,Reeves,Texas,31.256945,-103.504731,,,,FracFocus
Ratliff D 5HL,42461426380000,Apache Corporation,Upton,Texas,31.368724,-101.851517,,,,FracFocus
Ratliff E 6HU,42461426390000,Apache Corporation,Upton,Texas,31.368702,-101.851425,,,,FracFocus
Ratliff E 7HM,42461426400000,Apache Corporation,Upton,Texas,31.36868,-101.851333,,,,FracFocus
Ratliff F 8HA,42461426410000,Apache Corporation,Upton,Texas,31.368657,-101.85124,,,,FracFocus
POCONO WEST A2  1LA,42389404490000,Apache Corporation,Reeves,Texas,31.4629,-103.5069,,,,FracFocus
BUSBY 1HM,42329467610000,Apache Corporation,Midland,Texas,31.682423,-102.22253,,,,FracFocus
BUSBY 2HM,42329467620000,Apache Corporation,Midland,Texas,31.682445,-102.22244,,,,FracFocus
Sugarloaf A1 19H,42495349340000,Apache Corporation,Winkler,Texas,31.677636,-103.26804,,,,FracFocus
Sugarloaf A2 31BS,42495349350000,Apache Corporation,Winkler,Texas,31.677652,-103.267978,,,,FracFocus
CROSSROADS A4 02AH,42033326910000,Apache Corporation,Borden,Texas,32.535747,-101.67839,,,,FracFocus
CROSSROADS A8 04AH,42033326950000,Apache Corporation,Borden,Texas,32.535747,-101.67839,,,,FracFocus
BUSBY 4HM,42329467640000,Apache Corporation,Midland,Texas,31.68249,-102.22225,,,,FracFocus
BUSBY 3HM,42329467630000,Apache Corporation,Midland,Texas,31.682467,-102.22234,,,,FracFocus
BUSBY 5HB,42329467690000,Apache Corporation,Midland,Texas,31.706705,-102.224564,,,,FracFocus
COLEMAN A1 1AH,42317461570000,Apache Corporation,Martin,Texas,32.505065,-101.724381,,,,FracFocus
COLEMAN A2 2AH,42317461580000,Apache Corporation,Martin,Texas,32.505012,-101.724364,,,,FracFocus
Meade 401AH,42389411180000,Apache Corporation,Reeves,Texas,31.662924,-103.858827,,,,FracFocus
Meade 402BH,42389411190000,Apache Corporation,Reeves,Texas,31.662924,-103.858924,,,,FracFocus
SRH 1444HU,42383417450000,Apache Corporation,Reagan,Texas,31.459195,-101.469683,,,,FracFocus
SRH B 1443HM,42383417440000,Apache Corporation,Reagan,Texas,31.459195,-101.469587,,,,FracFocus
BOULTINGHOUSE-LYNCH 1114 G 18HS,42329468420000,Apache Corporation,Midland,Texas,31.704872,-102.18858,,,,FracFocus
BOULTINGHOUSE-LYNCH 1114 D 21HJ,42329468330000,Apache Corporation,Midland,Texas,31.704963,-102.188205,,,,FracFocus
BOULTINGHOUSE-LYNCH 1114 G 19HJ,42329468430000,Apache Corporation,Midland,Texas,31.704918,-102.188391,,,,FracFocus
BOULTINGHOUSE-LYNCH 1114 A 13HJ,42329468260000,Apache Corporation,Midland,Texas,31.702664,-102.198239,,,,FracFocus
BOULTINGHOUSE-LYNCH 1114 A 14HS,42329468270000,Apache Corporation,Midland,Texas,31.70271,-102.198053,,,,FracFocus
Hemdale State 610H,42389412030000,Apache Corporation,Reeves,Texas,31.685974,-103.985588,,,,FracFocus
Arrow State F 602H,42389408710000,Apache Corporation,Reeves,Texas,31.685974,-103.98591,,,,FracFocus
Hemdale State 613H,42389408580000,Apache Corporation,Reeves,Texas,31.685974,-103.985669,,,,FracFocus
Arrow Stage G 603H,42389408700000,Apache Corporation,Reeves,Texas,31.685974,-103.985749,,,,FracFocus
Hemdale State 612H,42389408650000,Apache Corporation,Reeves,Texas,31.685974,-103.985829,,,,FracFocus
Arrow State E 601H,42389408690000,Apache Corporation,Reeves,Texas,31.685974,-103.98591,,,,FracFocus
BOULTINGHOUSE-LYNCH 1114 D 12HS,42329468320000,Apache Corporation,Midland,Texas,31.70494,-102.188298,,,,FracFocus
BOULTINGHOUSE-LYNCH 1114 G 11HS,42329468410000,Apache Corporation,Midland,Texas,31.704895,-102.188483,,,,FracFocus
BOULTINGHOUSE-LYNCH 1114 A 6HS,42329468250000,Apache Corporation,Midland,Texas,31.702687,-102.198146,,,,FracFocus
BOULTINGHOUSE-LYNCH 1114 E 7HS,42329468380000,Apache Corporation,Midland,Texas,31.702732,-102.197961,,,,FracFocus
POUTINE UNIT 57-330W 10UA,42389411500000,Apache Corporation,Reeves,Texas,31.017671,-103.474242,,,,FracFocus
POUTINE UNIT 57-330W 17H,42389411490000,Apache Corporation,Reeves,Texas,31.017725,-103.474229,,,,FracFocus
POUTINE UNIT 57-330E 11UA,42389411520000,Apache Corporation,Reeves,Texas,31.017778,-103.474215,,,,FracFocus
BOULTINGHOUSE-LYNCH 1114 B 15HJ,42329468290000,Apache Corporation,Midland,Texas,31.70345,-102.195005,,,,FracFocus
BOULTINGHOUSE-LYNCH 1114 C 17HJ,42329468310000,Apache Corporation,Midland,Texas,31.703518,-102.194727,,,,FracFocus
BOULTINGHOUSE-LYNCH 1114 F 16HS,42329468400000,Apache Corporation,Midland,Texas,31.703473,-102.194912,,,,FracFocus
GRANT-JACKSON A 501CH,42389409460000,Apache Corporation,Reeves,Texas,31.678462,-103.84931,,,,FracFocus
GRANT-JACKSON B 502CH,42389409470000,Apache Corporation,Reeves,Texas,31.678334,-103.848938,,,,FracFocus
GRANT-JACKSON C 503CH,42389409480000,Apache Corporation,Reeves,Texas,31.678334,-103.849035,,,,FracFocus
Crowley-Saul A1 9UA,42389411640000,Apache Corporation,Reeves,Texas,31.485,-103.5528,,,,FracFocus
Crowley-Saul A2 5H,42389411650000,Apache Corporation,Reeves,Texas,31.485,-103.5528,,,,FracFocus
Crowley-Saul A3 10UA,42389411660000,Apache Corporation,Reeves,Texas,31.48479,-103.5523,,,,FracFocus
DODGE CITY A3 02AH,42317460030000,Apache Corporation,Martin,Texas,32.506667,-101.716543,,,,FracFocus
DODGE CITY A1 01AH,42317460010000,Apache Corporation,Martin,Texas,32.50672,-101.716559,,,,FracFocus
BOULTINGHOUSE-LYNCH 1114 F 9HS,42329468390000,Apache Corporation,Midland,Texas,31.703495,-102.194819,,,,FracFocus
BOULTINGHOUSE-LYNCH 1114 C 10HS,42329468300000,Apache Corporation,Midland,Texas,31.703541,-102.194634,,,,FracFocus
BOULTINGHOUSE-LYNCH 1114 B 8HS,42329468280000,Apache Corporation,Midland,Texas,31.702755,-102.197868,,,,FracFocus
Lee Meade A 501CH,42389409450000,Apache Corporation,Reeves,Texas,31.651684,-103.866226,,,,FracFocus
Lee Meade B 502CH,42389409440000,Apache Corporation,Reeves,Texas,31.651519,-103.866225,,,,FracFocus
Lee Meade C 503CH,42389409430000,Apache Corporation,Reeves,Texas,31.651601,-103.866225,,,,FracFocus
HELLFIRE WEST D 7HA,42461427360000,Apache Corporation,Upton,Texas,31.316987,-101.801916,,,,FracFocus
HELLFIRE WEST C 5HU,42461427350000,Apache Corporation,Upton,Texas,31.317018,-101.802104,,,,FracFocus
UL Gene Parmesan A10 32BS,42475387930000,Apache Corporation,Ward,Texas,31.585025,-103.274792,,,,FracFocus
UL Gene Parmesan A9 13UA,42475387920000,Apache Corporation,Ward,Texas,31.58509,-103.274818,,,,FracFocus
HELLFIRE EAST E 8HU,42461427320000,Apache Corporation,Upton,Texas,31.316971,-101.801822,,,,FracFocus
HELLFIRE WEST B 6HM,42461427340000,Apache Corporation,Upton,Texas,31.317003,-101.80201,,,,FracFocus
UL Gene Parmesan A7 12UA,42475387900000,Apache Corporation,Ward,Texas,31.587425,-103.276343,,,,FracFocus
UL Gene Parmesan A8 31BS,42475387910000,Apache Corporation,Ward,Texas,31.58736,-103.276318,,,,FracFocus
Mt Moran B 3JM,42461428320000,Apache Corporation,Upton,Texas,31.530936,-101.960525,,,,FracFocus
HELLFIRE EAST F 11HU,42461427310000,Apache Corporation,Upton,Texas,31.317275,-101.793227,,,,FracFocus
HELLFIRE EAST F 10HA,42461427330000,Apache Corporation,Upton,Texas,31.317276,-101.793323,,,,FracFocus
Mt Moran F 7JM,42461428350000,Apache Corporation,Upton,Texas,31.531059,-101.960984,,,,FracFocus
Mt Moran D 5JM,42461428340000,Apache Corporation,Upton,Texas,31.530985,-101.960709,,,,FracFocus
HELLFIRE EAST C 9HM,42461427290000,Apache Corporation,Upton,Texas,31.317276,-101.793419,,,,FracFocus
HELLFIRE EAST D 12HM,42461427300000,Apache Corporation,Upton,Texas,31.317275,-101.793131,,,,FracFocus
Mt Moran C 4HU,42461428370000,Apache Corporation,Upton,Texas,31.530961,-101.960617,,,,FracFocus
Mt Moran E 6HU,42461428330000,Apache Corporation,Upton,Texas,31.53101,-101.960801,,,,FracFocus
Mt Moran G 8HU,42461428360000,Apache Corporation,Upton,Texas,31.531035,-101.960892,,,,FracFocus
CHUCKWAGON 34-39A1 A 1H,42495350310000,Apache Corporation,Winkler,Texas,31.816475,-103.252043,,,,FracFocus
CHUCKWAGON 34-39A2 B 10H,42495350300000,Apache Corporation,Winkler,Texas,31.816496,-103.251966,,,,FracFocus
CHUCKWAGON 34-39A4 B 11H,42495350280000,Apache Corporation,Winkler,Texas,31.818221,-103.24593,,,,FracFocus
CHUCKWAGON 34-39A3 A 2H,42495350290000,Apache Corporation,Winkler,Texas,31.8182,-103.246007,,,,FracFocus
Silver Bullet 6HS,42329469890000,Apache Corporation,Midland,Texas,31.708322,-102.166926,,,,FracFocus
Silver Bullet 15HJ,42329469900000,Apache Corporation,Midland,Texas,31.708307,-102.166988,,,,FracFocus
Silver Bullet 7HS,42329469910000,Apache Corporation,Midland,Texas,31.708337,-102.166864,,,,FracFocus
Silver Bullet 17HJ,42329469920000,Apache Corporation,Midland,Texas,31.708352,-102.166802,,,,FracFocus
Wahoo Books A 1H,42173390840000,Apache Corporation,Glasscock,Texas,31.810134,-101.537804,,,,FracFocus
Wahoo Books B 2H,42173390850000,Apache Corporation,Glasscock,Texas,31.810197,-101.537742,,,,FracFocus
Gar Unit 302H,42301370470000,Apache Corporation,Loving,Texas,31.947232,-103.913769,,,,FracFocus
Gar Unit 304H,42301370570000,Apache Corporation,Loving,Texas,31.947189,-103.9151,,,,FracFocus
Gar Unit 301H,42301370450000,Apache Corporation,Loving,Texas,31.9471,-103.913574,,,,FracFocus
Gar Unit 303H,42301370600000,Apache Corporation,Loving,Texas,31.947194,-103.915121,,,,FracFocus
CHUCKWAGON 34-39A5 A 3H,42495350320000,Apache Corporation,Winkler,Texas,31.818242,-103.245853,,,,FracFocus
Silve Bullet 8HS,42329469320000,Apache Corporation,Midland,Texas,31.712398,-102.159593,,,,FracFocus
Silver Bullet 9HS,42329469350000,Apache Corporation,Midland,Texas,31.712346,-102.159576,,,,FracFocus
Silver Bullet 18HS,42329469360000,Apache Corporation,Midland,Texas,31.712293,-102.159558,,,,FracFocus
Silver Bullet 20HS,42329469440000,Apache Corporation,Midland,Texas,31.712315,-102.159465,,,,FracFocus
Silver Bullet 10HS,42329469450000,Apache Corporation,Midland,Texas,31.712368,-102.159483,,,,FracFocus
Gar Unit 201H,42301370440000,Apache Corporation,Loving,Texas,31.9471,-103.9151,,,,FracFocus
Gar Unit 203H,42301370590000,Apache Corporation,Loving,Texas,31.9471,-103.9151,,,,FracFocus
Gar Unit 202H,42301370460000,Apache Corporation,Loving,Texas,31.9471,-103.9151,,,,FracFocus
Gar Unit 204H,42301370580000,Apache Corporation,Loving,Texas,31.9471,-103.9151,,,,FracFocus
Silver Bullet 19HJ,42329469420000,Apache Corporation,Midland,Texas,31.71224,-102.159541,,,,FracFocus
Silver Bullet 11HS,42329469430000,Apache Corporation,Midland,Texas,31.712421,-102.1595,,,,FracFocus
ZPZ Fee 5406 1HU,42461429290000,Apache Corporation,Upton,Texas,31.175152,-101.938213,,,,FracFocus
ZPZ Fee 5406 2HU,42461429300000,Apache Corporation,Upton,Texas,31.175042,-101.938215,,,,FracFocus
ZPZ Fee 5406 3HU,42461429310000,Apache Corporation,Upton,Texas,31.175097,-101.938217,,,,FracFocus
ZPZ Fee 5406 4HU,42461429320000,Apache Corporation,Upton,Texas,31.175207,-101.938213,,,,FracFocus
Silver Bullet 12HS,42329469180000,Apache Corporation,Midland,Texas,31.715059,-102.154561,,,,FracFocus
Silver Bullet 21HJ,42329469200000,Apache Corporation,Midland,Texas,31.715112,-102.154578,,,,FracFocus
Silver Bullet 22HS,42329469210000,Apache Corporation,Midland,Texas,31.715165,-102.154596,,,,FracFocus
Silver Bullet 13HS,42329469220000,Apache Corporation,Midland,Texas,31.715082,-102.154468,,,,FracFocus
Silver Bullet 23HJ,42329469230000,Apache Corporation,Midland,Texas,31.715188,-102.154503,,,,FracFocus
Silver Bullet 14HS,42329469240000,Apache Corporation,Midland,Texas,31.715135,-102.154486,,,,FracFocus
CASSELMAN4 U 1H,42329474180000,Apache Corporation,Midland,Texas,32.067041,-102.237988,,,,FracFocus
CASSELMAN4 U 2H,42329474190000,Apache Corporation,Midland,Texas,32.066961,-102.237963,,,,FracFocus
CASSELMAN4 U 3HJ,42329474200000,Apache Corporation,Midland,Texas,32.067121,-102.238014,,,,FracFocus
CASSELMAN4 U 4MS,42329474220000,Apache Corporation,Midland,Texas,32.067201,-102.238039,,,,FracFocus
YELLOW BELLY 3HS,42329472310000,Apache Corporation,Midland,Texas,31.714063,-102.149627,,,,FracFocus
YELLOW BELLY 12HS,42329472320000,Apache Corporation,Midland,Texas,31.714116,-102.149645,,,,FracFocus
YELLOW BELLY 13HJ,42329472350000,Apache Corporation,Midland,Texas,31.71401,-102.14961,,,,FracFocus
YELLOW BELLY 4HS,42329472360000,Apache Corporation,Midland,Texas,31.714139,-102.149552,,,,FracFocus
YELLOW BELLY 14HS,42329472380000,Apache Corporation,Midland,Texas,31.714086,-102.149535,,,,FracFocus
UL 18 BENNY WEST A 1AH,42475388680000,Apache Corporation,Ward,Texas,31.581255,-103.285549,,,,FracFocus
UL 18 BENNY WEST E 5BS,42475388690000,Apache Corporation,Ward,Texas,31.58132,-103.285574,,,,FracFocus
YELLOW BELLY 5HS,42329472390000,Apache Corporation,Midland,Texas,31.716167,-102.148114,,,,FracFocus
YELLOW BELLY 15HJ,42329472430000,Apache Corporation,Midland,Texas,31.716189,-102.148021,,,,FracFocus
YELLOW BELLY 6HS,42329472440000,Apache Corporation,Midland,Texas,31.716212,-102.147928,,,,FracFocus
YELLOW BELLY 7HS,42329472460000,Apache Corporation,Midland,Texas,31.716257,-102.147742,,,,FracFocus
NIGHT FLIGHT 4738 B 7HL,42461430220000,Apache Corporation,Upton,Texas,31.515968,-102.030076,,,,FracFocus
NIGHT FLIGHT 4738 B 8JM,42461430230000,Apache Corporation,Upton,Texas,31.515862,-102.03004,,,,FracFocus
NIGHT FLIGHT 4738 B 9HA,42461430240000,Apache Corporation,Upton,Texas,31.515915,-102.030058,,,,FracFocus
NIGHT FLIGHT 4738 G 10HC,42461430250000,Apache Corporation,Upton,Texas,31.515886,-102.029947,,,,FracFocus
NIGHT FLIGHT 4738 G 11HS,42461430260000,Apache Corporation,Upton,Texas,31.515939,-102.029966,,,,FracFocus
NIGHT FLIGHT 4738 C 13HA,42461430270000,Apache Corporation,Upton,Texas,31.515991,-102.029984,,,,FracFocus
UL 18 BENNY WEST D 4AH,42475388640000,Apache Corporation,Ward,Texas,31.594835,-103.289306,,,,FracFocus
UL 18 BENNY WEST B 2H,42475388620000,Apache Corporation,Ward,Texas,31.594793,-103.289459,,,,FracFocus
UL 18 BENNY WEST C 3BS,42475388630000,Apache Corporation,Ward,Texas,31.594814,-103.289382,,,,FracFocus
UL 18 BENNY WEST F 6H,42475388650000,Apache Corporation,Ward,Texas,31.594856,-103.289229,,,,FracFocus
YELLOW BELLY 10HS,42329473430000,Apache Corporation,Midland,Texas,31.710055,-102.135953,,,,FracFocus
YELLOW BELLY 20HS,42329473440000,Apache Corporation,Midland,Texas,31.710002,-102.135936,,,,FracFocus
YELLOW BELLY 11HS,42329473450000,Apache Corporation,Midland,Texas,31.710081,-102.135919,,,,FracFocus
YELLOW BELLY 21HJ,42329473460000,Apache Corporation,Midland,Texas,31.709896,-102.135902,,,,FracFocus
UL 18 33-32 1H,42475388470000,Apache Corporation,Ward,Texas,31.603772,-103.305985,,,,FracFocus
UL 18 33-32F 6H,42475388520000,Apache Corporation,Ward,Texas,31.603957,-103.305647,,,,FracFocus
NIGHT FLIGHT 4738 C 12JM,42461430280000,Apache Corporation,Upton,Texas,31.515774,-102.02166,,,,FracFocus
NIGHT FLIGHT 4738 D 14HS,42461430290000,Apache Corporation,Upton,Texas,31.515721,-102.021641,,,,FracFocus
NIGHT FLIGHT 4738 E 15JM,42461430300000,Apache Corporation,Upton,Texas,31.515693,-102.021531,,,,FracFocus
NIGHT FLIGHT 4738 E 16HA,42461430310000,Apache Corporation,Upton,Texas,31.515669,-102.021623,,,,FracFocus
NIGHT FLIGHT 4738 F 17JM,42461430320000,Apache Corporation,Upton,Texas,31.515798,-102.021568,,,,FracFocus
NIGHT FLIGHT 4738 F 18HA,42461430370000,Apache Corporation,Upton,Texas,31.515745,-102.021549,,,,FracFocus
UL 18 33-32A 4AH,42475388480000,Apache Corporation,Ward,Texas,31.603809,-103.305918,,,,FracFocus
UL 18 33-32C 3BS,42475388490000,Apache Corporation,Ward,Texas,31.603846,-103.30585,,,,FracFocus
UL 18 33-32D 2AH,42475388500000,Apache Corporation,Ward,Texas,31.603883,-103.305783,,,,FracFocus
UL 18 33-32E 5BS,42475388510000,Apache Corporation,Ward,Texas,31.60392,-103.305715,,,,FracFocus
YELLOW BELLY 9HS,42329473400000,Apache Corporation,Midland,Texas,31.709913,-102.140343,,,,FracFocus
GEORGE 6HS,42329475700000,Apache Corporation,Midland,Texas,31.683014,-102.215523,,,,FracFocus
GEORGE 5HS,42329475720000,Apache Corporation,Midland,Texas,31.683003,-102.215428,,,,FracFocus
GEORGE 8HS,42329475730000,Apache Corporation,Midland,Texas,31.68298,-102.215237,,,,FracFocus
GOERGE 11HJ,42329475740000,Apache Corporation,Midland,Texas,31.682968,-102.215141,,,,FracFocus
GEORGE 12HS,42329475750000,Apache Corporation,Midland,Texas,31.682991,-102.215332,,,,FracFocus
UL 18 WILD THING WEST F 6H,42475389110000,Apache Corporation,Ward,Texas,31.584451,-103.268561,,,,FracFocus
UL 18 WILD THING WEST A 1AH,42475389060000,Apache Corporation,Ward,Texas,31.584346,-103.268943,,,,FracFocus
George 10HS,42329475760000,Apache Corporation,Midland,Texas,31.683526,-102.218622,,,,FracFocus
George 4HS,42329475680000,Apache Corporation,Midland,Texas,31.683514,-102.218735,,,,FracFocus
George 7HJ,42329475690000,Apache Corporation,Midland,Texas,31.683563,-102.21871,,,,FracFocus
George 3HS,42329475650000,Apache Corporation,Midland,Texas,31.683613,-102.21868,,,,FracFocus
George 9HJ,42329475710000,Apache Corporation,Midland,Texas,31.683575,-102.21859,,,,FracFocus
UL 18 WILD THING WEST E 5BS,42475389100000,Apache Corporation,Ward,Texas,31.584429,-103.268637,,,,FracFocus
UL 18 WILD THING WEST D 4AH,42475389090000,Apache Corporation,Ward,Texas,31.584409,-103.268714,,,,FracFocus
UL 18 WILD THING WEST B 2BS,42475389070000,Apache Corporation,Ward,Texas,31.584366,-103.268867,,,,FracFocus
UL 18 WILD THING WEST C 3H,42475389080000,Apache Corporation,Ward,Texas,31.584388,-103.26879,,,,FracFocus
JUNE EAST A 7HS,42329475780000,Apache Corporation,Midland,Texas,31.680751,-102.223815,,,,FracFocus
JUNE EAST A 10HS,42329475790000,Apache Corporation,Midland,Texas,31.680729,-102.223908,,,,FracFocus
JUNE EAST A 13HJ,42329475800000,Apache Corporation,Midland,Texas,31.680774,-102.223722,,,,FracFocus
JUNE EAST B 6HS,42329475810000,Apache Corporation,Midland,Texas,31.680706,-102.224001,,,,FracFocus
UL 18 WILD THING EAST J 10AH,42475389030000,Apache Corporation,Ward,Texas,31.586496,-103.261118,,,,FracFocus
UL 18 WILD THING EAST K 11BS,42475389040000,Apache Corporation,Ward,Texas,31.586517,-103.261042,,,,FracFocus
UL 18 WILD THING EAST G 7AH,42475389000000,Apache Corporation,Ward,Texas,31.586433,-103.261348,,,,FracFocus
UL 18 WILD THING EAST H 8H,42475389010000,Apache Corporation,Ward,Texas,31.586585,-103.261271,,,,FracFocus
UL 18 WILD THING EAST I 9BS,42475389020000,Apache Corporation,Ward,Texas,31.586606,-103.261195,,,,FracFocus
UL 18 WILD THING EAST L 12H,42475389050000,Apache Corporation,Ward,Texas,31.586538,-103.260966,,,,FracFocus
ALLAR STATE UNIT 2877 3H,42389414010000,Apache Corporation,Reeves,Texas,31.51621,-103.531985,,,,FracFocus
ALLAR STATE UNIT 2877 4H,42389414020000,Apache Corporation,Reeves,Texas,31.516096,-103.531896,,,,FracFocus
ALLAR STATE UNIT 2877 10H,42389414030000,Apache Corporation,Reeves,Texas,31.516153,-103.53194,,,,FracFocus
JUNE WEST A 4HS,42329475820000,Apache Corporation,Midland,Texas,31.681746,-102.226919,,,,FracFocus
JUNE WEST A 8HS,42329475830000,Apache Corporation,Midland,Texas,31.681768,-102.226826,,,,FracFocus
JUNE WEST B 5HS,42329475850000,Apache Corporation,Midland,Texas,31.681791,-102.226734,,,,FracFocus
JUNE WEST A 9HJ,42329475840000,Apache Corporation,Midland,Texas,31.681724,-102.227012,,,,FracFocus
JUNE WEST B 11HJ,42329475860000,Apache Corporation,Midland,Texas,31.681813,-102.226641,,,,FracFocus
BUSBY 16HS,42329475910000,Apache Corporation,Midland,Texas,31.703727,-102.236444,,,,FracFocus
BUSBY 8HS,42329475920000,Apache Corporation,Midland,Texas,31.703794,-102.236165,,,,FracFocus
BUSBY 6HS,42329475880000,Apache Corporation,Midland,Texas,31.703704,-102.236536,,,,FracFocus
BUSBY 17HJ,42329476000000,Apache Corporation,Midland,Texas,31.703772,-102.236258,,,,FracFocus
BUSBY 15HJ,42329475890000,Apache Corporation,Midland,Texas,31.703682,-102.236629,,,,FracFocus
BUSBY 7HS,42329475900000,Apache Corporation,Midland,Texas,31.703749,-102.236351,,,,FracFocus
Elm State Unit 102AH,42389403890000,Apache Corporation,Reeves,Texas,31.292952,-103.870233,,,,FracFocus
Elm State Unit 101AH,42389403880000,Apache Corporation,Reeves,Texas,31.293034,-103.870233,,,,FracFocus
Busby 18HS,42329475930000,Apache Corporation,Midland,Texas,31.704425,-102.233511,,,,FracFocus
Busby 10HS,42329475950000,Apache Corporation,Midland,Texas,31.704368,-102.233392,,,,FracFocus
Busby 19HJ,42329475960000,Apache Corporation,Midland,Texas,31.704345,-102.233485,,,,FracFocus
Busby 9HS,42329475940000,Apache Corporation,Midland,Texas,31.704447,-102.233418,,,,FracFocus
Busby 21HJ,42329475990000,Apache Corporation,Midland,Texas,31.704266,-102.233458,,,,FracFocus
BUSBY 11HS,42329475970000,Apache Corporation,Midland,Texas,31.706817,-102.226747,,,,FracFocus
BUSBY 20HS,42329475980000,Apache Corporation,Midland,Texas,31.706833,-102.226685,,,,FracFocus
BUSBY 12HS,42329476010000,Apache Corporation,Midland,Texas,31.706848,-102.226624,,,,FracFocus
BUSBY 23HJ,42329476030000,Apache Corporation,Midland,Texas,31.706864,-102.226562,,,,FracFocus
BUSBY 13HS,42329476020000,Apache Corporation,Midland,Texas,31.706882,-102.221554,,,,FracFocus
BUSBY 14HS,42329476040000,Apache Corporation,Midland,Texas,31.706987,-102.22159,,,,FracFocus
BUSBY 22HS,42329476050000,Apache Corporation,Midland,Texas,31.706934,-102.221572,,,,FracFocus
BUSBY 25HJ,42329476060000,Apache Corporation,Midland,Texas,31.70704,-102.221608,,,,FracFocus
SLIDER A 1HB,42329478660000,Apache Corporation,Midland,Texas,31.701667,-102.157143,,,,FracFocus
SLIDER C 3HB,42329478680000,Apache Corporation,Midland,Texas,31.701712,-102.156957,,,,FracFocus
SLIDER D 4HB,42329478690000,Apache Corporation,Midland,Texas,31.701735,-102.156864,,,,FracFocus
SLIDER B 2HB,42329478670000,Apache Corporation,Midland,Texas,31.70169,-102.15705,,,,FracFocus
SRH E 1446HM,42383420500000,Apache Corporation,Reagan,Texas,31.46155,-101.474615,,,,FracFocus
SRH H 1449HM,42383420530000,Apache Corporation,Reagan,Texas,31.461541,-101.474807,,,,FracFocus
SRH F 1447HU,42383420510000,Apache Corporation,Reagan,Texas,31.461546,-101.474711,,,,FracFocus
SRH G 1448HA,42383420520000,Apache Corporation,Reagan,Texas,31.461624,-101.474812,,,,FracFocus
MAVERICK B U 3HJ,42329477870000,Apache Corporation,Midland,Texas,31.702043,-102.182571,,,,FracFocus
MAVERICK C 4HJ,42329479040000,Apache Corporation,Midland,Texas,31.702089,-102.182386,,,,FracFocus
ICEMAN 4HS,42329477820000,Apache Corporation,Midland,Texas,31.702066,-102.182479,,,,FracFocus
MIDNIGHT BOURBON EAST C 28HS,42329477880000,Apache Corporation,Midland,Texas,31.701998,-102.182757,,,,FracFocus
MIDNIGHT BOURBON EAST C 27HJ,42329477890000,Apache Corporation,Midland,Texas,31.701952,-102.182942,,,,FracFocus
MIDNIGHT BOURBON EAST C 16HS,42329477900000,Apache Corporation,Midland,Texas,31.701975,-102.182849,,,,FracFocus
MAVERICK A U 2HS,42329477860000,Apache Corporation,Midland,Texas,31.702021,-102.182664,,,,FracFocus
Seth Campbell #74,42495335090000,Apache Corporation,Winkler,Texas,31.877028,-103.048773,,,,FracFocus
E.D. Books 2A #19,42173358610000,Apache Corporation,Glasscock,Texas,31.866,-101.503,,,,FracFocus
Bivins-LIT 1158,42359303770000,Apache Corporation,Oldham,Texas,35.533103,-102.234978,,,,FracFocus
Alexander Unit 66-1H,42211351830000,Apache Corporation,Hemphill,Texas,36.023561,-100.341228,,,,FracFocus
SAU 44 #4D,42383378310000,Apache Corporation,Reagan,Texas,31.487086,-101.64901,,,,FracFocus
Scott 54 1,42235352740000,Apache Corporation,Irion,Texas,31.231997,-101.123106,,,,FracFocus
E.D. Books 2A #18,42173358600000,Apache Corporation,Glasscock,Texas,31.869,-101.505,,,,FracFocus
Knox Pipkin 2804H,42357332620000,Apache Corporation,Ochiltree,Texas,36.0991,-100.985311,,,,FracFocus
Nix 16 #16,42173356480000,Apache Corporation,Glasscock,Texas,31.841,-101.52,,,,FracFocus
Wise 10 1,42227371800000,Apache Corporation,Howard,Texas,32.36118,-101.35982,,,,FracFocus
Marlin 47 #4H,42173355850000,Apache Corporation,Glasscock,Texas,32.013244,-101.43308,,,,FracFocus
Clinch 4238 H42LU,42235353200000,Apache Corporation,Irion,Texas,31.173964,-101.26046,,,,FracFocus
King 9#6H,42103360700000,Apache Corporation,Crane,Texas,31.428378,-102.38589,,,,FracFocus
Hardy 18 #12,42173358790000,Apache Corporation,Glasscock,Texas,31.855,-101.642,,,,FracFocus
SAU 6 #5E,42383378850000,Apache Corporation,Reagan,Texas,31.47092,-101.65647,,,,FracFocus
E.D. Books 1B #14,42173359040000,Apache Corporation,Glasscock,Texas,31.875,-101.477,,,,FracFocus
WAHA 5#1,42389335930000,Apache Corporation,Reeves,Texas,31.260755,-103.192533,,,,FracFocus
McElroy Ranch 127 NE#5,42461386590000,Apache Corporation,Upton,Texas,31.399982,-102.15849,,,,FracFocus
Westland #9,42383381440000,Apache Corporation,Reagan,Texas,31.61071,-101.54357,,,,FracFocus
E.D. Books 2 #20,42173358590000,Apache Corporation,Glasscock,Texas,31.875,-101.497,,,,FracFocus
Marlin 47 #5H,42173355860000,Apache Corporation,Glasscock,Texas,32.012546,-101.436567,,,,FracFocus
Buchanan 3111 3,42227374920000,Apache Corporation,Howard,Texas,32.37786,-101.34487,,,,FracFocus
Cardinal 4 1H,42301319270000,Apache Corporation,Loving,Texas,31.758,-103.602,,,,FracFocus
Roberts Unit 2260,42501360100000,Apache Corporation,Yoakum,Texas,33.02962,-102.96421,,,,FracFocus
WR Sterling #22,42415348760000,Apache Corporation,Scurry,Texas,32.59174,-101.05946,,,,FracFocus
SRH 16 #1621,42383379290000,Apache Corporation,Reagan,Texas,31.46279,-101.45556,,,,FracFocus
Waha 4#1,42389335870000,Apache Corporation,Reeves,Texas,31.260955,-103.217325,,,,FracFocus
Three Bar Shallow Unit 114H,42003453320000,Apache Corporation,Andrews,Texas,32.14994,-102.80443,,,,FracFocus
Marlin 47 #6H,42173355870000,Apache Corporation,Glasscock,Texas,32.011937,-101.43959,,,,FracFocus
Hammerhead 33 #5,42173357830000,Apache Corporation,Glasscock,Texas,31.928488,-101.44716,,,,FracFocus
Clinch 4238 H32LU,42235353290000,Apache Corporation,Irion,Texas,31.147236,-101.256547,,,,FracFocus
Roberts Unit 3352D,42501360630000,Apache Corporation,Yoakum,Texas,33.01,-102.95594,,,,FracFocus
Neal 39 #8,42461387810000,Apache Corporation,Upton,Texas,31.52952,-102.04518,,,,FracFocus
Ramsey 58-16H,42211351660000,Apache Corporation,Hemphill,Texas,35.794724,-100.189499,,,,FracFocus
Marlin 47 #3H,42173355880000,Apache Corporation,Glasscock,Texas,32.011283,-101.44286,,,,FracFocus
Knox Pipkin 28 #3 H,42357332340000,Apache Corporation,Ochiltree,Texas,36.098886,-100.999119,,,,FracFocus
Halfmann #4,42173359070000,Apache Corporation,Glasscock,Texas,31.6832,-101.56272,,,,FracFocus
Gunn Frances 10,42227034030000,Apache Corporation,Howard,Texas,32.48687,-101.3496,,,,FracFocus
Bartz 19 2619H,42483337200000,Apache Corporation,Wheeler,Texas,35.460194,-100.025658,,,,FracFocus
Cook 21 #19,42173357860000,Apache Corporation,Glasscock,Texas,31.82,-101.519,,,,FracFocus
Schwartz A #4,42383382130000,Apache Corporation,Reagan,Texas,31.63774,-101.5663,,,,FracFocus
Cowden 10 #6H,42103362060000,Apache Corporation,Crane,Texas,31.424445,-102.402487,,,,FracFocus
Three Bar Shallow Unit 108H,42003453830000,Apache Corporation,Andrews,Texas,32.1329,-102.79503,,,,FracFocus
Hardy 18 #13,42173358800000,Apache Corporation,Glasscock,Texas,31.845,-101.461,,,,FracFocus
University Devonian 38 B#2,42103362100000,Apache Corporation,Crane,Texas,31.439792,-102.429914,,,,FracFocus
Stiles 68-28-68H,42483336320000,Apache Corporation,Wheeler,Texas,35.431839,-100.044075,,,,FracFocus
WR Sterling #23,42415348770000,Apache Corporation,Scurry,Texas,32.59477,-101.05552,,,,FracFocus
RU #42-45,42501360600000,Apache Corporation,Yoakum,Texas,33.0047,-102.95804,,,,FracFocus
Simmons 2-2H,42483337180000,Apache Corporation,Wheeler,Texas,35.429,-100.151,,,,FracFocus
Ballenger #4105,42173359310000,Apache Corporation,Glasscock,Texas,31.915,-101.463,,,,FracFocus
Barrow Augusta 1405,42135424880000,Apache Corporation,Ector,Texas,31.99938,-102.3955,,,,FracFocus
Red Snapper - Neal #1602H,42173356910000,Apache Corporation,Glasscock,Texas,31.961556,-101.464903,,,,FracFocus
McElroy 137#4,42461386450000,Apache Corporation,Upton,Texas,31.403357,-102.176153,,,,FracFocus
Kestrel 38 #3,42173358410000,Apache Corporation,Glasscock,Texas,31.784,-101.47,,,,FracFocus
Sugg 13-1,42235352660000,Apache Corporation,Irion,Texas,31.277333,-101.05242,,,,FracFocus
Three Bar Unit #53,42003301080000,Apache Corporation,Andrews,Texas,32.14583,-102.80968,,,,FracFocus
Barrow Augusta 1406,42135424890000,Apache Corporation,Ector,Texas,31.99647,-102.39415,,,,FracFocus
Sugg 4948 4H,42235351210000,Apache Corporation,Irion,Texas,31.25376,-101.10369,,,,FracFocus
Three Bar Shallow Unit 112H,42003453310000,Apache Corporation,Andrews,Texas,32.13191,-102.79922,,,,FracFocus
Bell 22 #9,42173358500000,Apache Corporation,Glasscock,Texas,31.819,-101.494,,,,FracFocus
ASAU 1303,42165006500000,Apache Corporation,Gaines,Texas,32.815216,-102.564503,,,,FracFocus
Red Snapper - Neal #1603H,42173357230000,Apache Corporation,Glasscock,Texas,31.962107,-101.46228,,,,FracFocus
RO McClure B #12,42415349040000,Apache Corporation,Scurry,Texas,32.60125,-101.07605,,,,FracFocus
Stiles 16 1916H,42483337330000,Apache Corporation,Wheeler,Texas,35.46,-100.079,,,,FracFocus
Seth Campbell #77,42495335080000,Apache Corporation,Winkler,Texas,31.882312,-103.067813,,,,FracFocus
Roberts Unit 3264D,42501360430000,Apache Corporation,Yoakum,Texas,33.00728,-102.96352,,,,FracFocus
Red Snapper - Neal #1606H,42173357260000,Apache Corporation,Glasscock,Texas,31.96279,-101.459042,,,,FracFocus
Seth Campbell #82,42495335100000,Apache Corporation,Winkler,Texas,31.873697,-103.07356,,,,FracFocus
Woodley F L 77A,42079326790000,Apache Corporation,Cochran,Texas,33.49761,-102.63665,,,,FracFocus
Elliott 67 #1H,42211352040000,Apache Corporation,Hemphill,Texas,36.040794,-100.359028,,,,FracFocus
Weatherly SL 701H,42483337340000,Apache Corporation,Wheeler,Texas,35.458416,-100.190079,,,,FracFocus
Cook 21 #18,42173358900000,Apache Corporation,Glasscock,Texas,31.822,-101.524,,,,FracFocus
Hechler W F 6,42033322910000,Apache Corporation,Borden,Texas,32.52708,-101.3366,,,,FracFocus
Boys Ranch 116 9,42359303660000,Apache Corporation,Oldham,Texas,35.538489,-102.247071,,,,FracFocus
Cowden 10 #1H,42103362050000,Apache Corporation,Crane,Texas,31.427829,-102.388209,,,,FracFocus
Cummins B #32H,42135425280000,Apache Corporation,Ector,Texas,32.001,-102.714,,,,FracFocus
RO McClure #15,42415349070000,Apache Corporation,Scurry,Texas,32.59901,-101.08507,,,,FracFocus
Stiles 18 18-18H,42483337320000,Apache Corporation,Wheeler,Texas,35.459591,-100.055923,,,,FracFocus
Schwartz #10,42173359720000,Apache Corporation,Glasscock,Texas,31.869,-101.514,,,,FracFocus
Bivins-LIT 304,42359303780000,Apache Corporation,Oldham,Texas,35.54235,-102.257614,,,,FracFocus
Clinch 4238 H22LU,42235353270000,Apache Corporation,Irion,Texas,31.173911,-101.25477,,,,FracFocus
Red Snapper - Neal #1604H,42173357270000,Apache Corporation,Glasscock,Texas,31.963413,-101.45608,,,,FracFocus
Heidi 37 #4,42173358190000,Apache Corporation,Glasscock,Texas,31.785,-101.457,,,,FracFocus
Roberts 31 1,42227374320000,Apache Corporation,Howard,Texas,32.41241,-101.3694,,,,FracFocus
Cook 21 #20,42173358980000,Apache Corporation,Glasscock,Texas,31.818,-101.515,,,,FracFocus
Ballenger #2911,42173359790000,Apache Corporation,Glasscock,Texas,31.933,-101.465,,,,FracFocus
Three Bar Shallow Unit #119H,42003453330000,Apache Corporation,Andrews,Texas,32.168,-102.814,,,,FracFocus
Slick State B 14,42427346510000,Apache Corporation,Starr,Texas,26.44208,-98.52179,,,,FracFocus
Sterling #6,42415348790000,Apache Corporation,Scurry,Texas,32.59399,-101.06788,,,,FracFocus
Gunn Frances A 33,42227375710000,Apache Corporation,Howard,Texas,32.49426,-101.35917,,,,FracFocus
Barracuda 45 #9,42173358960000,Apache Corporation,Glasscock,Texas,31.903,-101.446,,,,FracFocus
Ramp 26 9H,42211352120000,Apache Corporation,Hemphill,Texas,35.778419,-100.161179,,,,FracFocus
Red Snapper-Neal #1605H,42173357250000,Apache Corporation,Glasscock,Texas,31.977687,-101.45692,,,,FracFocus
Franano 376 #1H,42295339620000,Apache Corporation,Lipscomb,Texas,36.093057,-100.254977,,,,FracFocus
Smith 113 SE#3,42461387200000,Apache Corporation,Upton,Texas,31.460519,-102.14179,,,,FracFocus
ED Books 1D Unit #12,42173356990000,Apache Corporation,Glasscock,Texas,31.8713,-101.4854,,,,FracFocus
North Central Levelland Unit 394,42219341300000,Apache Corporation,Hockley,Texas,33.62981,-102.58007,,,,FracFocus
ED Books 1#15,42173359290000,Apache Corporation,Glasscock,Texas,31.8749,-101.4843,,,,FracFocus
CC 3626HM,42461386600000,Apache Corporation,Upton,Texas,31.542916,-102.02226,,,,FracFocus
Roberts Unit 3271D,42501360560000,Apache Corporation,Yoakum,Texas,33.00896,-102.95907,,,,FracFocus
Power Bar 30-31 #1H,42003455200000,Apache Corporation,Andrews,Texas,32.1147,-102.8173,,,,FracFocus
University Devonian 16#1,42103362240000,Apache Corporation,Crane,Texas,31.482323,-102.483276,,,,FracFocus
Mattie Minor #17,42415348710000,Apache Corporation,Scurry,Texas,32.58463,-101.03838,,,,FracFocus
HE Cummins B 33H,42135425290000,Apache Corporation,Ector,Texas,32.002021,-102.71043,,,,FracFocus
Redtail 48 #2,42173359990000,Apache Corporation,Glasscock,Texas,31.775,-101.459,,,,FracFocus
Sanders 43-7H,42211352220000,Apache Corporation,Hemphill,Texas,35.778431,-100.153183,,,,FracFocus
CC 3627 HU,42461386620000,Apache Corporation,Upton,Texas,31.543067,-102.02164,,,,FracFocus
ED Books 6 #4,42173353340000,Apache Corporation,Glasscock,Texas,31.850494,-101.55651,,,,FracFocus
SRH 13 #1314,42383379650000,Apache Corporation,Reagan,Texas,31.469455,-101.45986,,,,FracFocus
McElroy Ranch CO F #5SE,42461388080000,Apache Corporation,Upton,Texas,31.448607,-102.175089,,,,FracFocus
Seth Campbell #76,42495334990000,Apache Corporation,Winkler,Texas,31.881259,-103.059151,,,,FracFocus
Scott Sugg 1213 6H,42235350780000,Apache Corporation,Irion,Texas,31.253637,-101.057656,,,,FracFocus
Ellen 8 12H,42211352230000,Apache Corporation,Hemphill,Texas,35.705881,-100.131436,,,,FracFocus
Seth Campbell #83,42495335110000,Apache Corporation,Winkler,Texas,31.874859,-103.070045,,,,FracFocus
Three Bar Shallow Unit #111H,42003455260000,Apache Corporation,Andrews,Texas,32.166552,-102.82217,,,,FracFocus
North McElroy Unit 2660,42103034750000,Apache Corporation,Crane,Texas,31.486637,-102.338596,,,,FracFocus
Barracuda 45 #10,42173359630000,Apache Corporation,Glasscock,Texas,31.8979,-101.4361,,,,FracFocus
Lockhart 1-10,42211335070000,Apache Corporation,Hemphill,Texas,36.042763,-100.170204,,,,FracFocus
Scott Sugg 1213 H23M,42235354770000,Apache Corporation,Irion,Texas,31.253633,-101.057468,,,,FracFocus
SRH 17 #1716,42383380160000,Apache Corporation,Reagan,Texas,31.43945,-101.45606,,,,FracFocus
Ballenger 3142 #5H,42173357330000,Apache Corporation,Glasscock,Texas,31.912495,-101.48519,,,,FracFocus
Condor 48 #1,42173360010000,Apache Corporation,Glasscock,Texas,31.7701,-101.4549,,,,FracFocus
Sugg 5051 H63M,42235354350000,Apache Corporation,Irion,Texas,31.25595,-101.098083,,,,FracFocus
Randall 640 #3H,42295340050000,Apache Corporation,Lipscomb,Texas,36.246033,-100.435767,,,,FracFocus
Ballenger 3142 #7H,42173357350000,Apache Corporation,Glasscock,Texas,31.913596,-101.480306,,,,FracFocus
Pyle 40 5H,42483336690000,Apache Corporation,Wheeler,Texas,35.50221,-100.184784,,,,FracFocus
Barrow Augusta 1407,42135425350000,Apache Corporation,Ector,Texas,31.99283,-102.39354,,,,FracFocus
Ballenger #3210,42173359330000,Apache Corporation,Glasscock,Texas,31.920444,-101.46571,,,,FracFocus
Chaney 43 #3,42461384520000,Apache Corporation,Upton,Texas,31.534247,-101.99416,,,,FracFocus
King 11#1H,42103362320000,Apache Corporation,Crane,Texas,31.401572,-102.379628,,,,FracFocus
Miller 36 2HU,42461387040000,Apache Corporation,Upton,Texas,31.582179,-101.92373,,,,FracFocus
Ballenger #3211,42173359300000,Apache Corporation,Glasscock,Texas,31.918528,-101.45924,,,,FracFocus
Wolf 21 1,42227375850000,Apache Corporation,Howard,Texas,32.48393,-101.35145,,,,FracFocus
Roberts Unit 4315,42501102580000,Apache Corporation,Yoakum,Texas,33.00479,-102.95201,,,,FracFocus
Pyle 40 6H,42483336870000,Apache Corporation,Wheeler,Texas,35.50209,-100.19328,,,,FracFocus
Txl 41 1,42135425760000,Apache Corporation,Ector,Texas,31.85638,-102.73061,,,,FracFocus
Buchanan 10 2,42227375810000,Apache Corporation,Howard,Texas,32.47553,-101.38092,,,,FracFocus
Scott Sugg 5051 East H61U,42235354340000,Apache Corporation,Irion,Texas,31.233525,-101.09777,,,,FracFocus
Connell Cowden 48 #3,42461381660000,Apache Corporation,Upton,Texas,31.52699,-102.00965,,,,FracFocus
Raven 38 #1,42173360340000,Apache Corporation,Glasscock,Texas,31.7871,-101.4762,,,,FracFocus
Ballenger 3142 #8H,42173357400000,Apache Corporation,Glasscock,Texas,31.914439,-101.476558,,,,FracFocus
Cleveland 5 #4,42173359470000,Apache Corporation,Glasscock,Texas,31.746879,-101.51583,,,,FracFocus
Ballenger #4106,42173359530000,Apache Corporation,Glasscock,Texas,31.910306,-101.46563,,,,FracFocus
McElroy Ranch #26 Sec 130,42461389530000,Apache Corporation,Upton,Texas,31.434622,-102.170478,,,,FracFocus
Barrow Augusta 1408,42135425360000,Apache Corporation,Ector,Texas,31.988271,-102.39273,,,,FracFocus
Thompson 12,42227375240000,Apache Corporation,Howard,Texas,32.476135,-101.37628,,,,FracFocus
Chester 10 #2,42173355900000,Apache Corporation,Glasscock,Texas,31.9811,-101.4481,,,,FracFocus
LumberJack 32 #1,42173356420000,Apache Corporation,Glasscock,Texas,31.699572,-101.39574,,,,FracFocus
Scott Sugg 5051 East H53M,42235354270000,Apache Corporation,Irion,Texas,31.233539,-101.09911,,,,FracFocus
Alexander Unit 66 #2H,42211352260000,Apache Corporation,Hemphill,Texas,36.0237,-100.33605,,,,FracFocus
Kestrel 38 #4,42173360440000,Apache Corporation,Glasscock,Texas,31.780215,-101.47008,,,,FracFocus
Stiles 68 3068H,42483336740000,Apache Corporation,Wheeler,Texas,35.431835,-100.044022,,,,FracFocus
Ballenger 3142#9H,42173357410000,Apache Corporation,Glasscock,Texas,31.914885,-101.47457,,,,FracFocus
Txl 41 3,42135425780000,Apache Corporation,Ector,Texas,31.858356,-102.7217,,,,FracFocus
Ballenger #3103,42173355600000,Apache Corporation,Glasscock,Texas,31.913694,-101.48334,,,,FracFocus
Daniels 138 #5H,42357333110000,Apache Corporation,Ochiltree,Texas,36.129769,-101.0188,,,,FracFocus
Chaney 43 #4,42461384530000,Apache Corporation,Upton,Texas,31.531691,-101.98895,,,,FracFocus
Adair SAU 1307,42165003540000,Apache Corporation,Gaines,Texas,32.95062,-102.30063,,,,FracFocus
Ballenger #3104,42173359800000,Apache Corporation,Glasscock,Texas,31.912861,-101.48071,,,,FracFocus
Stiles 18 2518H,42483337550000,Apache Corporation,Wheeler,Texas,35.473028,-100.053272,,,,FracFocus
Pyle 40 9H,42483337310000,Apache Corporation,Wheeler,Texas,35.50205,-100.19336,,,,FracFocus
Redtail 48 #3,42173360000000,Apache Corporation,Glasscock,Texas,31.778638,-101.44748,,,,FracFocus
Scott Sugg 0504 H71U,42235353060000,Apache Corporation,Irion,Texas,31.275882,-101.02801,,,,FracFocus
Griffin Ranch 22 2,42227375790000,Apache Corporation,Howard,Texas,32.48354,-101.34313,,,,FracFocus
Hoover 216 #4H,42357332760000,Apache Corporation,Ochiltree,Texas,36.09956,-100.722002,,,,FracFocus
Reveille 7H,42051337170000,Apache Corporation,Burleson,Texas,30.536647,-96.415192,,,,FracFocus
Dobson Ranch 1 #9 H,42483337670000,Apache Corporation,Wheeler,Texas,35.517811,-100.005225,,,,FracFocus
Scott Sugg 5051 East H51U,42235354360000,Apache Corporation,Irion,Texas,31.233553,-101.10046,,,,FracFocus
Roberts Unit 2261D,42501360110000,Apache Corporation,Yoakum,Texas,33.02663,-102.96374,,,,FracFocus
His Blessing 35 #11,42173359910000,Apache Corporation,Glasscock,Texas,31.914974,-101.51836,,,,FracFocus
Connell Cowden 48 #5,42461382170000,Apache Corporation,Upton,Texas,31.524176,-102.00341,,,,FracFocus
McElroy Ranch 129#28,42461389550000,Apache Corporation,Upton,Texas,31.425442,-102.17715,,,,FracFocus
Mallet Unit 1520,42079332720000,Apache Corporation,Cochran,Texas,33.438327,-102.60445,,,,FracFocus
Schwartz #4,42173337360000,Apache Corporation,Glasscock,Texas,31.869777,-101.51041,,,,FracFocus
Cleveland 5 #3,42173359460000,Apache Corporation,Glasscock,Texas,31.749983,-101.52249,,,,FracFocus
Coons W A 50,42219357890000,Apache Corporation,Hockley,Texas,33.40044,-102.45574,,,,FracFocus
Dobson Ranch 2 #5,42483335530000,Apache Corporation,Wheeler,Texas,35.532017,-100.010917,,,,FracFocus
University TB(Shallow)Unit A-1 115H,42003455270000,Apache Corporation,Andrews,Texas,32.167406,-102.81861,,,,FracFocus
Von Trap 94 1,42033322880000,Apache Corporation,Borden,Texas,32.620636,-101.20304,,,,FracFocus
Txl 41 2,42135425770000,Apache Corporation,Ector,Texas,31.857517,-102.72609,,,,FracFocus
Scott Sugg 5051 East H43M,42235354250000,Apache Corporation,Irion,Texas,31.233567,-101.1018,,,,FracFocus
Beasley 2-37H,42483337560000,Apache Corporation,Wheeler,Texas,35.489552,-100.23703,,,,FracFocus
Carter 1 #1,42173360250000,Apache Corporation,Glasscock,Texas,31.984814,-101.51631,,,,FracFocus
Randall 640 #2H,42295340040000,Apache Corporation,Lipscomb,Texas,36.246038,-100.427441,,,,FracFocus
Sugg Strip H41U,42235353250000,Apache Corporation,Irion,Texas,31.251436,-101.025229,,,,FracFocus
Sealy Smith Foundation B#91,42495334550000,Apache Corporation,Winkler,Texas,31.723147,-102.961453,,,,FracFocus
Roberts Unit 2716,42501304010000,Apache Corporation,Yoakum,Texas,33.0267,-102.88179,,,,FracFocus
Roberts Unit 2263D,42501360130000,Apache Corporation,Yoakum,Texas,33.02362,-102.96389,,,,FracFocus
Sealy Smith Foundation B#87,42495334540000,Apache Corporation,Winkler,Texas,31.726472,-102.96275,,,,FracFocus
Hester 39 #7,42173360300000,Apache Corporation,Glasscock,Texas,31.9025,-101.5201,,,,FracFocus
Rogers 35 #06,42461389910000,Apache Corporation,Upton,Texas,31.42789,-101.97995,,,,FracFocus
Seeds 63 4H,42483337280000,Apache Corporation,Wheeler,Texas,35.414825,-100.012922,,,,FracFocus
Sealy Smith Foundation B#92,42495334560000,Apache Corporation,Winkler,Texas,31.714981,-102.963325,,,,FracFocus
Round Top Canyon Sand G 172,42151317650000,Apache Corporation,Fisher,Texas,32.86359,-100.2778,,,,FracFocus
Hechler W F 7,42227376040000,Apache Corporation,Howard,Texas,32.52251,-101.34228,,,,FracFocus
Scott Sugg 5051 East H41U,42235354260000,Apache Corporation,Irion,Texas,31.233581,-101.10315,,,,FracFocus
Big Rocker B2 #1512,42383384030000,Apache Corporation,Reagan,Texas,31.508782,-101.4915,,,,FracFocus
Moore 62 #9H,42483337050000,Apache Corporation,Wheeler,Texas,35.414825,-100.012972,,,,FracFocus
Roberts Unit 2705,42501320630000,Apache Corporation,Yoakum,Texas,33.02271,-102.88728,,,,FracFocus
North McElroy Unit 3950F,42103329540000,Apache Corporation,Crane,Texas,31.45494,-102.34843,,,,FracFocus
Txl North Unit 415,42135059680000,Apache Corporation,Ector,Texas,31.91782,-102.74539,,,,FracFocus
Walker Glass #1,42173340720000,Apache Corporation,Glasscock,Texas,31.837452,-101.49752,,,,FracFocus
Scott Sugg 4948 H53M,42235354080000,Apache Corporation,Irion,Texas,31.276714,-101.1064,,,,FracFocus
High Bar #2H,42003455500000,Apache Corporation,Andrews,Texas,32.2719,-102.8639,,,,FracFocus
Duff 7 #3,42173360220000,Apache Corporation,Glasscock,Texas,31.980746,-101.50343,,,,FracFocus
Tyler 55 9-55H,42483337500000,Apache Corporation,Wheeler,Texas,35.386921,-100.0159,,,,FracFocus
Cheyenne Station 39 #1,42359303800000,Apache Corporation,Oldham,Texas,35.557072,-102.302634,,,,FracFocus
Roberts Unit 3243R,42501360510000,Apache Corporation,Yoakum,Texas,33.0105,-102.95807,,,,FracFocus
Txl 41 4,42135425790000,Apache Corporation,Ector,Texas,31.85836,-102.71868,,,,FracFocus
Boys Ranch 116 #16,42359303830000,Apache Corporation,Oldham,Texas,35.528989,-102.247015,,,,FracFocus
Bomber #06,42461386710000,Apache Corporation,Upton,Texas,31.504831,-102.04133,,,,FracFocus
George D. Hogg #5H,42495335050000,Apache Corporation,Winkler,Texas,31.757844,-102.961612,,,,FracFocus
Woodley F L 85,42079332810000,Apache Corporation,Cochran,Texas,33.496947,-102.62989,,,,FracFocus
Cowden 26#1H,42103362340000,Apache Corporation,Crane,Texas,31.4121,-102.4012,,,,FracFocus
Thornton 59 5H,42211351680000,Apache Corporation,Hemphill,Texas,35.794472,-100.179558,,,,FracFocus
Maui 5 #3,42173360290000,Apache Corporation,Glasscock,Texas,31.751473,-101.51346,,,,FracFocus
Wolf 21 2,42227376140000,Apache Corporation,Howard,Texas,32.482301,-101.34844,,,,FracFocus
Augusta Barrow 1417H,42135427040000,Apache Corporation,Ector,Texas,31.9871,-102.3859,,,,FracFocus
North Central Levelland Unit 552,42219358640000,Apache Corporation,Hockley,Texas,33.6219,-102.53545,,,,FracFocus
Scott Sugg 5051 H33M,42235354440000,Apache Corporation,Irion,Texas,31.256386,-101.105983,,,,FracFocus
Beaver 352 #1H,42033322960000,Apache Corporation,Borden,Texas,32.8169,-101.20078,,,,FracFocus
Moore 62 #4H,42483337700000,Apache Corporation,Wheeler,Texas,35.399586,-100.021675,,,,FracFocus
Squire#9008H,42173360230000,Apache Corporation,Glasscock,Texas,31.989533,-101.469903,,,,FracFocus
Roberts Unit 3356,42501360610000,Apache Corporation,Yoakum,Texas,33.01125,-102.95142,,,,FracFocus
Miller 4 3,42227374740000,Apache Corporation,Howard,Texas,32.380366,-101.37893,,,,FracFocus
Hoover 216 #5H,42357332750000,Apache Corporation,Ochiltree,Texas,36.09895,-100.71361,,,,FracFocus
Rogers 35 #8,42461389930000,Apache Corporation,Upton,Texas,31.429828,-101.97172,,,,FracFocus
Barrow Augusta 2304,42135425370000,Apache Corporation,Ector,Texas,31.974636,-102.38441,,,,FracFocus
McElroy Ranch 138#3,42461389190000,Apache Corporation,Upton,Texas,31.391697,-102.176621,,,,FracFocus
Txl 41 6,42135425800000,Apache Corporation,Ector,Texas,31.85342,-102.71499,,,,FracFocus
Scott Sugg 1213 H23M,42235354430000,Apache Corporation,Irion,Texas,31.276184,-101.05588,,,,FracFocus
North Central Levelland Unit 537,42079325960000,Apache Corporation,Cochran,Texas,33.62533,-102.64564,,,,FracFocus
ASAU 1206,42165003000000,Apache Corporation,Gaines,Texas,32.95419,-102.27969,,,,FracFocus
Lee 59 7H,42173358860000,Apache Corporation,Glasscock,Texas,31.977467,-101.40658,,,,FracFocus
Big Rocker B2 #1513,42383383770000,Apache Corporation,Reagan,Texas,31.5091,-101.4929,,,,FracFocus
Stiles 16B 1716H,42483337600000,Apache Corporation,Wheeler,Texas,35.459272,-100.083064,,,,FracFocus
Minnie Hodges  40-1H,42393306930000,Apache Corporation,Roberts,Texas,36.045,-100.714,,,,FracFocus
Scott Sugg 4948 H63M,42235354090000,Apache Corporation,Irion,Texas,31.276744,-101.10923,,,,FracFocus
Adams 137 #7H,42357332790000,Apache Corporation,Ochiltree,Texas,36.098902,-100.713611,,,,FracFocus
Txl 41 7,42135426390000,Apache Corporation,Ector,Texas,31.85396,-102.72642,,,,FracFocus
Adams 137 #6H,42357332780000,Apache Corporation,Ochiltree,Texas,36.09938,-100.722002,,,,FracFocus
Adams 137 #5H,42357332800000,Apache Corporation,Ochiltree,Texas,36.099572,-100.72647,,,,FracFocus
Stiles 16A 1616H,42483337590000,Apache Corporation,Wheeler,Texas,35.459231,-100.083067,,,,FracFocus
Roberts Unit 4234R,42501360690000,Apache Corporation,Yoakum,Texas,33.00482,-102.95913,,,,FracFocus
SAU 5 #2D,42383378450000,Apache Corporation,Reagan,Texas,31.472806,-101.644123,,,,FracFocus
Lee 59-8H,42173358870000,Apache Corporation,Glasscock,Texas,31.977592,-101.41027,,,,FracFocus
Lee 59 10H,42173359240000,Apache Corporation,Glasscock,Texas,31.977844,-101.41767,,,,FracFocus
Moore 62 12H,42483337460000,Apache Corporation,Wheeler,Texas,35.400319,-100.014344,,,,FracFocus
SAU 6 #2D,42383378840000,Apache Corporation,Reagan,Texas,31.469778,-101.660911,,,,FracFocus
Carmichael 1501H,42003456300000,Apache Corporation,Andrews,Texas,32.22076,-102.81444,,,,FracFocus
Barrow Augusta 1411,42135425700000,Apache Corporation,Ector,Texas,31.99181,-102.39035,,,,FracFocus
Taylor Draw 3002 HM,42461387980000,Apache Corporation,Upton,Texas,31.15799,-101.77501,,,,FracFocus
Bartz 19 6019H,42483319540000,Apache Corporation,Wheeler,Texas,35.465,-100.038889,,,,FracFocus
Alexander 1-8H,42211352430000,Apache Corporation,Hemphill,Texas,35.691414,-100.139305,,,,FracFocus
Scott Sugg 5554 H43M,42235354800000,Apache Corporation,Irion,Texas,31.256938,-101.113338,,,,FracFocus
University Lands 36#4H,42103362450000,Apache Corporation,Crane,Texas,31.46208,-102.418314,,,,FracFocus
C S Dean `A` Unit 225,42079328250000,Apache Corporation,Cochran,Texas,33.4915,-102.75116,,,,FracFocus
Greatwhite 44-3H,42173360470000,Apache Corporation,Glasscock,Texas,31.9029,-101.4591,,,,FracFocus
Thompson 12 3,42227375840000,Apache Corporation,Howard,Texas,32.477479,-101.36556,,,,FracFocus
Taylor Draw 3001 HU,42461387920000,Apache Corporation,Upton,Texas,31.15799,-101.77453,,,,FracFocus
Leone 2H,42051337200000,Apache Corporation,Burleson,Texas,30.535614,-96.362792,,,,FracFocus
Scott Sugg 5051 H13M,42235354410000,Apache Corporation,Irion,Texas,31.233658,-101.11057,,,,FracFocus
Stiles  4 2104H,42483337610000,Apache Corporation,Wheeler,Texas,35.445406,-100.060006,,,,FracFocus
Stiles 3 2803H,42483337770000,Apache Corporation,Wheeler,Texas,35.445097,-100.0419,,,,FracFocus
Txl 41 8,42135426400000,Apache Corporation,Ector,Texas,31.8521,-102.72276,,,,FracFocus
Daniels E138 #4H,42357332840000,Apache Corporation,Ochiltree,Texas,36.12789,-101.00945,,,,FracFocus
Stiles 3 SL 26-3H,42483337350000,Apache Corporation,Wheeler,Texas,35.459343,-100.054077,,,,FracFocus
Stiles 3 SL 2703H,42483337490000,Apache Corporation,Wheeler,Texas,35.459343,-100.054131,,,,FracFocus
Roberts Unit 2735,42501304020000,Apache Corporation,Yoakum,Texas,33.03255,-102.87592,,,,FracFocus
McElroy 137 #5,42461389460000,Apache Corporation,Upton,Texas,31.412687,-102.18354,,,,FracFocus
Walter Jones 1-18H,42211352460000,Apache Corporation,Hemphill,Texas,35.994444,-100.150508,,,,FracFocus
Seeds 63B-5H,42483337800000,Apache Corporation,Wheeler,Texas,35.416,-100.02,,,,FracFocus
Woodley F L 86,42079332820000,Apache Corporation,Cochran,Texas,33.49502,-102.62417,,,,FracFocus
Roberts Unit 3737,42501305890000,Apache Corporation,Yoakum,Texas,33.01159,-102.87482,,,,FracFocus
Woodley F L 92,42079332940000,Apache Corporation,Cochran,Texas,33.50086,-102.62309,,,,FracFocus
ASAU 912,42445322170000,Apache Corporation,Terry,Texas,32.961258,-102.29121,,,,FracFocus
Thomas #5,42461389840000,Apache Corporation,Upton,Texas,31.404044,-101.96678,,,,FracFocus
Gray 231 #2H,42033322810000,Apache Corporation,Borden,Texas,32.7349,-101.3011,,,,FracFocus
Txl 41 5,42135426770000,Apache Corporation,Ector,Texas,31.856593,-102.71598,,,,FracFocus
Maui 5 #2,42173360280000,Apache Corporation,Glasscock,Texas,31.745364,-101.50715,,,,FracFocus
Byrd Frost 12,42415348800000,Apache Corporation,Scurry,Texas,32.584703,-101.046729,,,,FracFocus
Scott Sugg 5554 H31U,42235354830000,Apache Corporation,Irion,Texas,31.233744,-101.119512,,,,FracFocus
Sallie 7-5H,42483337480000,Apache Corporation,Wheeler,Texas,35.422039,-100.08495,,,,FracFocus
Scott Sugg 5554 H41U,42235354810000,Apache Corporation,Irion,Texas,31.233703,-101.11517,,,,FracFocus
Chaparral 89 202H,42301319980000,Apache Corporation,Loving,Texas,31.747606,-103.651899,,,,FracFocus
Chaparral 89 #101H,42301319950000,Apache Corporation,Loving,Texas,31.7359,-103.6611,,,,FracFocus
Chaparral 89 #102H,42301319960000,Apache Corporation,Loving,Texas,31.7351,-103.6649,,,,FracFocus
Sealy Smith B 95H,42495335130000,Apache Corporation,Winkler,Texas,31.7089,-102.9619,,,,FracFocus
Woodley F L 93,42079332880000,Apache Corporation,Cochran,Texas,33.50062,-102.62159,,,,FracFocus
Roberts Unit 1736,42501320580000,Apache Corporation,Yoakum,Texas,33.03725,-102.8745,,,,FracFocus
C S Dean `A` Unit 211,42079325800000,Apache Corporation,Cochran,Texas,33.51344,-102.75975,,,,FracFocus
Woodley F L 94,42079332890000,Apache Corporation,Cochran,Texas,33.49716,-102.6195,,,,FracFocus
Txl 44 1,42135427370000,Apache Corporation,Ector,Texas,31.8459,-102.72695,,,,FracFocus
Rogers 35 #7,42461389920000,Apache Corporation,Upton,Texas,31.432333,-101.97683,,,,FracFocus
Woodley F L 95,42079332900000,Apache Corporation,Cochran,Texas,33.49702,-102.6504,,,,FracFocus
University Devonian 42#4,42103349770000,Apache Corporation,Crane,Texas,31.43459,-102.49048,,,,FracFocus
Rocker B Sec 11 #1105 HL,42383384280000,Apache Corporation,Reagan,Texas,31.468165,-101.50451,,,,FracFocus
Byrd Frost A #6,42415348810000,Apache Corporation,Scurry,Texas,32.584718,-101.050516,,,,FracFocus
West Levelland Unit 335,42079324170000,Apache Corporation,Cochran,Texas,33.60697,-102.66182,,,,FracFocus
Barrow Augusta 2307,42135425400000,Apache Corporation,Ector,Texas,31.977421,-102.38879,,,,FracFocus
Foxtrot 31 #1,42173356060000,Apache Corporation,Glasscock,Texas,31.689238,-101.40989,,,,FracFocus
Mack 8 3H,42173360890000,Apache Corporation,Glasscock,Texas,31.985998,-101.48578,,,,FracFocus
Smith Ranch 69 #1,42359303840000,Apache Corporation,Oldham,Texas,35.498888,-102.232734,,,,FracFocus
Byrd Frost A #7,42415348820000,Apache Corporation,Scurry,Texas,32.584918,-101.048629,,,,FracFocus
Gunn Frances A 34,42227376360000,Apache Corporation,Howard,Texas,32.49856,-101.35693,,,,FracFocus
Bivins-LIT 1159,42359303810000,Apache Corporation,Oldham,Texas,35.525188,-102.234437,,,,FracFocus
Boys Ranch 116 #17,42359303870000,Apache Corporation,Oldham,Texas,35.525765,-102.242092,,,,FracFocus
Barrow Augusta 1601,42135426980000,Apache Corporation,Ector,Texas,31.98269,-102.41926,,,,FracFocus
SAU 20 #2E,42383383590000,Apache Corporation,Reagan,Texas,31.544995,-101.66301,,,,FracFocus
Rocker B Sec 11 #1106 HC,42383384290000,Apache Corporation,Reagan,Texas,31.468234,-101.5042,,,,FracFocus
Lynda Neal 2804H,42173361190000,Apache Corporation,Glasscock,Texas,31.946287,-101.459905,,,,FracFocus
SAU 9 #2D,42383383090000,Apache Corporation,Reagan,Texas,31.467602,-101.619951,,,,FracFocus
WR Sterling 24,42415348780000,Apache Corporation,Scurry,Texas,32.59507,-101.05957,,,,FracFocus
Ramsey 58 17H,42211352520000,Apache Corporation,Hemphill,Texas,35.79517,-100.19524,,,,FracFocus
Hammerhead 33-6H,42173359560000,Apache Corporation,Glasscock,Texas,31.919467,-101.4515,,,,FracFocus
Scott Sugg 5554 H33M,42235354820000,Apache Corporation,Irion,Texas,31.233742,-101.11734,,,,FracFocus
McElroy Ranch E #9132SE,42461389250000,Apache Corporation,Upton,Texas,31.463216,-102.1811,,,,FracFocus
Copeland 27 #11,42173360180000,Apache Corporation,Glasscock,Texas,31.925306,-101.53267,,,,FracFocus
Thomas #4,42461389830000,Apache Corporation,Upton,Texas,31.401494,-101.96786,,,,FracFocus
Carmichael 1502H,42003456310000,Apache Corporation,Andrews,Texas,32.2079,-102.8069,,,,FracFocus
C S Dean `A` Unit 239,42079328590000,Apache Corporation,Cochran,Texas,33.51743,-102.75953,,,,FracFocus
Gunn Frances 32,42227375720000,Apache Corporation,Howard,Texas,32.49204,-101.35829,,,,FracFocus
Scott Sugg 5554 H23M,42235354780000,Apache Corporation,Irion,Texas,31.257042,-101.122417,,,,FracFocus
University Lands 36#6H,42103362460000,Apache Corporation,Crane,Texas,31.450388,-102.42011,,,,FracFocus
University Devonian 42#4,42103349440000,Apache Corporation,Crane,Texas,31.434571,-102.490595,,,,FracFocus
Hammerhead 33-8H,42173360400000,Apache Corporation,Glasscock,Texas,31.921034,-101.44376,,,,FracFocus
Roberts Unit 3326,42501312850000,Apache Corporation,Yoakum,Texas,33.01538,-102.94783,,,,FracFocus
Von Twist 95 1,42033322890000,Apache Corporation,Borden,Texas,32.6269,-101.17938,,,,FracFocus
Txl South Unit 6005,42135427250000,Apache Corporation,Ector,Texas,31.828026,-102.68123,,,,FracFocus
Merydith 557 #3H,42295340260000,Apache Corporation,Lipscomb,Texas,36.21695,-100.525356,,,,FracFocus
Weatherly 8 1H,42483337910000,Apache Corporation,Wheeler,Texas,35.457176,-100.184273,,,,FracFocus
McElroy 114 SE#3,42461389480000,Apache Corporation,Upton,Texas,31.473506,-102.15047,,,,FracFocus
Scott Sugg 5554 H21U,42235354840000,Apache Corporation,Irion,Texas,31.25654,-101.1231,,,,FracFocus
Adams 197 #1H,42393325370000,Apache Corporation,Roberts,Texas,35.982961,-100.707814,,,,FracFocus
Kestrel 38 #5,42173360450000,Apache Corporation,Glasscock,Texas,31.791089,-101.46871,,,,FracFocus
Hechler W F 8,42227376080000,Apache Corporation,Howard,Texas,32.52371,-101.33758,,,,FracFocus
Rogers 35 #5,42461390300000,Apache Corporation,Upton,Texas,31.429867,-101.98527,,,,FracFocus
Carmichael 1601H,42003456320000,Apache Corporation,Andrews,Texas,32.2081,-102.80563,,,,FracFocus
Txl North Unit 870,42135376360000,Apache Corporation,Ector,Texas,31.86623,-102.71538,,,,FracFocus
His Blessing 35 #18,42173359920000,Apache Corporation,Glasscock,Texas,31.907936,-101.51612,,,,FracFocus
Easter 5 1,42227375780000,Apache Corporation,Howard,Texas,32.492629,-101.43281,,,,FracFocus
SAU 20 #2D,42383383510000,Apache Corporation,Reagan,Texas,31.544219,-101.66644,,,,FracFocus
E.D. Books  1B Unit #16,42173361560000,Apache Corporation,Glasscock,Texas,31.878864,-101.47774,,,,FracFocus
Scott Sugg 5554 H13M,42235354850000,Apache Corporation,Irion,Texas,31.257103,-101.128221,,,,FracFocus
SAU 6 #1E,42383378870000,Apache Corporation,Reagan,Texas,31.467234,-101.655132,,,,FracFocus
Txl South Unit 6125,42135427260000,Apache Corporation,Ector,Texas,31.82525,-102.67637,,,,FracFocus
Txl South Unit 5921,42135427210000,Apache Corporation,Ector,Texas,31.81714,-102.69146,,,,FracFocus
Walker Farms 14 #15,42173361540000,Apache Corporation,Glasscock,Texas,31.840011,-101.49082,,,,FracFocus
ED Books 35 #10,42173359890000,Apache Corporation,Glasscock,Texas,31.792696,-101.481172,,,,FracFocus
Eagle 36 #3,42173361820000,Apache Corporation,Glasscock,Texas,31.808217,-101.46857,,,,FracFocus
Griffin 23 2,42227376620000,Apache Corporation,Howard,Texas,32.46691,-101.3412,,,,FracFocus
SRH North #1624HM,42383383150000,Apache Corporation,Reagan,Texas,31.458951,-101.46465,,,,FracFocus
Ross 40 #8,42461381860000,Apache Corporation,Upton,Texas,31.525883,-102.05678,,,,FracFocus
Txl South Unit 5809,42135427170000,Apache Corporation,Ector,Texas,31.8188,-102.69419,,,,FracFocus
Sugg 5554 H11U,42235354880000,Apache Corporation,Irion,Texas,31.257106,-101.128023,,,,FracFocus
Barrow Augusta 2306R,42135428180000,Apache Corporation,Ector,Texas,31.980833,-102.39028,,,,FracFocus
Noll Rm 9,42227376750000,Apache Corporation,Howard,Texas,32.506089,-101.35821,,,,FracFocus
Bivins-LIT 1101,42359303850000,Apache Corporation,Oldham,Texas,35.526349,-102.195683,,,,FracFocus
Eastland 15 1,42227377080000,Apache Corporation,Howard,Texas,32.4549,-101.40916,,,,FracFocus
Bivins-LIT 1157,42359303740000,Apache Corporation,Oldham,Texas,35.540292,-102.23478,,,,FracFocus
SRH North #1626HU,42383383210000,Apache Corporation,Reagan,Texas,31.48079,-101.46477,,,,FracFocus
Seth Campbell #75,42495335300000,Apache Corporation,Winkler,Texas,31.875625,-103.045928,,,,FracFocus
King 27 #3H,42103362630000,Apache Corporation,Crane,Texas,31.408871,-102.40598,,,,FracFocus
Txl South Unit 5922,42135427220000,Apache Corporation,Ector,Texas,31.81436,-102.6898,,,,FracFocus
Bartz 19B 2419H,42483337920000,Apache Corporation,Wheeler,Texas,35.473,-100.174,,,,FracFocus
Scott Sugg 3332 H11U,42235355030000,Apache Corporation,Irion,Texas,31.25557,-101.093347,,,,FracFocus
ED Books 1 #17,42173361690000,Apache Corporation,Glasscock,Texas,31.875617,-101.487806,,,,FracFocus
Roberts Unit 3627,42501320760000,Apache Corporation,Yoakum,Texas,33.01871,-102.89612,,,,FracFocus
Txl North Unit 865,42135376400000,Apache Corporation,Ector,Texas,31.87042,-102.71293,,,,FracFocus
Noll Rm 10,42227376760000,Apache Corporation,Howard,Texas,32.512744,-101.35409,,,,FracFocus
McElroy Ranch CO D #2A,42461389800000,Apache Corporation,Upton,Texas,31.414562,-102.144359,,,,FracFocus
Power Bar 30-31 #2H,42003455230000,Apache Corporation,Andrews,Texas,32.1021,-102.8131,,,,FracFocus
Adams H.G. 138 #4H,42357333300000,Apache Corporation,Ochiltree,Texas,36.099455,-100.70362,,,,FracFocus
SRH 13 #1317,42383379670000,Apache Corporation,Reagan,Texas,31.469326,-101.46696,,,,FracFocus
University Block 57 #3H,42413328900000,Apache Corporation,Schleicher,Texas,30.9121,-100.8658,,,,FracFocus
Barrow Augusta 2701,42135426970000,Apache Corporation,Ector,Texas,31.96679,-102.40726,,,,FracFocus
Gunn Frances B 37,42227376980000,Apache Corporation,Howard,Texas,32.50809,-101.34516,,,,FracFocus
Scott Sugg 3332 H13M,42235355050000,Apache Corporation,Irion,Texas,31.255568,-101.093155,,,,FracFocus
Stiles 68 3168H,42483337940000,Apache Corporation,Wheeler,Texas,35.430486,-100.042053,,,,FracFocus
Adams H.G. 138 #5H,42357333250000,Apache Corporation,Ochiltree,Texas,36.099405,-100.698788,,,,FracFocus
SAU 5 #2F,42383378470000,Apache Corporation,Reagan,Texas,31.470952,-101.639861,,,,FracFocus
SAU 12 #4C,42383385390000,Apache Corporation,Reagan,Texas,31.449704,-101.66352,,,,FracFocus
Bluegill 42 #2,42173361530000,Apache Corporation,Glasscock,Texas,31.750628,-101.63094,,,,FracFocus
State McIntyre #3,42371390910000,Apache Corporation,Pecos,Texas,31.125847,-103.16161,,,,FracFocus
University Penn 7 #1H,42103362370000,Apache Corporation,Crane,Texas,31.489095,-102.520964,,,,FracFocus
Stasny-Porterfield 1H,42041322070000,Apache Corporation,Brazos,Texas,30.626544,-96.442278,,,,FracFocus
Stasny-Porterfield 2H,42041322160000,Apache Corporation,Brazos,Texas,30.626508,-96.442328,,,,FracFocus
Txl South Unit 5923,42135427230000,Apache Corporation,Ector,Texas,31.81247,-102.68968,,,,FracFocus
Ballenger 2905H,42173361640000,Apache Corporation,Glasscock,Texas,31.942707,-101.476312,,,,FracFocus
Gunn Frances B 38,42227376990000,Apache Corporation,Howard,Texas,32.508656,-101.34601,,,,FracFocus
Three Bar Shallow Unit 121H,42003457390000,Apache Corporation,Andrews,Texas,32.13238,-102.79793,,,,FracFocus
Txl South Unit 5811,42135427200000,Apache Corporation,Ector,Texas,31.81522,-102.69397,,,,FracFocus
Gunn Frances B 39,42227377000000,Apache Corporation,Howard,Texas,32.51223,-101.35174,,,,FracFocus
Seth Campbell 84,42495335350000,Apache Corporation,Winkler,Texas,31.876479,-103.056733,,,,FracFocus
Scott Sugg 3332 H23M,42235355040000,Apache Corporation,Irion,Texas,31.256191,-101.088891,,,,FracFocus
Scott Sugg 3332 H41U,42235355090000,Apache Corporation,Irion,Texas,31.255944,-101.085744,,,,FracFocus
Frysak #3,42173359370000,Apache Corporation,Glasscock,Texas,31.695241,-101.54317,,,,FracFocus
Pickhardt 68 #1H,42211352560000,Apache Corporation,Hemphill,Texas,35.807733,-100.012372,,,,FracFocus
Little #3,42383383850000,Apache Corporation,Reagan,Texas,31.638528,-101.54897,,,,FracFocus
Sealy Smith A 93H,42495335160000,Apache Corporation,Winkler,Texas,31.71213,-102.91203,,,,FracFocus
Txl South Unit 5810,42135427190000,Apache Corporation,Ector,Texas,31.81214,-102.69399,,,,FracFocus
Dorado 18 #15,42173360700000,Apache Corporation,Glasscock,Texas,31.823791,-101.554442,,,,FracFocus
Roberts Unit 3525,42501320720000,Apache Corporation,Yoakum,Texas,33.01154,-102.91344,,,,FracFocus
Ola Parker State 6 #1H,42003456440000,Apache Corporation,Andrews,Texas,32.23441,-102.8193,,,,FracFocus
Edwards 3 #2H,42173361630000,Apache Corporation,Glasscock,Texas,31.993294,-101.45791,,,,FracFocus
Cecil #802,42173361750000,Apache Corporation,Glasscock,Texas,32.071975,-101.61964,,,,FracFocus
Scott Sugg 3332 H43M,42235355100000,Apache Corporation,Irion,Texas,31.256066,-101.082426,,,,FracFocus
Augusta Barrow #2308,42135425410000,Apache Corporation,Ector,Texas,31.974329,-102.38817,,,,FracFocus
Stiles 4C 19-4H,42483337890000,Apache Corporation,Wheeler,Texas,35.445366,-100.067017,,,,FracFocus
Stiles 4D 20-4H,42483337900000,Apache Corporation,Wheeler,Texas,35.445354,-100.066697,,,,FracFocus
TXL South Unit 5723D,42135427180000,Apache Corporation,Ector,Texas,31.82601,-102.68825,,,,FracFocus
Augusta Barrow #2305,42135425380000,Apache Corporation,Ector,Texas,31.984038,-102.39132,,,,FracFocus
Ballenger 3212H,42173361550000,Apache Corporation,Glasscock,Texas,31.925662,-101.45767,,,,FracFocus
Hoover 216 #6H,42357332830000,Apache Corporation,Ochiltree,Texas,36.099281,-100.718147,,,,FracFocus
Frances Gunn #30,42227377330000,Apache Corporation,Howard,Texas,32.489618,-101.351778,,,,FracFocus
Boles 5-19H,42483338080000,Apache Corporation,Wheeler,Texas,35.47303,-100.210602,,,,FracFocus
Edwards 3 #3H,42173361660000,Apache Corporation,Glasscock,Texas,31.994133,-101.45377,,,,FracFocus
Roberts Unit 4546,42501363260000,Apache Corporation,Yoakum,Texas,33.00432,-102.91974,,,,FracFocus
McElroy Ranch 129#2A,42461389570000,Apache Corporation,Upton,Texas,31.422418,-102.169583,,,,FracFocus
Hoover 215A #4H,42357333280000,Apache Corporation,Ochiltree,Texas,36.099511,-100.703628,,,,FracFocus
North McElroy Unit #3713,42461312560000,Apache Corporation,Upton,Texas,31.47359,-102.31372,,,,FracFocus
Roberts Unit 4547,42501363270000,Apache Corporation,Yoakum,Texas,33.00043,-102.9054,,,,FracFocus
Seth Campbell #78,42495335330000,Apache Corporation,Winkler,Texas,31.876996,-103.075221,,,,FracFocus
Scott Sugg 3332 H61U,42235355130000,Apache Corporation,Irion,Texas,31.256873,-101.080418,,,,FracFocus
Hoover 215A #6H,42357332910000,Apache Corporation,Ochiltree,Texas,36.099561,-100.707756,,,,FracFocus
Hoover 215B #5H,42357333260000,Apache Corporation,Ochiltree,Texas,36.099489,-100.698789,,,,FracFocus
Txl South Unit 7111,42135427280000,Apache Corporation,Ector,Texas,31.808394,-102.68724,,,,FracFocus
Mekeel B 214 6H,42357333470000,Apache Corporation,Ochiltree,Texas,36.101144,-100.688731,,,,FracFocus
Francis Gunn B#40,42227377050000,Apache Corporation,Howard,Texas,32.512584,-101.347029,,,,FracFocus
Nichols 2211H,42173361650000,Apache Corporation,Glasscock,Texas,31.931229,-101.53649,,,,FracFocus
Robin 8 101H,42389339670000,Apache Corporation,Reeves,Texas,31.699228,-103.653997,,,,FracFocus
Roberts Unit 5425,42501305760000,Apache Corporation,Yoakum,Texas,32.98973,-102.93057,,,,FracFocus
Frances Gunn B-42 H,42227377070000,Apache Corporation,Howard,Texas,32.513475,-101.349422,,,,FracFocus
Three Bar Shallow Unit #123H,42003457690000,Apache Corporation,Andrews,Texas,32.1519,-102.8029,,,,FracFocus
Griffin 23 #3,42227376630000,Apache Corporation,Howard,Texas,32.456065,-101.34226,,,,FracFocus
Scott Sugg 3332 H53M,42235355120000,Apache Corporation,Irion,Texas,31.257038,-101.080416,,,,FracFocus
Txl South Unit 7008,42135427270000,Apache Corporation,Ector,Texas,31.80706,-102.69167,,,,FracFocus
Gracie Vail 77 #2H,42211352800000,Apache Corporation,Hemphill,Texas,35.808895,-100.1576,,,,FracFocus
SAU 12 #4D (correct API),42383385590000,Apache Corporation,Reagan,Texas,31.453087,-101.664593,,,,FracFocus
McCullough-Wineman EF 2H,42041322180000,Apache Corporation,Brazos,Texas,30.646313,-96.203586,,,,FracFocus
Flanigan B-9,42165359670000,Apache Corporation,Gaines,Texas,32.55731,-102.703674,,,,FracFocus
SAU 12 #2C,42383385480000,Apache Corporation,Reagan,Texas,31.452057,-101.668985,,,,FracFocus
Smith 113 SE#4,42461389080000,Apache Corporation,Upton,Texas,31.457026,-102.140642,,,,FracFocus
Carmichael 1503H,42003458530000,Apache Corporation,Andrews,Texas,32.2038,-102.7999,,,,FracFocus
Greatwhite 44 #1H,42173360460000,Apache Corporation,Glasscock,Texas,31.900549,-101.46384,,,,FracFocus
Scott Sugg 2726 H81U,42235353830000,Apache Corporation,Irion,Texas,31.253802,-101.063059,,,,FracFocus
Frances Gunn B#35,42227377300000,Apache Corporation,Howard,Texas,32.503598,-101.350109,,,,FracFocus
Stiles 18 2618H,42483338060000,Apache Corporation,Wheeler,Texas,35.460661,-100.041781,,,,FracFocus
Txl South Unit 7304,42135427290000,Apache Corporation,Ector,Texas,31.805468,-102.6819,,,,FracFocus
Seth Campbell #80,42495335320000,Apache Corporation,Winkler,Texas,31.878144,-103.071489,,,,FracFocus
Miller 36-3HM,42461389630000,Apache Corporation,Upton,Texas,31.583007,-101.920143,,,,FracFocus
Griffin 23 #4,42227377780000,Apache Corporation,Howard,Texas,32.463785,-101.331996,,,,FracFocus
George D Hogg #7H,42495335370000,Apache Corporation,Winkler,Texas,31.7581,-102.9611,,,,FracFocus
Bartz 19 2919H,42483338040000,Apache Corporation,Wheeler,Texas,35.47235,-100.038172,,,,FracFocus
Bartz 19 3019H,42483338050000,Apache Corporation,Wheeler,Texas,35.472403,-100.038172,,,,FracFocus
Bartz 19C #22-19H,42483337990000,Apache Corporation,Wheeler,Texas,35.459817,-100.031611,,,,FracFocus
Scott Sugg 2726 H61U,42235353780000,Apache Corporation,Irion,Texas,31.253703,-101.066415,,,,FracFocus
Miller 36-4HU,42461391030000,Apache Corporation,Upton,Texas,31.582864,-101.920763,,,,FracFocus
Amberjack 39 #6,42173361280000,Apache Corporation,Glasscock,Texas,32.027996,-101.45562,,,,FracFocus
Knox Pipkin 2805H,42357333380000,Apache Corporation,Ochiltree,Texas,36.112214,-100.992286,,,,FracFocus
Ross RL 116 #4A,42461389810000,Apache Corporation,Upton,Texas,31.270942,-102.09313,,,,FracFocus
Buzzard 23 #1,42301320310000,Apache Corporation,Loving,Texas,31.7637,-103.66041,,,,FracFocus
Txl South Unit 7515,42135427300000,Apache Corporation,Ector,Texas,31.811315,-102.67512,,,,FracFocus
Mackerel 2 #1,42173362410000,Apache Corporation,Glasscock,Texas,31.975119,-101.38317,,,,FracFocus
Ballenger #3111,42173362430000,Apache Corporation,Glasscock,Texas,31.919116,-101.487044,,,,FracFocus
Knox Pipkin 2806H,42357333390000,Apache Corporation,Ochiltree,Texas,36.112214,-100.992353,,,,FracFocus
Bartz 19-28-19H,42483338120000,Apache Corporation,Wheeler,Texas,35.46,-100.032,,,,FracFocus
Heidi 37 #7,42173360420000,Apache Corporation,Glasscock,Texas,31.792239,-101.464953,,,,FracFocus
Nichols #2307,42173362420000,Apache Corporation,Glasscock,Texas,31.944437,-101.51611,,,,FracFocus
Armadillo 18 #2H,42371391180000,Apache Corporation,Pecos,Texas,30.89799,-103.4089,,,,FracFocus
Seth Campbell #81,42495335340000,Apache Corporation,Winkler,Texas,31.879786,-103.06717,,,,FracFocus
Ballenger 3110H,42173357420000,Apache Corporation,Glasscock,Texas,31.915484,-101.47191,,,,FracFocus
Frances Gunn B #36,42227377310000,Apache Corporation,Howard,Texas,32.505461,-101.34707,,,,FracFocus
Stiles 3 #30-3H,42483338090000,Apache Corporation,Wheeler,Texas,35.459667,-100.049342,,,,FracFocus
Margaret Hodgson E 33 5H,42211352760000,Apache Corporation,Hemphill,Texas,36.012581,-100.105589,,,,FracFocus
Scott Sugg 2726 H73M,42235353820000,Apache Corporation,Irion,Texas,31.253903,-101.0639,,,,FracFocus
Scott Sugg 2726 H53M,42235353770000,Apache Corporation,Irion,Texas,31.253157,-101.068974,,,,FracFocus
ZPZ Fee 601H,42461389390000,Apache Corporation,Upton,Texas,31.191296,-102.079816,,,,FracFocus
Chaparral 89 #103H,42301320330000,Apache Corporation,Loving,Texas,31.7379,-103.6671,,,,FracFocus
SAU 5 #2H,42383385710000,Apache Corporation,Reagan,Texas,31.46844,-101.638796,,,,FracFocus
Txl South Unit 7604D,42135427310000,Apache Corporation,Ector,Texas,31.812889,-102.67076,,,,FracFocus
SAU 43 #2E,42383385690000,Apache Corporation,Reagan,Texas,31.485979,-101.656961,,,,FracFocus
Augusta Barrow #2309,42135425970000,Apache Corporation,Ector,Texas,31.985915,-102.38809,,,,FracFocus
Bivins East 4101H,42375318020000,Apache Corporation,Potter,Texas,35.510062,-102.045089,,,,FracFocus
Trident 21 #1,42173348550000,Apache Corporation,Glasscock,Texas,31.930537,-101.55707,,,,FracFocus
Hammerhead 33 #7H,42173359580000,Apache Corporation,Glasscock,Texas,31.920051,-101.44862,,,,FracFocus
Anderson 13 #4,42227377870000,Apache Corporation,Howard,Texas,32.4139,-101.37754,,,,FracFocus
SRH North 1332HM,42383384810000,Apache Corporation,Reagan,Texas,31.464539,-101.443016,,,,FracFocus
Txl South Unit 6004,42135427240000,Apache Corporation,Ector,Texas,31.827103,-102.68537,,,,FracFocus
Prometheus 28 #1H,42169341480000,Apache Corporation,Garza,Texas,32.9899,-101.19603,,,,FracFocus
Augusta Barrow #2310,42135425980000,Apache Corporation,Ector,Texas,31.982921,-102.383089,,,,FracFocus
Scott Sugg 2726 H41U,42235353740000,Apache Corporation,Irion,Texas,31.253407,-101.0719,,,,FracFocus
Ash 325 #1H,42295340820000,Apache Corporation,Lipscomb,Texas,36.144122,-100.508589,,,,FracFocus
Connie 34 #1,42173362390000,Apache Corporation,Glasscock,Texas,31.93389,-101.43174,,,,FracFocus
SRH North 1331HU,42383384820000,Apache Corporation,Reagan,Texas,31.464509,-101.47635,,,,FracFocus
Griffin 23 #5,42227377790000,Apache Corporation,Howard,Texas,32.460565,-101.332119,,,,FracFocus
Moore R 2 1H,42483338140000,Apache Corporation,Wheeler,Texas,35.41655,-100.166847,,,,FracFocus
Key Ranch 34 #1,42033323160000,Apache Corporation,Borden,Texas,32.793099,-101.37442,,,,FracFocus
TXL South Unit 5215,42135429840000,Apache Corporation,Ector,Texas,31.818849,-102.70651,,,,FracFocus
Gruhlkey 100 #2H,42211352670000,Apache Corporation,Hemphill,Texas,35.823453,-100.042058,,,,FracFocus
Weatherby 1232 11HM,42383384470000,Apache Corporation,Reagan,Texas,31.331106,-101.61815,,,,FracFocus
Frances Gunn #31,42227377340000,Apache Corporation,Howard,Texas,32.487527,-101.347661,,,,FracFocus
Lynda Neal 2805H,42173362990000,Apache Corporation,Glasscock,Texas,31.94702,-101.45572,,,,FracFocus
Scott Sugg 2726 H33M,42235353720000,Apache Corporation,Irion,Texas,31.25258,-101.072574,,,,FracFocus
Chaparral 89 203H,42301319990000,Apache Corporation,Loving,Texas,31.7491,-103.6541,,,,FracFocus
Weatherby 1232 12HU,42383384460000,Apache Corporation,Reagan,Texas,31.155942,-101.61816,,,,FracFocus
Ramp 27 9H,42211352420000,Apache Corporation,Hemphill,Texas,35.765,-100.131,,,,FracFocus
George D Hogg #8H,42495335380000,Apache Corporation,Winkler,Texas,31.7591,-102.9571,,,,FracFocus
Lumberjack 32 #2,42173362140000,Apache Corporation,Glasscock,Texas,31.705375,-101.38813,,,,FracFocus
Carmichael #1504H,42003458550000,Apache Corporation,Andrews,Texas,32.223331,-102.79915,,,,FracFocus
Heidi 37 #6,42173360410000,Apache Corporation,Glasscock,Texas,31.79537,-101.456503,,,,FracFocus
Buchanan 10 #4,42227377830000,Apache Corporation,Howard,Texas,32.484772,-101.384116,,,,FracFocus
Txl South Unit 3506,42135429880000,Apache Corporation,Ector,Texas,31.827837,-102.70945,,,,FracFocus
Buchanan 10 #3,42227377820000,Apache Corporation,Howard,Texas,32.480067,-101.38269,,,,FracFocus
Fee 37-7H,42211352840000,Apache Corporation,Hemphill,Texas,35.997756,-100.173828,,,,FracFocus
Weatherby 1232 9HM,42383384260000,Apache Corporation,Reagan,Texas,31.331444,-101.620926,,,,FracFocus
Scott Sugg 2726 H21U,42235353730000,Apache Corporation,Irion,Texas,31.252038,-101.076101,,,,FracFocus
Griffin Ranch 22 #5,42227377760000,Apache Corporation,Howard,Texas,32.47831,-101.3421,,,,FracFocus
Wheat 678 #5H,42295340020000,Apache Corporation,Lipscomb,Texas,36.260603,-100.490539,,,,FracFocus
Ramp  26-8H,42211351920000,Apache Corporation,Hemphill,Texas,35.76396,-100.150008,,,,FracFocus
McElroy Ranch 132 #3NW,42461392190000,Apache Corporation,Upton,Texas,31.471404,-102.18998,,,,FracFocus
Lynda Neal 2806H,42173363150000,Apache Corporation,Glasscock,Texas,31.947911,-101.451733,,,,FracFocus
Weatherby 1232 10HU,42383384300000,Apache Corporation,Reagan,Texas,31.331281,-101.62093,,,,FracFocus
Chance 24 #1,42227375860000,Apache Corporation,Howard,Texas,32.456493,-101.359832,,,,FracFocus
King 27 #4H,42103363180000,Apache Corporation,Crane,Texas,31.4089,-102.4081,,,,FracFocus
Txl South Unit 3612,42135429850000,Apache Corporation,Ector,Texas,31.834569,-102.70501,,,,FracFocus
Scott Sugg 1213 #4H,42235350760000,Apache Corporation,Irion,Texas,31.2541,-101.0529,,,,FracFocus
Scott Sugg 2726 H13M,42235353680000,Apache Corporation,Irion,Texas,31.252037,-101.07629,,,,FracFocus
Bloomberg #74,42427346770000,Apache Corporation,Starr,Texas,26.380188,-98.528485,,,,FracFocus
Raven 38 #2,42173363080000,Apache Corporation,Glasscock,Texas,31.786954,-101.47597,,,,FracFocus
Lynda Neal 2807H,42173363160000,Apache Corporation,Glasscock,Texas,31.94876,-101.44792,,,,FracFocus
SRH N 1334HM,42383384830000,Apache Corporation,Reagan,Texas,31.463672,-101.48019,,,,FracFocus
Griffin Ranch 22 4H,42227378390000,Apache Corporation,Howard,Texas,32.4689,-101.33183,,,,FracFocus
Robin 8 #103H,42389339850000,Apache Corporation,Reeves,Texas,31.7011,-103.6569,,,,FracFocus
Adams 197-2H,42393325620000,Apache Corporation,Roberts,Texas,35.98301,-100.715141,,,,FracFocus
Augusta Barrow #1418H,42135528600000,Apache Corporation,Ector,Texas,31.98695,-102.38482,,,,FracFocus
Hartley 38 #3,42173339460000,Apache Corporation,Glasscock,Texas,31.8991,-101.51477,,,,FracFocus
Waters 240 #3H,42295340980000,Apache Corporation,Lipscomb,Texas,36.115003,-100.454442,,,,FracFocus
Foster 9 1,42413328990000,Apache Corporation,Schleicher,Texas,30.851364,-100.81493,,,,FracFocus
Waters 240 #4H,42295341010000,Apache Corporation,Lipscomb,Texas,36.115006,-100.440106,,,,FracFocus
McElroy Ranch 117 #28SE,42461392250000,Apache Corporation,Upton,Texas,31.438253,-102.155632,,,,FracFocus
Augusta Barrow #1412,42135425710000,Apache Corporation,Ector,Texas,31.989131,-102.388947,,,,FracFocus
TXL South Unit 3613,42135429860000,Apache Corporation,Ector,Texas,31.83865,-102.70187,,,,FracFocus
Jahnel 72-1H,42211352850000,Apache Corporation,Hemphill,Texas,35.809,-100.061,,,,FracFocus
Sealy Smith B 96H,42495335140000,Apache Corporation,Winkler,Texas,31.72659,-102.96347,,,,FracFocus
Scott Sugg 1213 3H,42235350750000,Apache Corporation,Irion,Texas,31.252928,-101.048563,,,,FracFocus
McGarraugh-Edwards A 8H,42357333500000,Apache Corporation,Ochiltree,Texas,36.072011,-100.885787,,,,FracFocus
Robin 8 #203H,42389339840000,Apache Corporation,Reeves,Texas,31.6986,-103.6561,,,,FracFocus
Woodley F L 28,42079015440000,Apache Corporation,Cochran,Texas,33.497028,-102.63521,,,,FracFocus
Eagle 36 #4,42173361830000,Apache Corporation,Glasscock,Texas,31.806144,-101.45577,,,,FracFocus
McGarraugh-Edwards A 140 7H,42357333490000,Apache Corporation,Ochiltree,Texas,36.072011,-100.885833,,,,FracFocus
Stiles  1-19-1H,42483338320000,Apache Corporation,Wheeler,Texas,35.430055,-100.08542,,,,FracFocus
Cavanaugh 9 #1,42033322950000,Apache Corporation,Borden,Texas,32.559315,-101.345893,,,,FracFocus
Carmichael CF #2H,42003459870000,Apache Corporation,Andrews,Texas,32.2039,-102.80726,,,,FracFocus
Flowers 68 #2H,42357333810000,Apache Corporation,Ochiltree,Texas,36.387897,-100.879672,,,,FracFocus
C.S. Dean A #266H,42079333120000,Apache Corporation,Cochran,Texas,33.5089,-102.72987,,,,FracFocus
Txl South Unit 3814,42135429870000,Apache Corporation,Ector,Texas,31.832168,-102.69974,,,,FracFocus
Forbes 604,42169335960000,Apache Corporation,Garza,Texas,33.39145,-101.425084,,,,FracFocus
SRH N 1333HU,42383384840000,Apache Corporation,Reagan,Texas,31.463673,-101.446667,,,,FracFocus
Scott Sugg 1213 #1H,42235350730000,Apache Corporation,Irion,Texas,31.275779,-101.04444,,,,FracFocus
Scott Sugg 0504 H31U,42235353010000,Apache Corporation,Irion,Texas,31.253081,-101.035385,,,,FracFocus
Augusta Barrow #1410,42135425690000,Apache Corporation,Ector,Texas,31.996328,-102.391286,,,,FracFocus
ASAU 1702,42165015230000,Apache Corporation,Gaines,Texas,32.94326,-102.27711,,,,FracFocus
Seth Campbell 79,42495335310000,Apache Corporation,Winkler,Texas,31.870272,-103.07242,,,,FracFocus
Nannie May 2R (fracked by previous operator),42501363390000,Apache Corporation,Yoakum,Texas,33.22736,-102.9542,,,,FracFocus
SLSAU #2301H,42003460450000,Apache Corporation,Andrews,Texas,32.3599,-102.6139,,,,FracFocus
Mittel 63 #1,42413329060000,Apache Corporation,Schleicher,Texas,31.034475,-100.588814,,,,FracFocus
Heidi 37 #9,42173360870000,Apache Corporation,Glasscock,Texas,31.784299,-101.453022,,,,FracFocus
Bivins East 94 #1H,42375318140000,Apache Corporation,Potter,Texas,35.463222,-102.047894,,,,FracFocus
SRH N 1336HM,42383384900000,Apache Corporation,Reagan,Texas,31.464668,-101.451045,,,,FracFocus
Txl South Unit 4209,42135430190000,Apache Corporation,Ector,Texas,31.831286,-102.68614,,,,FracFocus
Mildred Good 211 #3H,42357334060000,Apache Corporation,Ochiltree,Texas,36.113945,-100.635643,,,,FracFocus
Scott Sugg 0504 H11U,42235352990000,Apache Corporation,Irion,Texas,31.25267,-101.041287,,,,FracFocus
OS Piper 62 #2H,42211352290000,Apache Corporation,Hemphill,Texas,36.040176,-100.270081,,,,FracFocus
Griffin 23 #6,42227377890000,Apache Corporation,Howard,Texas,32.456955,-101.332586,,,,FracFocus
SAU 12-2 #2D,42383385580000,Apache Corporation,Reagan,Texas,31.448982,-101.668018,,,,FracFocus
Griffin Ranch 22 #3H,42227378560000,Apache Corporation,Howard,Texas,32.4679,-101.32951,,,,FracFocus
SRH N 1335HU,42383384910000,Apache Corporation,Reagan,Texas,31.464942,-101.451046,,,,FracFocus
McElroy Ranch Co. D #25 SE,42461392270000,Apache Corporation,Upton,Texas,31.409452,-102.146419,,,,FracFocus
Sallie 405,42483326980000,Apache Corporation,Wheeler,Texas,35.41396,-100.08788,,,,FracFocus
SAU 2 #2C,42383385410000,Apache Corporation,Reagan,Texas,31.42173,-101.654995,,,,FracFocus
Txl South Unit 4210,42135430130000,Apache Corporation,Ector,Texas,31.832256,-102.682044,,,,FracFocus
Griffin 22 #6,42227377770000,Apache Corporation,Howard,Texas,32.482905,-101.338811,,,,FracFocus
Reveille 8H,42051337450000,Apache Corporation,Burleson,Texas,30.533772,-96.419053,,,,FracFocus
Alexander 67 #2H,42211353030000,Apache Corporation,Hemphill,Texas,36.040936,-100.34805,,,,FracFocus
Griffin 22 #7,42227378950000,Apache Corporation,Howard,Texas,32.470619,-101.334317,,,,FracFocus
Waha 0802 HL (Name changed from Waha  8-1HL),42389340850000,Apache Corporation,Reeves,Texas,31.286393,-103.2041,,,,FracFocus
TXLNU 1034H,42135429590000,Apache Corporation,Ector,Texas,31.892988,-102.72357,,,,FracFocus
McGarraugh A 140 #9H,42357333510000,Apache Corporation,Ochiltree,Texas,36.072011,-100.8859,,,,FracFocus
Scott Sugg 0504 H51U,42235353040000,Apache Corporation,Irion,Texas,31.252959,-101.032475,,,,FracFocus
Txl South Unit 3906,42135430150000,Apache Corporation,Ector,Texas,31.838181,-102.688397,,,,FracFocus
Weatherby 1232 5HM,42383384570000,Apache Corporation,Reagan,Texas,31.331563,-101.62606,,,,FracFocus
Augusta Barrow #1409,42135425680000,Apache Corporation,Ector,Texas,32.000142,-102.392525,,,,FracFocus
Woodpecker 36 #7,42173363180000,Apache Corporation,Glasscock,Texas,31.798224,-101.45805,,,,FracFocus
Barba-Neal 2105H,42173362930000,Apache Corporation,Glasscock,Texas,31.91272,-101.45236,,,,FracFocus
Spike S H81U,42235356730000,Apache Corporation,Irion,Texas,31.297733,-101.113683,,,,FracFocus
Weatherby 1232 6HU,42383384580000,Apache Corporation,Reagan,Texas,31.331397,-101.626064,,,,FracFocus
Waha 0803 HM (Name change from Waha 8 2HM),42389340790000,Apache Corporation,Reeves,Texas,31.286364,-103.203469,,,,FracFocus
Jill  54 8-54H,42483338150000,Apache Corporation,Wheeler,Texas,35.385736,-100.021597,,,,FracFocus
Stiles 17 #1717H,42483338210000,Apache Corporation,Wheeler,Texas,35.460414,-100.058958,,,,FracFocus
SAU 4-5B,42383385240000,Apache Corporation,Reagan,Texas,31.475554,-101.618303,,,,FracFocus
King 59 #1,42103363580000,Apache Corporation,Crane,Texas,31.394289,-102.478004,,,,FracFocus
TXL North Unit 1035H,42135429600000,Apache Corporation,Ector,Texas,31.894417,-102.718958,,,,FracFocus
SAU 44 #2D,42383385700000,Apache Corporation,Reagan,Texas,31.481741,-101.642173,,,,FracFocus
CC 3727 HU,42461387610000,Apache Corporation,Upton,Texas,31.546529,-102.022922,,,,FracFocus
Stiles 17 #18-17H,42483338220000,Apache Corporation,Wheeler,Texas,35.460208,-100.058908,,,,FracFocus
Nichols #2308,42173363640000,Apache Corporation,Glasscock,Texas,31.938517,-101.52746,,,,FracFocus
Smith 4 #4,42227378410000,Apache Corporation,Howard,Texas,32.495294,-101.404975,,,,FracFocus
Pundt 197 #6,42295341110000,Apache Corporation,Lipscomb,Texas,36.100247,-100.36806,,,,FracFocus
McElroy Ranch 132 #4NW,42461392620000,Apache Corporation,Upton,Texas,31.47047,-102.193805,,,,FracFocus
Carmichael 1602H,42003458380000,Apache Corporation,Andrews,Texas,32.208439,-102.808206,,,,FracFocus
Barba-Neal 2106H,42173362860000,Apache Corporation,Glasscock,Texas,31.96182,-101.456505,,,,FracFocus
Reveille 14H,42051337510000,Apache Corporation,Burleson,Texas,30.536644,-96.424122,,,,FracFocus
Peery 375 #1H,42295341180000,Apache Corporation,Lipscomb,Texas,36.158764,-100.418747,,,,FracFocus
CC 3726 HM,42461387630000,Apache Corporation,Upton,Texas,31.546379,-102.023539,,,,FracFocus
E. D. Books 11 #7,42173343010000,Apache Corporation,Glasscock,Texas,31.861675,-101.495669,,,,FracFocus
Spike S H83M,42235356720000,Apache Corporation,Irion,Texas,31.297899,-101.11368,,,,FracFocus
Weatherby 1232 1HM,42383384700000,Apache Corporation,Reagan,Texas,31.331403,-101.631018,,,,FracFocus
Chance 24 #4,42227378700000,Apache Corporation,Howard,Texas,32.457801,-101.35003,,,,FracFocus
Bartz  19-27-19H,42483338330000,Apache Corporation,Wheeler,Texas,35.45998,-100.032169,,,,FracFocus
Barba-Neal 2107H,42173362960000,Apache Corporation,Glasscock,Texas,31.96123,-101.459698,,,,FracFocus
Scott Sugg 5657 H11U,42235354590000,Apache Corporation,Irion,Texas,31.253706,-101.126442,,,,FracFocus
Riley #4808,42173346010000,Apache Corporation,Glasscock,Texas,31.881494,-101.49169,,,,FracFocus
SEEDS 63 6H,42483338170000,Apache Corporation,Wheeler,Texas,35.416144,-100.019061,,,,FracFocus
Weatherby 1232 2HU,42383384710000,Apache Corporation,Reagan,Texas,31.331237,-101.63102,,,,FracFocus
Reveille 9H,42051337460000,Apache Corporation,Burleson,Texas,30.536736,-96.424028,,,,FracFocus
CC3729 HU,42461391680000,Apache Corporation,Upton,Texas,31.545908,-102.021104,,,,FracFocus
PYLE 40-10H,42483337410000,Apache Corporation,Wheeler,Texas,35.502189,-100.185125,,,,FracFocus
Txl South Unit 4211,42135430200000,Apache Corporation,Ector,Texas,31.834553,-102.687211,,,,FracFocus
Spencer Trust 20 #4,42227378480000,Apache Corporation,Howard,Texas,32.460044,-101.376704,,,,FracFocus
Haley 97 #1H,42357333910000,Apache Corporation,Ochiltree,Texas,36.459703,-100.905569,,,,FracFocus
Moore Family Farms 67-1H,42211353160000,Apache Corporation,Hemphill,Texas,35.807664,-100.024654,,,,FracFocus
Txl South Unit 3907D,42135430220000,Apache Corporation,Ector,Texas,31.839219,-102.683992,,,,FracFocus
Barba-Neal 2108H,42173363520000,Apache Corporation,Glasscock,Texas,31.947346,-101.460253,,,,FracFocus
Scott Sugg 5657 H13M,42235354600000,Apache Corporation,Irion,Texas,31.253542,-101.126442,,,,FracFocus
Reveille 10H,42051337470000,Apache Corporation,Burleson,Texas,30.536778,-96.423986,,,,FracFocus
Hodges C 41 4H,42393325900000,Apache Corporation,Roberts,Texas,36.044986,-100.744569,,,,FracFocus
AC Woodward #12,42415350430000,Apache Corporation,Scurry,Texas,32.610359,-101.064081,,,,FracFocus
CC3728 HM,42461391670000,Apache Corporation,Upton,Texas,31.545863,-102.02129,,,,FracFocus
University Lands 36 #5H,42103363410000,Apache Corporation,Crane,Texas,31.45176,-102.418063,,,,FracFocus
Augusta Barrow 2317H,42135428610000,Apache Corporation,Ector,Texas,31.988992,-102.38685,,,,FracFocus
Shafter Lake San Andres Unit #2101H,42003460500000,Apache Corporation,Andrews,Texas,32.371118,-102.627455,,,,FracFocus
Augusta Barrow #1416,42135425750000,Apache Corporation,Ector,Texas,31.987303,-102.396986,,,,FracFocus
Clinch 4238 H83M,42235356790000,Apache Corporation,Irion,Texas,31.147259,-101.252327,,,,FracFocus
MOORE 62 14H,42483338180000,Apache Corporation,Wheeler,Texas,35.416114,-100.019028,,,,FracFocus
Augusta Barrow #2311,42135425990000,Apache Corporation,Ector,Texas,31.978172,-102.385561,,,,FracFocus
Carmichael #1603H,42003460150000,Apache Corporation,Andrews,Texas,32.209667,-102.804331,,,,FracFocus
Batey-Porterfield 1H,42041322380000,Apache Corporation,Brazos,Texas,30.629842,-96.436806,,,,FracFocus
SRH North 1338HC,42383385180000,Apache Corporation,Reagan,Texas,31.480552,-101.464938,,,,FracFocus
AC Woodward #11,42415350420000,Apache Corporation,Scurry,Texas,32.610739,-101.065892,,,,FracFocus
CC 3731 HU,42461391800000,Apache Corporation,Upton,Texas,31.547888,-102.013085,,,,FracFocus
Hale 209-4H,42357334000000,Apache Corporation,Ochiltree,Texas,36.100844,-100.584856,,,,FracFocus
University Lands 36 #2H,42103363420000,Apache Corporation,Crane,Texas,31.452831,-102.409235,,,,FracFocus
Scott Sugg 5657 H21U,42235354610000,Apache Corporation,Irion,Texas,31.254264,-101.123281,,,,FracFocus
HALE -232- 2 H,42357334010000,Apache Corporation,Ochiltree,Texas,36.115272,-100.599497,,,,FracFocus
Condor 48 #4,42173363590000,Apache Corporation,Glasscock,Texas,31.771716,-101.444651,,,,FracFocus
Elliott 67 #2H,42211353090000,Apache Corporation,Hemphill,Texas,36.023678,-100.3534,,,,FracFocus
CC3730 HM,42461391820000,Apache Corporation,Upton,Texas,31.54689,-102.017327,,,,FracFocus
GMK Unit #713,42165349920000,Apache Corporation,Gaines,Texas,32.812507,-102.518506,,,,FracFocus
Hester 39 #5,42173352750000,Apache Corporation,Glasscock,Texas,31.89712,-101.519946,,,,FracFocus
Txl North Unit 1036H,42135429620000,Apache Corporation,Ector,Texas,31.883208,-102.71066,,,,FracFocus
RS Windham 128 SE #1,42461392340000,Apache Corporation,Upton,Texas,31.409694,-102.164266,,,,FracFocus
Batey-Porterfield 2H,42041322580000,Apache Corporation,Brazos,Texas,30.629953,-96.436633,,,,FracFocus
Txl South Unit 4212,42135430210000,Apache Corporation,Ector,Texas,31.835519,-102.683114,,,,FracFocus
Buchanan 10 #5,42227377840000,Apache Corporation,Howard,Texas,32.488286,-101.385181,,,,FracFocus
Scott Sugg 5657 H41U,42235354680000,Apache Corporation,Irion,Texas,31.25421,-101.118433,,,,FracFocus
SRH North 1337HL,42383385160000,Apache Corporation,Reagan,Texas,31.480551,-101.465131,,,,FracFocus
Scott Sugg 5657 H33M,42235354640000,Apache Corporation,Irion,Texas,31.254099,-101.123283,,,,FracFocus
Chaparral 89 #2H,42301321360000,Apache Corporation,Loving,Texas,31.746867,-103.652619,,,,FracFocus
SAU 12 #3C,42383385400000,Apache Corporation,Reagan,Texas,31.455447,-101.674142,,,,FracFocus
SAU 18 #2C,42383385420000,Apache Corporation,Reagan,Texas,31.423541,-101.646799,,,,FracFocus
Maui 5 #4,42173364610000,Apache Corporation,Glasscock,Texas,31.747702,-101.512955,,,,FracFocus
Stiles 68 32-68H,42483338540000,Apache Corporation,Wheeler,Texas,35.43218,-100.050847,,,,FracFocus
Holley 1208 Unit #2HM,42383387030000,Apache Corporation,Reagan,Texas,31.329583,-101.640544,,,,FracFocus
Mattie Minor #22,42415350290000,Apache Corporation,Scurry,Texas,32.586308,-101.040312,,,,FracFocus
King 641 1H,42295341170000,Apache Corporation,Lipscomb,Texas,36.259308,-100.448692,,,,FracFocus
Caprock Cattle Co 92 #1H,42211353180000,Apache Corporation,Hemphill,Texas,35.954047,-100.425236,,,,FracFocus
Chaparral 89 #3H,42301321370000,Apache Corporation,Loving,Texas,31.748161,-103.654861,,,,FracFocus
Roberts Unit #3785,42501364220000,Apache Corporation,Yoakum,Texas,33.011547,-102.870217,,,,FracFocus
Redtail 48 #4,42173363230000,Apache Corporation,Glasscock,Texas,31.78031,-101.456248,,,,FracFocus
Scott Sugg 5657 H61U,42235354730000,Apache Corporation,Irion,Texas,31.253717,-101.11476,,,,FracFocus
Josephine 239 #2H,42295341560000,Apache Corporation,Lipscomb,Texas,36.114983,-100.460031,,,,FracFocus
McElroy Ranch 'A' 135#1,42461392800000,Apache Corporation,Upton,Texas,31.434919,-102.187706,,,,FracFocus
Scott Sugg 5657 H53M,42235354720000,Apache Corporation,Irion,Texas,31.254046,-101.118435,,,,FracFocus
Cecil #803,42173365180000,Apache Corporation,Glasscock,Texas,32.067188,-101.614104,,,,FracFocus
Joe Stetz 1H,42041322390000,Apache Corporation,Brazos,Texas,30.605825,-96.441667,,,,FracFocus
Schwartz #3,42173337350000,Apache Corporation,Glasscock,Texas,31.872919,-101.511989,,,,FracFocus
Van Norman #23,42415350350000,Apache Corporation,Scurry,Texas,32.590987,-101.047517,,,,FracFocus
Ballenger 3214H,42173364910000,Apache Corporation,Glasscock,Texas,31.926615,-101.462083,,,,FracFocus
Sportster 10-18 #3H,42495335250000,Apache Corporation,Winkler,Texas,31.75338,-102.93269,,,,FracFocus
Augusta Barrow #2312,42135426000000,Apache Corporation,Ector,Texas,31.975479,-102.380671,,,,FracFocus
McMordie 1-89,42393306220000,Apache Corporation,Roberts,Texas,35.86476,-100.700106,,,,FracFocus
SAU 17 #2D,42383386020000,Apache Corporation,Reagan,Texas,31.446099,-101.655839,,,,FracFocus
King 27 #5H,42103363190000,Apache Corporation,Crane,Texas,31.407442,-102.41182,,,,FracFocus
Condor 48 #3,42173363580000,Apache Corporation,Glasscock,Texas,31.774236,-101.449846,,,,FracFocus
Scott Sugg 5657 H63M,42235354740000,Apache Corporation,Irion,Texas,31.253408,-101.114769,,,,FracFocus
CC 3733 HU,42461391780000,Apache Corporation,Upton,Texas,31.54788,-102.01308,,,,FracFocus
CC 3732 HM,42461391790000,Apache Corporation,Upton,Texas,31.547843,-102.01327,,,,FracFocus
SAU 17 #21C,42383386010000,Apache Corporation,Reagan,Texas,31.439946,-101.649599,,,,FracFocus
North McElroy 3840,42103310390000,Apache Corporation,Crane,Texas,31.46588,-102.32257,,,,FracFocus
Mildred Good 211 #2H,42357334190000,Apache Corporation,Ochiltree,Texas,36.101008,-100.620303,,,,FracFocus
Stiles 1-20-1H,42483338530000,Apache Corporation,Wheeler,Texas,35.443764,-100.078169,,,,FracFocus
Van Norman #24,42415350360000,Apache Corporation,Scurry,Texas,32.592075,-101.04689,,,,FracFocus
Joe Stetz 2H,42041322400000,Apache Corporation,Brazos,Texas,30.605786,-96.441622,,,,FracFocus
Flying T-5 Ranch 210 #2H,42357334200000,Apache Corporation,Ochiltree,Texas,36.101008,-100.620236,,,,FracFocus
Nichols #2213,42173364710000,Apache Corporation,Glasscock,Texas,31.935901,-101.539856,,,,FracFocus
Scott Sugg 5051 H31U,42235354420000,Apache Corporation,Irion,Texas,31.256034,-101.110052,,,,FracFocus
McMordie 89 #6-89H,42393325990000,Apache Corporation,Roberts,Texas,35.855922,-100.701672,,,,FracFocus
Carmichael #1505H,42003462290000,Apache Corporation,Andrews,Texas,32.210392,-102.796061,,,,FracFocus
Ballenger 2908H,42173364120000,Apache Corporation,Glasscock,Texas,31.945379,-101.46402,,,,FracFocus
Deuce 10-8 #2,42495335600000,Apache Corporation,Winkler,Texas,31.782361,-102.945914,,,,FracFocus
ED Books 10 #10,42173356000000,Apache Corporation,Glasscock,Texas,31.844825,-101.516523,,,,FracFocus
Mockingbird 9 #203H,42301321600000,Apache Corporation,Loving,Texas,31.752343,-103.616886,,,,FracFocus
Van Norman #25,42415350370000,Apache Corporation,Scurry,Texas,32.594834,-101.048413,,,,FracFocus
TXL South Unit 201,42135071810000,Apache Corporation,Ector,Texas,31.86067,-102.73123,,,,FracFocus
Sugg 0807 H13M,42235358610000,Apache Corporation,Irion,Texas,31.211582,-101.042384,,,,FracFocus
Reveille 15H,42051337520000,Apache Corporation,Burleson,Texas,30.536694,-96.424069,,,,FracFocus
Hostutler 9-55HR,42211353250000,Apache Corporation,Hemphill,Texas,35.795858,-100.238272,,,,FracFocus
C. S. Dean A #268H,42079333140000,Apache Corporation,Cochran,Texas,33.507725,-102.721669,,,,FracFocus
Ellwood #120,42219308390000,Apache Corporation,Hockley,Texas,33.656184,-102.141889,,,,FracFocus
Ellwood #128,42219314620000,Apache Corporation,Hockley,Texas,33.662417,-102.163467,,,,FracFocus
Three Bar Shallow #125H,42003458590000,Apache Corporation,Andrews,Texas,32.153008,-102.799797,,,,FracFocus
Ballenger #3218,42173365060000,Apache Corporation,Glasscock,Texas,31.918332,-101.463686,,,,FracFocus
Sealy Smith FND B 97H,42495335150000,Apache Corporation,Winkler,Texas,31.709163,-102.954425,,,,FracFocus
AC Woodward #10,42415350410000,Apache Corporation,Scurry,Texas,32.610788,-101.068035,,,,FracFocus
University Lands 25 #5H,42103363730000,Apache Corporation,Crane,Texas,31.479904,-102.43042,,,,FracFocus
University 2505 #4HU,42383385510000,Apache Corporation,Reagan,Texas,31.309375,-101.5856,,,,FracFocus
Reveille 16H,42051337530000,Apache Corporation,Burleson,Texas,30.52855,-96.427822,,,,FracFocus
Tigershark 53B #2,42173359130000,Apache Corporation,Glasscock,Texas,32.002758,-101.361154,,,,FracFocus
Ballenger 2907H,42173364140000,Apache Corporation,Glasscock,Texas,31.944488,-101.468122,,,,FracFocus
SSH H43M,42235353520000,Apache Corporation,Irion,Texas,31.207203,-101.097114,,,,FracFocus
Bennie 4342 H63M,42235354190000,Apache Corporation,Irion,Texas,31.177706,-101.173092,,,,FracFocus
RU 2778D,42501364180000,Apache Corporation,Yoakum,Texas,33.026192,-102.870078,,,,FracFocus
Bernice Gaston Estate 3H,42295341450000,Apache Corporation,Lipscomb,Texas,36.173267,-100.541692,,,,FracFocus
Greatwhite 44 #2,42173366430000,Apache Corporation,Glasscock,Texas,31.896599,-101.45793,,,,FracFocus
Bernice Gaston Estate D 411 4H,42295341460000,Apache Corporation,Lipscomb,Texas,36.173211,-100.541694,,,,FracFocus
Fall #9,42415350340000,Apache Corporation,Scurry,Texas,32.595643,-101.042621,,,,FracFocus
Robin 8 #105H,42389339870000,Apache Corporation,Reeves,Texas,31.702864,-103.657936,,,,FracFocus
SAU 8 #1D,42383385870000,Apache Corporation,Reagan,Texas,31.465958,-101.638449,,,,FracFocus
Ballenger 2906H,42173364130000,Apache Corporation,Glasscock,Texas,31.943453,-101.472172,,,,FracFocus
SAU 5 #2G,42383385840000,Apache Corporation,Reagan,Texas,31.46674,-101.642833,,,,FracFocus
Reveille 11H,42051337480000,Apache Corporation,Burleson,Texas,30.528589,-96.427942,,,,FracFocus
Augusta Barrow #1415,42135425740000,Apache Corporation,Ector,Texas,31.991278,-102.398272,,,,FracFocus
NMU 4011 AH,42103363900000,Apache Corporation,Crane,Texas,31.459244,-102.367102,,,,FracFocus
SSH H41U,42235356050000,Apache Corporation,Irion,Texas,31.2072,-101.097306,,,,FracFocus
Augusta Barrow #1414,42135425730000,Apache Corporation,Ector,Texas,31.994275,-102.398656,,,,FracFocus
University 2505 03HM,42383385460000,Apache Corporation,Reagan,Texas,31.309389,-101.587422,,,,FracFocus
Van Norman #26,42415350380000,Apache Corporation,Scurry,Texas,32.596639,-101.047815,,,,FracFocus
Duff 7 #2H,42173354400000,Apache Corporation,Glasscock,Texas,31.971547,-101.490276,,,,FracFocus
Jill  54 10-54H,42483338520000,Apache Corporation,Wheeler,Texas,35.386947,-100.014331,,,,FracFocus
Heidi 37 #5,42173362980000,Apache Corporation,Glasscock,Texas,31.790913,-101.45071,,,,FracFocus
Roberts Unit #261H,42501364320000,Apache Corporation,Yoakum,Texas,33.027778,-102.888611,,,,FracFocus
Robin 8 #104H,42389339860000,Apache Corporation,Reeves,Texas,31.699889,-103.659675,,,,FracFocus
Springer 10-23-2H,42495335210000,Apache Corporation,Winkler,Texas,31.748623,-102.940371,,,,FracFocus
Augusta Barrow #1413,42135425720000,Apache Corporation,Ector,Texas,31.998436,-102.4,,,,FracFocus
Stiles 3 3103H,42483338620000,Apache Corporation,Wheeler,Texas,35.443128,-100.053719,,,,FracFocus
LumberJack 32 #3H,42173365100000,Apache Corporation,Glasscock,Texas,31.705963,-101.388961,,,,FracFocus
Scott Sugg 1213 H13M,42235355400000,Apache Corporation,Irion,Texas,31.252915,-101.061281,,,,FracFocus
Van Norman #28,42415350400000,Apache Corporation,Scurry,Texas,32.595885,-101.050771,,,,FracFocus
SSH H33M,42235356040000,Apache Corporation,Irion,Texas,31.207541,-101.101896,,,,FracFocus
Ballenger 3215H,42173364920000,Apache Corporation,Glasscock,Texas,31.925368,-101.466463,,,,FracFocus
University 2505 02HU,42383385450000,Apache Corporation,Reagan,Texas,31.309406,-101.589708,,,,FracFocus
Hodges C-41 5H,42393325970000,Apache Corporation,Roberts,Texas,36.042281,-100.730858,,,,FracFocus
LumberJack 32 #4H,42173365110000,Apache Corporation,Glasscock,Texas,31.705843,-101.389555,,,,FracFocus
SAU 43 #2D,42383385900000,Apache Corporation,Reagan,Texas,31.490446,-101.65464,,,,FracFocus
Sealy Smith A 98H,42495335570000,Apache Corporation,Winkler,Texas,31.691141,-102.93644,,,,FracFocus
Jill 54  14-54H,42483338290000,Apache Corporation,Wheeler,Texas,35.386942,-100.008741,,,,FracFocus
Nichols #2309,42173364540000,Apache Corporation,Glasscock,Texas,31.944408,-101.521313,,,,FracFocus
Jill 54  13-54H,42483338300000,Apache Corporation,Wheeler,Texas,35.386942,-100.008791,,,,FracFocus
Mattie Minor #23,42415350460000,Apache Corporation,Scurry,Texas,32.586354,-101.042455,,,,FracFocus
Reveille 22H,42051337920000,Apache Corporation,Burleson,Texas,30.528628,-96.428061,,,,FracFocus
NMU 2636 BH,42103363830000,Apache Corporation,Crane,Texas,31.492468,-102.338836,,,,FracFocus
Roberts Unit #2776D,42501364160000,Apache Corporation,Yoakum,Texas,33.033376,-102.87078,,,,FracFocus
Luthi A 401 7H,42357334670000,Apache Corporation,Ochiltree,Texas,36.172414,-100.717178,,,,FracFocus
Three Bar Shallow Unit #127H,42003458600000,Apache Corporation,Andrews,Texas,32.156261,-102.798881,,,,FracFocus
Ballenger 3216H,42173364940000,Apache Corporation,Glasscock,Texas,31.92442,-101.470624,,,,FracFocus
Luthi A 401 8H,42357334700000,Apache Corporation,Ochiltree,Texas,36.172475,-100.725003,,,,FracFocus
Raven 38 #4,42173367530000,Apache Corporation,Glasscock,Texas,31.790461,-101.477064,,,,FracFocus
SRH North 1339HM,42383386110000,Apache Corporation,Reagan,Texas,31.480502,-101.457255,,,,FracFocus
Augusta Barrow #1602,42135430960000,Apache Corporation,Ector,Texas,31.989956,-102.434003,,,,FracFocus
NMU 3701 BH,42103363880000,Apache Corporation,Crane,Texas,31.47381,-102.322154,,,,FracFocus
Stiles 18C 1918H,42483338470000,Apache Corporation,Wheeler,Texas,35.495344,-100.054247,,,,FracFocus
Reveille 23H,42051337930000,Apache Corporation,Burleson,Texas,30.528647,-96.428119,,,,FracFocus
Holler 18 #1,42227380900000,Apache Corporation,Howard,Texas,32.512483,-101.342598,,,,FracFocus
SSH H31U,42235356030000,Apache Corporation,Irion,Texas,31.207541,-101.102088,,,,FracFocus
Shackelton 31 #3H,42173366080000,Apache Corporation,Glasscock,Texas,31.8665,-101.6828,,,,FracFocus
University 2505 1HM,42383385440000,Apache Corporation,Reagan,Texas,31.309408,-101.5899,,,,FracFocus
Humphrey's Trust 34 #1H,42211353390000,Apache Corporation,Hemphill,Texas,35.912489,-100.181842,,,,FracFocus
CC 3633 HU,42461391660000,Apache Corporation,Upton,Texas,31.545794,-102.011495,,,,FracFocus
Cecil #807,42173365380000,Apache Corporation,Glasscock,Texas,32.071095,-101.609633,,,,FracFocus
Mockingbird 9 #204H,42301321700000,Apache Corporation,Loving,Texas,31.765551,-103.603238,,,,FracFocus
Roberts Unit 3783D,42501364200000,Apache Corporation,Yoakum,Texas,33.021919,-102.8702,,,,FracFocus
Stiles 18B 20-18H,42483338440000,Apache Corporation,Wheeler,Texas,35.458105,-100.044661,,,,FracFocus
Parrot 11 #1,42227379040000,Apache Corporation,Howard,Texas,32.478536,-101.374599,,,,FracFocus
Reveille 17H,42051337540000,Apache Corporation,Burleson,Texas,30.528569,-96.427881,,,,FracFocus
SRH North 1340HU,42383386120000,Apache Corporation,Reagan,Texas,31.480338,-101.457255,,,,FracFocus
Duke 412 #1H,42295341570000,Apache Corporation,Lipscomb,Texas,36.173197,-100.512469,,,,FracFocus
June Sanders TR A 38,42329393930000,Apache Corporation,Midland,Texas,31.674323,-102.170351,,,,FracFocus
Weatherby 1231 11HM,42383384960000,Apache Corporation,Reagan,Texas,31.328378,-101.619133,,,,FracFocus
CC 3632 HM,42461391650000,Apache Corporation,Upton,Texas,31.5457,-102.012133,,,,FracFocus
Duke 412 2H,42295341580000,Apache Corporation,Lipscomb,Texas,36.173242,-100.51955,,,,FracFocus
SAU 41-3E,42383385850000,Apache Corporation,Reagan,Texas,31.508132,-101.6552,,,,FracFocus
SSH H23M,42235356010000,Apache Corporation,Irion,Texas,31.207539,-101.106125,,,,FracFocus
Carolea 594  2H,42295341740000,Apache Corporation,Lipscomb,Texas,36.324641,-100.411003,,,,FracFocus
SAU 42-4D,42383386640000,Apache Corporation,Reagan,Texas,31.501273,-101.657867,,,,FracFocus
Brahaney Unit 202H,42501364050000,Apache Corporation,Yoakum,Texas,33.154389,-102.874258,,,,FracFocus
ATM 11 #2,42227376850000,Apache Corporation,Howard,Texas,32.483719,-101.366317,,,,FracFocus
Weatherby 1231 12HU,42383384970000,Apache Corporation,Reagan,Texas,31.328543,-101.619131,,,,FracFocus
Grant 1H,42041322620000,Apache Corporation,Brazos,Texas,30.598683,-96.444476,,,,FracFocus
King 59 #2,42103364100000,Apache Corporation,Crane,Texas,31.397256,-102.480412,,,,FracFocus
Pundt 197 #7H,42295341640000,Apache Corporation,Lipscomb,Texas,36.098692,-100.382789,,,,FracFocus
SRH North 1343HM,42383386310000,Apache Corporation,Reagan,Texas,31.480517,-101.454464,,,,FracFocus
Brown Bomber A27 1H,42495334470000,Apache Corporation,Winkler,Texas,31.697462,-102.870847,,,,FracFocus
Night Train 10-22 #4H,42495335280000,Apache Corporation,Winkler,Texas,31.741025,-102.919853,,,,FracFocus
University Devonian 44 #1,42103364170000,Apache Corporation,Crane,Texas,31.411723,-102.478018,,,,FracFocus
Cecil #701,42173365160000,Apache Corporation,Glasscock,Texas,32.058721,-101.637057,,,,FracFocus
ASAU 911,42445322150000,Apache Corporation,Terry,Texas,32.961206,-102.294283,,,,FracFocus
CC 3631 HU,42461391640000,Apache Corporation,Upton,Texas,31.545466,-102.014244,,,,FracFocus
Heidi 37 #8,42173360430000,Apache Corporation,Glasscock,Texas,31.78836,-101.4541,,,,FracFocus
Reveille 18H,42051337550000,Apache Corporation,Burleson,Texas,30.511286,-96.414694,,,,FracFocus
Reveille 19H,42051337560000,Apache Corporation,Burleson,Texas,30.511244,-96.414739,,,,FracFocus
Morris Unit 105-1H,42211353240000,Apache Corporation,Hemphill,Texas,36.011039,-100.455956,,,,FracFocus
Augusta Barrow #2320H,42135429720000,Apache Corporation,Ector,Texas,31.986695,-102.394449,,,,FracFocus
Weatherby 1231 7HM,42383384980000,Apache Corporation,Reagan,Texas,31.311539,-101.623544,,,,FracFocus
Three Bar Shallow Unit #116H,42003463690000,Apache Corporation,Andrews,Texas,32.148094,-102.8098,,,,FracFocus
Cecil 806,42173365210000,Apache Corporation,Glasscock,Texas,32.072573,-101.624636,,,,FracFocus
ASAU 1213,42165107380000,Apache Corporation,Gaines,Texas,32.955599,-102.283348,,,,FracFocus
SSH H21U,42235356000000,Apache Corporation,Irion,Texas,31.207539,-101.106317,,,,FracFocus
Grant 2H,42041322630000,Apache Corporation,Brazos,Texas,30.598644,-96.444803,,,,FracFocus
Wineman AC 1,42041323050000,Apache Corporation,Brazos,Texas,30.651981,-96.184647,,,,FracFocus
Elwood A #9,42219007710000,Apache Corporation,Hockley,Texas,33.618142,-102.177221,,,,FracFocus
Elwood A #32,42219007990000,Apache Corporation,Hockley,Texas,33.63989,-102.176927,,,,FracFocus
Chaparral 89 #1SW,42301322140000,Apache Corporation,Loving,Texas,31.742706,-103.661494,,,,FracFocus
Van Norman 27,42415350390000,Apache Corporation,Scurry,Texas,32.596465,-101.046156,,,,FracFocus
Condor #1SWD,42301322250000,Apache Corporation,Loving,Texas,31.739736,-103.634267,,,,FracFocus
June Tippett #94,42329393500000,Apache Corporation,Midland,Texas,31.686214,-102.167648,,,,FracFocus
SRH North 1344HU,42383386340000,Apache Corporation,Reagan,Texas,31.480351,-101.454464,,,,FracFocus
CC 3630 HM,42461391630000,Apache Corporation,Upton,Texas,31.544838,-102.015862,,,,FracFocus
Eastland 15 #2WH,42227380010000,Apache Corporation,Howard,Texas,32.451704,-101.422205,,,,FracFocus
Weatherby 1231 8HU,42383384990000,Apache Corporation,Reagan,Texas,31.328369,-101.623544,,,,FracFocus
Ola Parker 6 #2H,42003458430000,Apache Corporation,Andrews,Texas,32.23582,-102.81477,,,,FracFocus
Charles Dickinson 393 #4H,42357334570000,Apache Corporation,Ochiltree,Texas,36.159236,-100.740908,,,,FracFocus
SAU 43-2F,42383386380000,Apache Corporation,Reagan,Texas,31.488518,-101.660933,,,,FracFocus
Carmichael CF #1H,42003461640000,Apache Corporation,Andrews,Texas,32.209603,-102.798486,,,,FracFocus
SAU 32-2E,42383389390000,Apache Corporation,Reagan,Texas,31.511357,-101.647626,,,,FracFocus
Cecil #804,42173365190000,Apache Corporation,Glasscock,Texas,32.06299,-101.617178,,,,FracFocus
Charles Dickinson 393 #5H,42357334960000,Apache Corporation,Ochiltree,Texas,36.159225,-100.734772,,,,FracFocus
King 11 #5H,42103362960000,Apache Corporation,Crane,Texas,31.412687,-102.396966,,,,FracFocus
Frances Gunn A #5,42227033980000,Apache Corporation,Howard,Texas,32.497696,-101.353842,,,,FracFocus
Hawkins Unit 1H,42211353800000,Apache Corporation,Hemphill,Texas,35.788439,-100.002394,,,,FracFocus
Holler 18 #3,42227381000000,Apache Corporation,Howard,Texas,32.507636,-101.342044,,,,FracFocus
Weatherby 1231 5HM,42383385040000,Apache Corporation,Reagan,Texas,31.327719,-101.627737,,,,FracFocus
Miller 36 #7HM,42461391070000,Apache Corporation,Upton,Texas,31.580856,-101.928926,,,,FracFocus
CC 3629 HU,42461391610000,Apache Corporation,Upton,Texas,31.544363,-102.017807,,,,FracFocus
University Bar 36 #1H,42003463710000,Apache Corporation,Andrews,Texas,32.204017,-102.826572,,,,FracFocus
Grant 4H,42041322710000,Apache Corporation,Brazos,Texas,30.598597,-96.444892,,,,FracFocus
Hardy 18 #14,42173363680000,Apache Corporation,Glasscock,Texas,31.847089,-101.456204,,,,FracFocus
SRH North 1625HM,42383383170000,Apache Corporation,Reagan,Texas,31.457492,-101.461734,,,,FracFocus
Hawkins Unit 2H,42211353960000,Apache Corporation,Hemphill,Texas,35.788797,-100.002397,,,,FracFocus
Cecil #805,42173365200000,Apache Corporation,Glasscock,Texas,32.065557,-101.622407,,,,FracFocus
Weatherby 1231 6HU,42383385050000,Apache Corporation,Reagan,Texas,31.327883,-101.627736,,,,FracFocus
Calcote  63-10H,42483338570000,Apache Corporation,Wheeler,Texas,35.416053,-100.005858,,,,FracFocus
Calcote  63-8H,42483338560000,Apache Corporation,Wheeler,Texas,35.4161,-100.007422,,,,FracFocus
CC 3628 HM,42461391600000,Apache Corporation,Upton,Texas,31.544204,-102.017756,,,,FracFocus
SAU 5-3E,42383389240000,Apache Corporation,Reagan,Texas,31.479829,-101.646625,,,,FracFocus
Tyler 55 10H,42483338660000,Apache Corporation,Wheeler,Texas,35.400322,-100.0148,,,,FracFocus
Coyote 4601 #1H,42371392200000,Apache Corporation,Pecos,Texas,30.966175,-103.305839,,,,FracFocus
Weatherby 1231 1HM,42383385150000,Apache Corporation,Reagan,Texas,31.328398,-101.63195,,,,FracFocus
SAU 8-2F,42383390510000,Apache Corporation,Reagan,Texas,31.458399,-101.627046,,,,FracFocus
Sealy Smith Fnd A 94H,42495335170000,Apache Corporation,Winkler,Texas,31.72785,-102.920972,,,,FracFocus
University 45#1,42103364180000,Apache Corporation,Crane,Texas,31.416081,-102.447518,,,,FracFocus
Cecil 703,42173365170000,Apache Corporation,Glasscock,Texas,32.06125,-101.625816,,,,FracFocus
SSH Unit H11U,42235355980000,Apache Corporation,Irion,Texas,31.207536,-101.111081,,,,FracFocus
SRH North 1627HU,42383383220000,Apache Corporation,Reagan,Texas,31.457494,-101.461085,,,,FracFocus
Grant 3H,42041322650000,Apache Corporation,Brazos,Texas,30.598606,-96.444847,,,,FracFocus
Condor 102H,42301322030000,Apache Corporation,Loving,Texas,31.743689,-103.633942,,,,FracFocus
Holler 18 #2,42227380970000,Apache Corporation,Howard,Texas,32.509761,-101.340304,,,,FracFocus
Weatherby 1231 2HU,42383385170000,Apache Corporation,Reagan,Texas,31.328564,-101.631947,,,,FracFocus
Sealy Smith 71 - 1HR,42495336210000,Apache Corporation,Winkler,Texas,31.713586,-102.964669,,,,FracFocus
University Lands 25 B#1H,42103363910000,Apache Corporation,Crane,Texas,31.479681,-102.416111,,,,FracFocus
Ballenger #3217,42173365050000,Apache Corporation,Glasscock,Texas,31.924174,-101.466146,,,,FracFocus
McGarraugh 138 #9H,42357333410000,Apache Corporation,Ochiltree,Texas,36.070306,-100.921517,,,,FracFocus
Schwartz 36 #17,42173365070000,Apache Corporation,Glasscock,Texas,31.910952,-101.488813,,,,FracFocus
Augusta Barrow 2702,42135430950000,Apache Corporation,Ector,Texas,31.957089,-102.395986,,,,FracFocus
Seth Campbell #86,42495335690000,Apache Corporation,Winkler,Texas,31.882628,-103.063808,,,,FracFocus
Seth Campbell #88,42495335740000,Apache Corporation,Winkler,Texas,31.884231,-103.051086,,,,FracFocus
SRH North 1348HU,42383386950000,Apache Corporation,Reagan,Texas,31.480534,-101.468435,,,,FracFocus
Rancho Grande 4H,42041323060000,Apache Corporation,Brazos,Texas,30.602913,-96.440414,,,,FracFocus
McElroy Ranch CO 130#27,42461392260000,Apache Corporation,Upton,Texas,31.442471,-102.183099,,,,FracFocus
Raven 38 #3,42173367520000,Apache Corporation,Glasscock,Texas,31.778904,-101.477866,,,,FracFocus
Begert 38-3H,42211353230000,Apache Corporation,Hemphill,Texas,35.721589,-100.056319,,,,FracFocus
McCullough-Wineman AC 1H,42041322820000,Apache Corporation,Brazos,Texas,30.647956,-96.202713,,,,FracFocus
ZPZ Fee 1055 1H,42461395780000,Apache Corporation,Upton,Texas,31.197792,-101.96275,,,,FracFocus
University Bar 36 #2H,42003463720000,Apache Corporation,Andrews,Texas,32.204478,-102.824644,,,,FracFocus
Walker Glass #5,42173366050000,Apache Corporation,Glasscock,Texas,31.837411,-101.495251,,,,FracFocus
SRH North 1347HU,42383386940000,Apache Corporation,Reagan,Texas,31.480369,-101.468435,,,,FracFocus
Scott Sugg NE H43M,42235357610000,Apache Corporation,Irion,Texas,31.275219,-101.045983,,,,FracFocus
SAU 9-1D,42383389430000,Apache Corporation,Reagan,Texas,31.465889,-101.628413,,,,FracFocus
Roberts Unit 4520,42501305840000,Apache Corporation,Yoakum,Texas,32.99705,-102.91785,,,,FracFocus
SAU 12-2E,42383389350000,Apache Corporation,Reagan,Texas,31.447707,-101.672447,,,,FracFocus
Heidi 37 #11,42173367650000,Apache Corporation,Glasscock,Texas,31.79187,-101.45541,,,,FracFocus
Scott Sugg NE H41U,42235357600000,Apache Corporation,Irion,Texas,31.275219,-101.046175,,,,FracFocus
Seth Cambell #62,42495332900000,Apache Corporation,Winkler,Texas,31.87591,-103.0661,,,,FracFocus
North McElroy Unit 4004BH,42103363890000,Apache Corporation,Crane,Texas,31.462783,-102.363974,,,,FracFocus
Ellwood 143,42219327630000,Apache Corporation,Hockley,Texas,33.64391,-102.20047,,,,FracFocus
Braun 10-7,42329393380000,Apache Corporation,Midland,Texas,31.826401,-102.10666,,,,FracFocus
Rancho Grande 2H,42041322530000,Apache Corporation,Brazos,Texas,30.602948,-96.440496,,,,FracFocus
University 2536 8HM,42383388120000,Apache Corporation,Reagan,Texas,31.186798,-101.671473,,,,FracFocus
Rancho Grande 1H,42041322520000,Apache Corporation,Brazos,Texas,30.602914,-96.440414,,,,FracFocus
Carmichael SA #1H,42003467350000,Apache Corporation,Andrews,Texas,32.22257,-102.80438,,,,FracFocus
Ballenger #4107,42173365900000,Apache Corporation,Glasscock,Texas,31.911365,-101.461877,,,,FracFocus
McCullough Wineman EF 5H,42041323080000,Apache Corporation,Brazos,Texas,30.647981,-96.204497,,,,FracFocus
SRH North 1424HM,42383388110000,Apache Corporation,Reagan,Texas,31.480518,-101.471482,,,,FracFocus
Augusta Barrow #1423H,42135431970000,Apache Corporation,Ector,Texas,32.00006,-102.39855,,,,FracFocus
STILES 16 2016H,42483338510000,Apache Corporation,Wheeler,Texas,35.459158,-100.016356,,,,FracFocus
Buffalo Hump A-31 #1H,42495335520000,Apache Corporation,Winkler,Texas,31.727831,-102.91405,,,,FracFocus
Amy 290-3H,42295341120000,Apache Corporation,Lipscomb,Texas,36.129492,-100.473222,,,,FracFocus
SAU 28 #4D,42383389100000,Apache Corporation,Reagan,Texas,31.534073,-101.645627,,,,FracFocus
University 2303 1HM,42383387620000,Apache Corporation,Reagan,Texas,31.316814,-101.632422,,,,FracFocus
SAU 41 #3D,42383389160000,Apache Corporation,Reagan,Texas,31.504669,-101.657436,,,,FracFocus
Full Bar #1H,42003467140000,Apache Corporation,Andrews,Texas,32.460867,-102.771475,,,,FracFocus
Rancho Grande 3H,42041322540000,Apache Corporation,Brazos,Texas,30.602808,-96.440503,,,,FracFocus
King 59 #4,42103364110000,Apache Corporation,Crane,Texas,31.400374,-102.481667,,,,FracFocus
North McElroy Unit #2804BH,42103363870000,Apache Corporation,Crane,Texas,31.473852,-102.367997,,,,FracFocus
Kelln 327-3H,42295341200000,Apache Corporation,Lipscomb,Texas,36.143675,-100.472433,,,,FracFocus
SRH North 1422HU,42383388060000,Apache Corporation,Reagan,Texas,31.480354,-101.471482,,,,FracFocus
Bennie 4342 H33M,42235354210000,Apache Corporation,Irion,Texas,31.178794,-101.167691,,,,FracFocus
Condor 48 #2,42173363070000,Apache Corporation,Glasscock,Texas,31.772246,-101.458126,,,,FracFocus
Nannie May 342-2,42501364290000,Apache Corporation,Yoakum,Texas,33.230658,-102.96045,,,,FracFocus
Springer 10-23 3H,42495336090000,Apache Corporation,Winkler,Texas,31.740167,-102.922422,,,,FracFocus
Seth Campbell #89,42495335750000,Apache Corporation,Winkler,Texas,31.877978,-103.052033,,,,FracFocus
Seth Campbell #96,42495335850000,Apache Corporation,Winkler,Texas,31.870792,-103.063581,,,,FracFocus
Scott Sugg West H11U,42235358280000,Apache Corporation,Irion,Texas,31.254789,-101.143475,,,,FracFocus
Full Bar #2,42003466230000,Apache Corporation,Andrews,Texas,32.453072,-102.877358,,,,FracFocus
WATERS 240 5H,42295341900000,Apache Corporation,Lipscomb,Texas,36.114961,-100.450175,,,,FracFocus
WATERS 240 6H,42295341910000,Apache Corporation,Lipscomb,Texas,36.114961,-100.450108,,,,FracFocus
McCullough-Wineman EF 4H,42041322940000,Apache Corporation,Brazos,Texas,30.649222,-96.202142,,,,FracFocus
Bennie 4342 H43M,42235354220000,Apache Corporation,Irion,Texas,31.178636,-101.168486,,,,FracFocus
Roberts Unit #5435,42501305720000,Apache Corporation,Yoakum,Texas,32.98973,-102.92627,,,,FracFocus
Roberts Unit #2215,42501311820000,Apache Corporation,Yoakum,Texas,33.023382,-102.971134,,,,FracFocus
Bivins East 93 2H,42375318200000,Apache Corporation,Potter,Texas,35.473832,-102.032429,,,,FracFocus
Red Snapper-Neal #1404,42173336586000,Apache Corporation,Glasscock,Texas,31.981525,-101.436921,,,,FracFocus
ASAU 804,42445322160000,Apache Corporation,Terry,Texas,32.961125,-102.297739,,,,FracFocus
RED SNAPPER-NEAL  1405H,42173365850000,Apache Corporation,Glasscock,Texas,31.982368,-101.432884,,,,FracFocus
BUCKMINSTER 4013H,42357335050000,Apache Corporation,Ochiltree,Texas,36.30495,-100.871639,,,,FracFocus
Eagle 36 #5,42173370160000,Apache Corporation,Glasscock,Texas,31.80584,-101.459801,,,,FracFocus
Scott Sugg West H13M,42235358290000,Apache Corporation,Irion,Texas,31.254789,-101.143294,,,,FracFocus
SRH North 1441HU,42383388560000,Apache Corporation,Reagan,Texas,31.480199,-101.474929,,,,FracFocus
King 29#1,42103364200000,Apache Corporation,Crane,Texas,31.400066,-102.41818,,,,FracFocus
McCullough-Wineman EF 3H,42041322950000,Apache Corporation,Brazos,Texas,30.649261,-96.2021,,,,FracFocus
HALE 209 5H,42357334160000,Apache Corporation,Ochiltree,Texas,36.100939,-100.602044,,,,FracFocus
Bivins East 93 3H,42375318230000,Apache Corporation,Potter,Texas,35.472644,-102.027167,,,,FracFocus
Gustavo 1H,42041322610000,Apache Corporation,Brazos,Texas,30.607183,-96.435706,,,,FracFocus
Gustavo 4H,42041323290000,Apache Corporation,Brazos,Texas,30.607297,-96.435572,,,,FracFocus
Ballenger #4108,42173365910000,Apache Corporation,Glasscock,Texas,31.914282,-101.466308,,,,FracFocus
Scott Sugg West H63M,42235358390000,Apache Corporation,Irion,Texas,31.254428,-101.131489,,,,FracFocus
Scott Sugg West H21U,42235358300000,Apache Corporation,Irion,Texas,31.254786,-101.143103,,,,FracFocus
King South U 0515 #5H,42461394980000,Apache Corporation,Upton,Texas,31.280214,-102.230406,,,,FracFocus
Bivins East 93 4H,42375318220000,Apache Corporation,Potter,Texas,35.469504,-102.025223,,,,FracFocus
University Three Bar Shallow Unit A-1 #118H,42003464730000,Apache Corporation,Andrews,Texas,32.146475,-102.809931,,,,FracFocus
University 2303 2HU,42383387560000,Apache Corporation,Reagan,Texas,31.316814,-101.632231,,,,FracFocus
Lumberjack 32 #5HM,42173368110000,Apache Corporation,Glasscock,Texas,31.705441,-101.39156,,,,FracFocus
SAU 44-4G,42383389190000,Apache Corporation,Reagan,Texas,31.483281,-101.651538,,,,FracFocus
SAU 20-2F,42383390090000,Apache Corporation,Reagan,Texas,31.547243,-101.670585,,,,FracFocus
Cowden 25 #1,42103364210000,Apache Corporation,Crane,Texas,31.394596,-102.399355,,,,FracFocus
King South U-0515 #7H,42461395890000,Apache Corporation,Upton,Texas,31.266858,-102.218911,,,,FracFocus
Flying T-5 Ranch 210 #1H,42357334180000,Apache Corporation,Ochiltree,Texas,36.100939,-100.602111,,,,FracFocus
University 2404 2HU,42383388700000,Apache Corporation,Reagan,Texas,31.316686,-101.61435,,,,FracFocus
Bivins East 93 5H,42375318260000,Apache Corporation,Potter,Texas,35.470348,-102.021173,,,,FracFocus
Heisenberg 1H,42041322490000,Apache Corporation,Brazos,Texas,30.607164,-96.434586,,,,FracFocus
Gustavo 3H,42041323280000,Apache Corporation,Brazos,Texas,30.607242,-96.435597,,,,FracFocus
Cleveland 5-5H,42173365620000,Apache Corporation,Glasscock,Texas,31.751755,-101.518007,,,,FracFocus
Scott Sugg West H61U,42235358380000,Apache Corporation,Irion,Texas,31.254436,-101.132969,,,,FracFocus
Hale 232 #3H,42357335340000,Apache Corporation,Ochiltree,Texas,36.114056,-100.592289,,,,FracFocus
RS Windham 128A #2,42461395240000,Apache Corporation,Upton,Texas,31.406498,-102.161944,,,,FracFocus
Scott Sugg West H33M,42235358330000,Apache Corporation,Irion,Texas,31.254461,-101.136886,,,,FracFocus
ZPZ Fee 1501H,42461398300000,Apache Corporation,Upton,Texas,31.197639,-101.963069,,,,FracFocus
Bivins LIT  1111H,42359304020000,Apache Corporation,Oldham,Texas,35.512297,-102.211539,,,,FracFocus
Heisenberg 2H,42041322500000,Apache Corporation,Brazos,Texas,30.607242,-96.435596,,,,FracFocus
Jill 54-9-54H,42483338710000,Apache Corporation,Wheeler,Texas,35.385703,-100.005897,,,,FracFocus
Seth Campbell #85,42495335680000,Apache Corporation,Winkler,Texas,31.872308,-103.0709,,,,FracFocus
Bivins LIT  110 1H,42359303990200,Apache Corporation,Oldham,Texas,35.526715,-102.197057,,,,FracFocus
Scott Sugg West H53M,42235358370000,Apache Corporation,Irion,Texas,31.254439,-101.13316,,,,FracFocus
Miller 36 6HU,42461391050000,Apache Corporation,Upton,Texas,31.5678,-101.92345,,,,FracFocus
University 4 Taylor Draw 3101HU,42461390650000,Apache Corporation,Upton,Texas,31.145256,-101.776908,,,,FracFocus
Springer 10-23 W-2 #5H,42495336110000,Apache Corporation,Winkler,Texas,31.75055,-102.935953,,,,FracFocus
Gustavo 2H,42041322600000,Apache Corporation,Brazos,Texas,30.607281,-96.43555,,,,FracFocus
Three Bar Shallow Unit #120H,42003466650000,Apache Corporation,Andrews,Texas,32.114737,-102.813272,,,,FracFocus
Miller 36 5HM,42461391040000,Apache Corporation,Upton,Texas,31.582441,-101.922603,,,,FracFocus
Scott Sugg West 51UR,42235359470000,Apache Corporation,Irion,Texas,31.254439,-101.133306,,,,FracFocus
Parsell Warren B 157 3H,42393326540000,Apache Corporation,Roberts,Texas,36.025056,-100.595856,,,,FracFocus
Stone 1H,42461388390000,Apache Corporation,Upton,Texas,31.181395,-101.89779,,,,FracFocus
ED Books 10 #4,42173338080000,Apache Corporation,Glasscock,Texas,31.8563,-101.5183,,,,FracFocus
ED Books 10 #7,42173345700000,Apache Corporation,Glasscock,Texas,31.852457,-101.51823,,,,FracFocus
CC 42 1HM,42461399680000,Apache Corporation,Upton,Texas,31.533228,-101.999253,,,,FracFocus
Remington 1H,42051337800000,Apache Corporation,Burleson,Texas,30.478167,-96.494064,,,,FracFocus
Condor 206H,42301322100000,Apache Corporation,Loving,Texas,31.733752,-103.64187,,,,FracFocus
University 2303 E 8H,42383387750000,Apache Corporation,Reagan,Texas,31.316722,-101.619331,,,,FracFocus
Seth Campbell #87,42495335900000,Apache Corporation,Winkler,Texas,31.876286,-103.067522,,,,FracFocus
Sealy Smith A 65,42495324510000,Apache Corporation,Winkler,Texas,31.73475,-102.93446,,,,FracFocus
Remington 2H,42051337810000,Apache Corporation,Burleson,Texas,30.478204,-96.494018,,,,FracFocus
Condor 205H,42301322070000,Apache Corporation,Loving,Texas,31.736614,-103.643939,,,,FracFocus
Sportster 10-18 #2H,42495334640000,Apache Corporation,Winkler,Texas,31.766069,-102.931975,,,,FracFocus
Scott Sugg West Unit H43M,42235358350000,Apache Corporation,Irion,Texas,31.254459,-101.136501,,,,FracFocus
Sportster 10-18 W/2 #4H,42495336120000,Apache Corporation,Winkler,Texas,31.764392,-102.941419,,,,FracFocus
Seth Campbell #94A,42495335980000,Apache Corporation,Winkler,Texas,31.86865,-103.054269,,,,FracFocus
Humphreys Trust #2H,42211354160000,Apache Corporation,Hemphill,Texas,35.911208,-100.234081,,,,FracFocus
Cowden 10 #4H,42103362950000,Apache Corporation,Crane,Texas,31.411839,-102.393331,,,,FracFocus
Remington 3H,42051338150000,Apache Corporation,Burleson,Texas,30.478205,-96.494019,,,,FracFocus
SRH North 1428HM,42383388160000,Apache Corporation,Reagan,Texas,31.484575,-101.480224,,,,FracFocus
Bobcat State Unit 4702 1H,42371392690000,Apache Corporation,Pecos,Texas,30.954139,-103.287895,,,,FracFocus
Spike S Unit H73 M,42235356840000,Apache Corporation,Irion,Texas,31.297914,-101.1153,,,,FracFocus
Scott Sugg West Unit H41U,42235358340000,Apache Corporation,Irion,Texas,31.254461,-101.136693,,,,FracFocus
Three Bar Shallow Unit A-1 #122H,42003464740000,Apache Corporation,Andrews,Texas,32.16671,-102.820767,,,,FracFocus
Arco Windham 30 #7,42329393360000,Apache Corporation,Midland,Texas,31.749622,-102.16177,,,,FracFocus
O'Dell 60 #2H,42357335140000,Apache Corporation,Ochiltree,Texas,36.43915,-100.867356,,,,FracFocus
SRH North 1426HU,42383388170000,Apache Corporation,Reagan,Texas,31.48441,-101.480223,,,,FracFocus
Carr Buffalo Ranch Unit 1 3H,42051339180000,Apache Corporation,Burleson,Texas,30.472736,-96.427458,,,,FracFocus
Scott Sugg West Unit H31U,42235358320000,Apache Corporation,Irion,Texas,31.277039,-101.139281,,,,FracFocus
Sealy Smith A #22,42495052790000,Apache Corporation,Winkler,Texas,31.714888,-102.935843,,,,FracFocus
Spike S Unit H71 U,42235356850000,Apache Corporation,Irion,Texas,31.297953,-101.119933,,,,FracFocus
Lynch A Unit #4HM,42329398190000,Apache Corporation,Midland,Texas,31.78113,-102.167032,,,,FracFocus
Seth Campbell #91,42495335810000,Apache Corporation,Winkler,Texas,31.878478,-103.077867,,,,FracFocus
Rae 4H,42041322930000,Apache Corporation,Brazos,Texas,30.610783,-96.257286,,,,FracFocus
SRH North 1439HM,42383389090000,Apache Corporation,Reagan,Texas,31.470381,-101.483858,,,,FracFocus
Scott Sugg West Unit H23M,42235358310000,Apache Corporation,Irion,Texas,31.254772,-101.140858,,,,FracFocus
Lynch A Unit #3HM,42329398180000,Apache Corporation,Midland,Texas,31.728825,-102.164095,,,,FracFocus
SRH North 1437HU,42383389110000,Apache Corporation,Reagan,Texas,31.470216,-101.483858,,,,FracFocus
Seth Campbell 90,42495335820000,Apache Corporation,Winkler,Texas,31.875064,-103.061683,,,,FracFocus
Rae 3H,42041322920000,Apache Corporation,Brazos,Texas,30.61075,-96.258169,,,,FracFocus
SSH Unit H51U,42235356060000,Apache Corporation,Irion,Texas,31.276997,-101.133856,,,,FracFocus
Lynch A Unit #1HM,42329397990000,Apache Corporation,Midland,Texas,31.730124,-102.15874,,,,FracFocus
Remme 15-1 Unit 101H,42389343560000,Apache Corporation,Reeves,Texas,30.950522,-103.415033,,,,FracFocus
SAU 12-3 3D,42383389310000,Apache Corporation,Reagan,Texas,31.452006,-101.673426,,,,FracFocus
SAU 32-4-4C,42383392090000,Apache Corporation,Reagan,Texas,31.513163,-101.653093,,,,FracFocus
Lynch A Unit #10HM,42329398250000,Apache Corporation,Midland,Texas,31.732632,-102.160065,,,,FracFocus
SSH Unit H54M,42235358900000,Apache Corporation,Irion,Texas,31.207382,-101.0944,,,,FracFocus
Osprey State Unit 205H,42301322640000,Apache Corporation,Loving,Texas,31.756408,-103.624416,,,,FracFocus
Seth Campbell #92,42495336630000,Apache Corporation,Winkler,Texas,31.87175,-103.055761,,,,FracFocus
Seth Campbell #95,42495335830000,Apache Corporation,Winkler,Texas,31.879903,-103.065164,,,,FracFocus
Schrock WM 34 Deep 10HC,42329397130000,Apache Corporation,Midland,Texas,31.719871,-101.78137,,,,FracFocus
Osprey State Unit 204H,42301323480000,Apache Corporation,Loving,Texas,31.755218,-103.622808,,,,FracFocus
Walker Family 1H,42041323150000,Apache Corporation,Brazos,Texas,30.628504,-96.278043,,,,FracFocus
SSH Unit H53M,42235356070000,Apache Corporation,Irion,Texas,31.207553,-101.091481,,,,FracFocus
ED Books 10 #1,42173335400000,Apache Corporation,Glasscock,Texas,31.85684,-101.51203,,,,FracFocus
Walker Family 3H,42041323170000,Apache Corporation,Brazos,Texas,30.628503,-96.278042,,,,FracFocus
Osprey State Unit 203H,42301323460000,Apache Corporation,Loving,Texas,31.754032,-103.621667,,,,FracFocus
Ballenger 4205H,42173366410000,Apache Corporation,Glasscock,Texas,31.911154,-101.484481,,,,FracFocus
Osprey State Unit 200H,42301323710000,Apache Corporation,Loving,Texas,31.736863,-103.630173,,,,FracFocus
SAU 28-2 2C,42383390560000,Apache Corporation,Reagan,Texas,31.539244,-101.638387,,,,FracFocus
SAU 21-3 3C,42383391900000,Apache Corporation,Reagan,Texas,31.546294,-101.640404,,,,FracFocus
SSH Unit H61U,42235356080000,Apache Corporation,Irion,Texas,31.207564,-101.08935,,,,FracFocus
Osprey State Unit 201H,42301323450000,Apache Corporation,Loving,Texas,31.751444,-103.617711,,,,FracFocus
Ballenger 4207H,42173369110000,Apache Corporation,Glasscock,Texas,31.91275,-101.475854,,,,FracFocus
Osprey State Unit 302H,42301324350000,Apache Corporation,Loving,Texas,31.751892,-103.618315,,,,FracFocus
Osprey State Unit 202HR,42301324900000,Apache Corporation,Loving,Texas,31.752738,-103.619458,,,,FracFocus
Falcon State Unit 200H,42301325220000,Apache Corporation,Loving,Texas,31.748236,-103.654227,,,,FracFocus
CC 4132A 1HM,42461400720000,Apache Corporation,Upton,Texas,31.569167,-101.782247,,,,FracFocus
SSH Unit H64M,42235358820000,Apache Corporation,Irion,Texas,31.207563,-101.088967,,,,FracFocus
Masterson 87 #2H,42375318490000,Apache Corporation,Potter,Texas,35.470486,-101.980868,,,,FracFocus
Ballenger 4206H,42173366420000,Apache Corporation,Glasscock,Texas,31.933552,-101.487205,,,,FracFocus
SSH Unit H60UU,42235358840000,Apache Corporation,Irion,Texas,31.207564,-101.088775,,,,FracFocus
Bivins LIT 111 #2H,42359304060000,Apache Corporation,Oldham,Texas,35.514048,-102.21499,,,,FracFocus
Bobcat State Unit 4704 1H,42371393170000,Apache Corporation,Pecos,Texas,30.959796,-103.287817,,,,FracFocus
SRH North 1432HM,42383388760000,Apache Corporation,Reagan,Texas,31.484549,-101.484939,,,,FracFocus
Midland Farms AX #4,42003339770000,Apache Corporation,Andrews,Texas,32.118546,-102.490849,,,,FracFocus
SRH North 1436HM,42383389030000,Apache Corporation,Reagan,Texas,31.47679,-101.488773,,,,FracFocus
SRH North 1430HU,42383388810000,Apache Corporation,Reagan,Texas,31.484384,-101.484938,,,,FracFocus
Waha 804H,42389346860000,Apache Corporation,Reeves,Texas,31.273464,-103.187342,,,,FracFocus
SRH North 1434HU,42383389050000,Apache Corporation,Reagan,Texas,31.476626,-101.488718,,,,FracFocus
SRH North 1631 HM,42383390100000,Apache Corporation,Reagan,Texas,31.462889,-101.484204,,,,FracFocus
Waha 805H,42389346880000,Apache Corporation,Reeves,Texas,31.273478,-103.187461,,,,FracFocus
University 2303 W 3HM,42383387820000,Apache Corporation,Reagan,Texas,31.316794,-101.629597,,,,FracFocus
SRH North 1629 HU,42383390330000,Apache Corporation,Reagan,Texas,31.462724,-101.484152,,,,FracFocus
SRH North 1628HA,42383390400000,Apache Corporation,Reagan,Texas,31.462722,-101.484766,,,,FracFocus
Mockingbird 9-1 SWD,42301320970000,Apache Corporation,Loving,Texas,31.758492,-103.61259,,,,FracFocus
NMU 3461,42103311060000,Apache Corporation,Crane,Texas,31.46925,-102.347772,,,,FracFocus
Fasken State 58-7-18 1H,42389347930000,Apache Corporation,Reeves,Texas,31.2292,-104.077792,,,,FracFocus
University 2303 W 4HM,42383387810000,Apache Corporation,Reagan,Texas,31.316783,-101.627775,,,,FracFocus
WH Sterling #1,42415025860000,Apache Corporation,Scurry,Texas,32.6,-101.05,,,,FracFocus
NMU 2846,42103322780000,Apache Corporation,Crane,Texas,31.483462,-102.368138,,,,FracFocus
Lumberjack 32 14HM,42173371200000,Apache Corporation,Glasscock,Texas,31.703388,-101.401772,,,,FracFocus
Condor 212H,42301325740000,Apache Corporation,Loving,Texas,31.734931,-103.642161,,,,FracFocus
Sealy Smith A 32,42495033840000,Apache Corporation,Winkler,Texas,31.72978,-102.95056,,,,FracFocus
University 2303 E 5HM,42383387570000,Apache Corporation,Reagan,Texas,31.316761,-101.624792,,,,FracFocus
June Sanders Track A 31,42329344620000,Apache Corporation,Midland,Texas,31.665964,-102.215035,,,,FracFocus
Condor 209H,42301325480000,Apache Corporation,Loving,Texas,31.734931,-103.642167,,,,FracFocus
Stone 5202 2H,42461400510000,Apache Corporation,Upton,Texas,31.181453,-101.897225,,,,FracFocus
Rodgers 3H,42041323450000,Apache Corporation,Brazos,Texas,30.624439,-96.248581,,,,FracFocus
University 2303 E 6HU,42383387580000,Apache Corporation,Reagan,Texas,31.316747,-101.622969,,,,FracFocus
Condor 210H,42301325490000,Apache Corporation,Loving,Texas,31.734861,-103.642214,,,,FracFocus
Seth Campbell #98,42495336640000,Apache Corporation,Winkler,Texas,31.870609,-103.058694,,,,FracFocus
P'Pool 1,42495336610000,Apache Corporation,Winkler,Texas,31.868406,-103.062695,,,,FracFocus
Roberts Unit 5426,42501305750000,Apache Corporation,Yoakum,Texas,32.98622,-102.930464,,,,FracFocus
Connell 38a 1HU,42461400410000,Apache Corporation,Upton,Texas,31.550006,-101.93908,,,,FracFocus
Connell 38A 2HM,42461400490000,Apache Corporation,Upton,Texas,31.549847,-101.936858,,,,FracFocus
Rodgers 1H,42041323460000,Apache Corporation,Brazos,Texas,30.624303,-96.248283,,,,FracFocus
University 2303 E 7HM,42383387640000,Apache Corporation,Reagan,Texas,31.316736,-101.62115,,,,FracFocus
Condor S211H,42301325730000,Apache Corporation,Loving,Texas,31.73604,-103.638784,,,,FracFocus
Augusta Barrow #1,42135023460000,Apache Corporation,Ector,Texas,31.975552,-102.398032,,,,FracFocus
Sealy Smith C 100H,42475369340000,Apache Corporation,Ward,Texas,31.650981,-102.969047,,,,FracFocus
Ladybird State 2H,42389348630000,Apache Corporation,Reeves,Texas,31.129611,-103.902528,,,,FracFocus
Nix #83,42211354930000,Apache Corporation,Hemphill,Texas,35.995628,-100.412089,,,,FracFocus
Lambert 3H,42041323230000,Apache Corporation,Brazos,Texas,30.615852,-96.246648,,,,FracFocus
University 2404 1HM,42383388680000,Apache Corporation,Reagan,Texas,31.316706,-101.616872,,,,FracFocus
Evergreen 1 1H,42389348040000,Apache Corporation,Reeves,Texas,31.277643,-103.153828,,,,FracFocus
Latzel 34 2HM,42461400550000,Apache Corporation,Upton,Texas,31.563943,-101.945492,,,,FracFocus
Harvey 1H,42041323430000,Apache Corporation,Brazos,Texas,30.624938,-96.249314,,,,FracFocus
ASAU #2210W,42165351820000,Apache Corporation,Gaines,Texas,32.938144,-102.29481,,,,FracFocus
Harvey 3H,42041323500000,Apache Corporation,Brazos,Texas,30.624997,-96.249244,,,,FracFocus
Latzel 34 1HU,42461400560000,Apache Corporation,Upton,Texas,31.577844,-101.948908,,,,FracFocus
University 2404 3HM,42383388730000,Apache Corporation,Reagan,Texas,31.316672,-101.612361,,,,FracFocus
Waha 902HL,42389343770000,Apache Corporation,Reeves,Texas,31.286238,-103.204546,,,,FracFocus
"Sealy Smith Foundation ""A"" #20",42495052770000,Apache Corporation,Winkler,Texas,31.723633,-102.930596,,,,FracFocus
Robin 8 #1SW,42389337770000,Apache Corporation,Reeves,Texas,31.692708,-103.670245,,,,FracFocus
TXL SOUTH UNIT 5112H,42135403710000,Apache Corporation,Ector,Texas,31.82217,-102.71692,,,,FracFocus
Schrock W.M. 34 Deep 1HU,42329396830000,Apache Corporation,Midland,Texas,31.717395,-101.793271,,,,FracFocus
Schrock W.M. 34 Deep 2HM,42329396880000,Apache Corporation,Midland,Texas,31.717236,-101.79322,,,,FracFocus
Quanah 95 #1H,42375318560000,Apache Corporation,Potter,Texas,35.47248,-102.05254,,,,FracFocus
University 2404 4HU,42383388920000,Apache Corporation,Reagan,Texas,31.316686,-101.612169,,,,FracFocus
Leone 4H,42051338110000,Apache Corporation,Burleson,Texas,30.525497,-96.358833,,,,FracFocus
Robin 8 106H,42389347740000,Apache Corporation,Reeves,Texas,31.69981,-103.65759,,,,FracFocus
Ewert 1H,42041323360000,Apache Corporation,Brazos,Texas,30.615282,-96.245791,,,,FracFocus
Ewert 3H,42041323380000,Apache Corporation,Brazos,Texas,30.615281,-96.245792,,,,FracFocus
Schrock W.M. 34 Deep 4HU,42329396890000,Apache Corporation,Midland,Texas,31.718322,-101.789101,,,,FracFocus
Ladybird State Unit 1H,42389348920000,Apache Corporation,Reeves,Texas,31.132606,-103.885178,,,,FracFocus
Leone 3H,42051338100000,Apache Corporation,Burleson,Texas,30.525492,-96.358769,,,,FracFocus
West Levelland Unit #277,42079323440000,Apache Corporation,Cochran,Texas,33.583346,-102.633659,,,,FracFocus
Ladybird State 4H,42389349320000,Apache Corporation,Reeves,Texas,31.128475,-103.903628,,,,FracFocus
Schrock W.M. 34 Deep 5HM,42329396940000,Apache Corporation,Midland,Texas,31.718163,-101.78905,,,,FracFocus
Lebon 3H,42041323250000,Apache Corporation,Brazos,Texas,30.613058,-96.250969,,,,FracFocus
Lebon 1H,42041323260000,Apache Corporation,Brazos,Texas,30.613138,-96.25088,,,,FracFocus
SSH Unit H63M,42235256090000,Apache Corporation,Irion,Texas,31.207564,-101.089158,,,,FracFocus
Falcon State 223H,42301325980000,Apache Corporation,Loving,Texas,31.756442,-103.640933,,,,FracFocus
Falcon State Unit 222H,42301326100000,Apache Corporation,Loving,Texas,31.746793,-103.653476,,,,FracFocus
TXL North Unit 864,42135376330000,Apache Corporation,Ector,Texas,31.869436,-102.716828,,,,FracFocus
BR 3H,42051338280000,Apache Corporation,Burleson,Texas,30.535383,-96.37275,,,,FracFocus
CC 42 Unit 7HM,42461401270000,Apache Corporation,Upton,Texas,31.536171,-101.989657,,,,FracFocus
SSH Unit H71U,42235356100000,Apache Corporation,Irion,Texas,31.2076,-101.0852,,,,FracFocus
Falcon State 225H,42301325990000,Apache Corporation,Loving,Texas,31.756503,-103.640754,,,,FracFocus
Lawnmower 3H,42287326940000,Apache Corporation,Lee,Texas,30.277128,-96.876703,,,,FracFocus
Falcon State Unit 221H,42301326210000,Apache Corporation,Loving,Texas,31.75689,-103.67059,,,,FracFocus
Goen Family 2H,42041323400000,Apache Corporation,Brazos,Texas,30.612536,-96.25024,,,,FracFocus
Goen Family 3H,42041323410000,Apache Corporation,Brazos,Texas,30.612497,-96.25028,,,,FracFocus
BR 5H,42051338300000,Apache Corporation,Burleson,Texas,30.535356,-96.372872,,,,FracFocus
Mockingbird State Unit 9 205H,42301321590000,Apache Corporation,Loving,Texas,31.75547,-103.62111,,,,FracFocus
SSH Unit H74M,42235358850000,Apache Corporation,Irion,Texas,31.207581,-101.084631,,,,FracFocus
Falcon State Unit 224H,42301326030000,Apache Corporation,Loving,Texas,31.756472,-103.640844,,,,FracFocus
CC 4132B 1HM,42461401480000,Apache Corporation,Upton,Texas,31.545573,-101.97902,,,,FracFocus
Goen Family 1H,42041323390000,Apache Corporation,Brazos,Texas,30.612575,-96.250194,,,,FracFocus
Lawnmower 2H,42287326930000,Apache Corporation,Lee,Texas,30.277081,-96.876736,,,,FracFocus
Mockingbird State Unit 9 206H,42301321610000,Apache Corporation,Loving,Texas,31.75702,-103.62321,,,,FracFocus
Falcon State  Unit 263H,42301325350000,Apache Corporation,Loving,Texas,31.75664,-103.6273,,,,FracFocus
Lawnmower 1H,42287326920000,Apache Corporation,Lee,Texas,30.277172,-96.876667,,,,FracFocus
SSH Unit H73M,42235356160000,Apache Corporation,Irion,Texas,31.207581,-101.085017,,,,FracFocus
BR 6H,42051338680000,Apache Corporation,Burleson,Texas,30.535386,-96.380511,,,,FracFocus
Mockingbird State Unit 9  255H,42301326620000,Apache Corporation,Loving,Texas,31.75691,-103.62306,,,,FracFocus
Shackelton 31W 7HU,42173368230000,Apache Corporation,Glasscock,Texas,31.86673,-101.680794,,,,FracFocus
SSH Unit H81U,42235356170000,Apache Corporation,Irion,Texas,31.20725,-101.081917,,,,FracFocus
Falcon State Unit 233H,42301325340000,Apache Corporation,Loving,Texas,31.7565,-103.62724,,,,FracFocus
Shackelton 31W 4HM,42173368250000,Apache Corporation,Glasscock,Texas,31.867093,-101.679198,,,,FracFocus
Condor 213H,42301325750000,Apache Corporation,Loving,Texas,31.73407,-103.641742,,,,FracFocus
SSH Unit H84M,42235358860000,Apache Corporation,Irion,Texas,31.20725,-101.081725,,,,FracFocus
Magpie Unit 103H,42301326630000,Apache Corporation,Loving,Texas,31.75647,-103.598035,,,,FracFocus
Shackelton 31W 5HM,42173368200000,Apache Corporation,Glasscock,Texas,31.868114,-101.691359,,,,FracFocus
Neal 47 #1,42173361800000,Apache Corporation,Glasscock,Texas,31.907851,-101.416314,,,,FracFocus
RB Stetz 3H,42041323760000,Apache Corporation,Brazos,Texas,30.590064,-96.44553,,,,FracFocus
RB Stetz 2H,42041323780000,Apache Corporation,Brazos,Texas,30.590106,-96.445575,,,,FracFocus
Condor 208HR,42301326610000,Apache Corporation,Loving,Texas,31.7351,-103.644001,,,,FracFocus
Eagle 36 #2,42173361840000,Apache Corporation,Glasscock,Texas,31.805638,-101.45793,,,,FracFocus
Kimber 3H,42051338510000,Apache Corporation,Burleson,Texas,30.499658,-96.507701,,,,FracFocus
Kimber 1H,42051338520000,Apache Corporation,Burleson,Texas,30.499737,-96.507612,,,,FracFocus
SSH Unit H83M,42235356180000,Apache Corporation,Irion,Texas,31.207258,-101.079781,,,,FracFocus
Condor 207H,42301325710000,Apache Corporation,Loving,Texas,31.735227,-103.643938,,,,FracFocus
Shackelton 31W 6HM,42173368210000,Apache Corporation,Glasscock,Texas,31.86893,-101.6711,,,,FracFocus
Scott Sugg SE Unit H11U,42235356280000,Apache Corporation,Irion,Texas,31.210558,-101.077369,,,,FracFocus
BR 12H,42051339030000,Apache Corporation,Burleson,Texas,30.531363,-96.385097,,,,FracFocus
Shackelton 31W 9HU,42173368220000,Apache Corporation,Glasscock,Texas,31.868522,-101.672897,,,,FracFocus
Scott Sugg SE Unit H13M,42235356270000,Apache Corporation,Irion,Texas,31.210556,-101.077175,,,,FracFocus
Benelli 2H,42051339010000,Apache Corporation,Burleson,Texas,30.504101,-96.503308,,,,FracFocus
Robin 8 251H,42389342850000,Apache Corporation,Reeves,Texas,31.68951,-103.67096,,,,FracFocus
Tippett 17 #2HM,42329403520000,Apache Corporation,Midland,Texas,31.700771,-102.134159,,,,FracFocus
BR 10H,42051339020000,Apache Corporation,Burleson,Texas,30.53139,-96.384961,,,,FracFocus
June Tippett 17 1HM,42329401610000,Apache Corporation,Midland,Texas,31.701752,-102.131358,,,,FracFocus
Scott Sugg SE Unit H21U,42235356190000,Apache Corporation,Irion,Texas,31.212061,-101.072419,,,,FracFocus
Waha 402H,42389350240000,Apache Corporation,Reeves,Texas,31.25364,-103.21075,,,,FracFocus
June Tippett 17 #3HM,42329403530000,Apache Corporation,Midland,Texas,31.700088,-102.136458,,,,FracFocus
Scott Sugg SE Unit H23M,42235356200000,Apache Corporation,Irion,Texas,31.212058,-101.072225,,,,FracFocus
Sugg 0807 H21U,42235358690000,Apache Corporation,Irion,Texas,31.211547,-101.038589,,,,FracFocus
Sugg Strip H11U,42235358700000,Apache Corporation,Irion,Texas,31.207264,-101.0269,,,,FracFocus
Sugg 0807 H31U,42235358640000,Apache Corporation,Irion,Texas,31.232414,-101.034989,,,,FracFocus
Scott Sugg SE H33M,42235356220000,Apache Corporation,Irion,Texas,31.212014,-101.068006,,,,FracFocus
Sugg 0807 H41U,42235358660000,Apache Corporation,Irion,Texas,31.232519,-101.031147,,,,FracFocus
Falcon State Unit 262H,42301325370000,Apache Corporation,Loving,Texas,31.753013,-103.631587,,,,FracFocus
Scott Sugg SE Unit H81U,42235357020000,Apache Corporation,Irion,Texas,31.232569,-101.04772,,,,FracFocus
"Fasken, David BG #1",42135331960000,Apache Corporation,Ector,Texas,32.077727,-102.371918,,,,FracFocus
Falcon State Unit 232H,42301325360000,Apache Corporation,Loving,Texas,31.752959,-103.631515,,,,FracFocus
Lynch A 13HS,42329403300000,Apache Corporation,Midland,Texas,31.732771,-102.159495,,,,FracFocus
Lynch A 14HS,42329403310000,Apache Corporation,Midland,Texas,31.731778,-102.161803,,,,FracFocus
Scott Sugg SE Unit H71U,42235357010000,Apache Corporation,Irion,Texas,31.232611,-101.051961,,,,FracFocus
Byrd Frost A #5,42415300950000,Apache Corporation,Scurry,Texas,32.58546,-101.04583,,,,FracFocus
Lynch A Unit 9HS,42329398240000,Apache Corporation,Midland,Texas,31.732181,-102.164669,,,,FracFocus
Scott Sugg SE Unit H31U,42235356210000,Apache Corporation,Irion,Texas,31.232756,-101.068897,,,,FracFocus
Scott Sugg SE Unit H41U,42235356230000,Apache Corporation,Irion,Texas,31.232728,-101.064661,,,,FracFocus
Chaparral 89 152H,42301327040000,Apache Corporation,Loving,Texas,31.7486,-103.65285,,,,FracFocus
Evergreen Unit 12 1H,42389349800000,Apache Corporation,Reeves,Texas,31.25971,-103.167122,,,,FracFocus
June Tippett 8 2HM,42329403780000,Apache Corporation,Midland,Texas,31.698426,-102.135924,,,,FracFocus
Scott Sugg SE Unit H43M,42235356240000,Apache Corporation,Irion,Texas,31.232714,-101.062542,,,,FracFocus
"Sealy-Smith Foundation ""A"" 63",42495324470000,Apache Corporation,Winkler,Texas,31.731592,-102.929969,,,,FracFocus
Chaparral 89 151H,42301327030000,Apache Corporation,Loving,Texas,31.7471,-103.6509,,,,FracFocus
Sealy & Smith Foundation A 57,42495324080000,Apache Corporation,Winkler,Texas,31.728976,-102.927832,,,,FracFocus
"Sealy Smith Foundation ""A"" 71",42495326540000,Apache Corporation,Winkler,Texas,31.722242,-102.925594,,,,FracFocus
Augusta Barrow 1504,42135433880000,Apache Corporation,Ector,Texas,31.986257,-102.40097,,,,FracFocus
June Tippett 8 1HM,42329403670000,Apache Corporation,Midland,Texas,31.699661,-102.130843,,,,FracFocus
Scott Sugg SE Unit H51U,42235356990000,Apache Corporation,Irion,Texas,31.211934,-101.059733,,,,FracFocus
ASAU #2103,42165000550000,Apache Corporation,Gaines,Texas,32.935766,-102.288402,,,,FracFocus
Spanish Trail 55 1H,42389350870000,Apache Corporation,Reeves,Texas,30.9672,-103.73526,,,,FracFocus
Latzel 34 #52HM,42461402240000,Apache Corporation,Upton,Texas,31.576225,-101.957047,,,,FracFocus
Scott Sugg SE Unit H61U,42235357000000,Apache Corporation,Irion,Texas,31.211892,-101.055504,,,,FracFocus
Nix 91 1H,42211355130000,Apache Corporation,Hemphill,Texas,35.9819,-100.4308,,,,FracFocus
Latzel 34 8HM,42461401500000,Apache Corporation,Upton,Texas,31.574728,-101.963018,,,,FracFocus
Miles 2H,42041324370000,Apache Corporation,Brazos,Texas,30.621536,-96.235469,,,,FracFocus
Scott Sugg NE Unit H81U,42235357710000,Apache Corporation,Irion,Texas,31.275043,-101.030155,,,,FracFocus
Falcon State Unit 253H,42301327510000,Apache Corporation,Loving,Texas,31.75509,-103.64558,,,,FracFocus
Mitchell 10-12 #1,42495336770000,Apache Corporation,Winkler,Texas,31.772683,-102.926106,,,,FracFocus
Grindelwald #1,42389350550000,Apache Corporation,Reeves,Texas,31.01998,-103.770422,,,,FracFocus
Carmichael SA 7H,42003472710000,Apache Corporation,Andrews,Texas,32.202854,-102.801073,,,,FracFocus
Braddock 47 #2,42173356820000,Apache Corporation,Glasscock,Texas,31.866843,-101.602927,,,,FracFocus
Scott Sugg NE Unit H83M,42235357720000,Apache Corporation,Irion,Texas,31.27504,-101.029962,,,,FracFocus
Falcon State Unit 251H,42301327470000,Apache Corporation,Loving,Texas,31.75509,-103.64568,,,,FracFocus
Miles 1H,42041324350000,Apache Corporation,Brazos,Texas,30.621478,-96.235536,,,,FracFocus
Stone 5202C (Alloc) 3H,42461402290000,Apache Corporation,Upton,Texas,31.183158,-101.909831,,,,FracFocus
Matterhorn #1,42389351000000,Apache Corporation,Reeves,Texas,30.942661,-103.662117,,,,FracFocus
Tucker #2H,42041324390000,Apache Corporation,Brazos,Texas,30.6217,-96.235386,,,,FracFocus
Thunderstruck 1H,42501366430000,Apache Corporation,Yoakum,Texas,33.330224,-102.97568,,,,FracFocus
RG Hunter 1-9,42483305190000,Apache Corporation,Wheeler,Texas,35.45253,-100.33229,,,,FracFocus
Tucker #1H,42041324380000,Apache Corporation,Brazos,Texas,30.621491,-96.235587,,,,FracFocus
Pearl 1H,42501366360000,Apache Corporation,Yoakum,Texas,33.37232,-102.954104,,,,FracFocus
Urschel 71 2H,42211355140000,Apache Corporation,Hemphill,Texas,35.9946,-100.33014,,,,FracFocus
CC 4132D 1HM,42461402360000,Apache Corporation,Upton,Texas,31.544424,-101.987165,,,,FracFocus
Seagull Unit 103HR,42301327610000,Apache Corporation,Loving,Texas,31.7209,-103.63279,,,,FracFocus
CC 4132C 1HM,42461402340000,Apache Corporation,Upton,Texas,31.54533,-101.98332,,,,FracFocus
TXLNU 1032H,42135429570000,Apache Corporation,Ector,Texas,31.890989,-102.729196,,,,FracFocus
McElroy Ranch 117 #19,42461343540000,Apache Corporation,Upton,Texas,31.438733,-102.151792,,,,FracFocus
CC 48 West 1HM,42461399040000,Apache Corporation,Upton,Texas,31.53104,-102.019426,,,,FracFocus
Magpie Unit P115H,42301328070000,Apache Corporation,Loving,Texas,31.7498,-103.58934,,,,FracFocus
CC 48 West 3HM,42461399050000,Apache Corporation,Upton,Texas,31.531877,-102.015999,,,,FracFocus
Springer 10/23 W/2 #4H,42495336130000,Apache Corporation,Winkler,Texas,31.736175,-102.935962,,,,FracFocus
Blue Jay Unit 103H,42301328040000,Apache Corporation,Loving,Texas,31.73638,-103.66321,,,,FracFocus
Black Bomber 503H,42495337150000,Apache Corporation,Winkler,Texas,31.684646,-102.839655,,,,FracFocus
Falcon State Unit 255H,42301328000000,Apache Corporation,Loving,Texas,31.75538,-103.64315,,,,FracFocus
SRH North 1516HU,42383390550000,Apache Corporation,Reagan,Texas,31.485674,-101.480233,,,,FracFocus
Weissmies 1H,42389351770001,Apache Corporation,Reeves,Texas,31.009507,-103.734775,,,,FracFocus
Augusta Barrow #2313,42135433850000,Apache Corporation,Ector,Texas,31.984247,-102.395411,,,,FracFocus
Connell 38C 2HM,42461401060000,Apache Corporation,Upton,Texas,31.551141,-101.923171,,,,FracFocus
Ortler 1H,42389351750000,Apache Corporation,Reeves,Texas,30.936012,-103.747723,,,,FracFocus
Connell 38B 2HM,42461401750000,Apache Corporation,Upton,Texas,31.550085,-101.92776,,,,FracFocus
Mont Blanc 1H,42389351840000,Apache Corporation,Reeves,Texas,31.213753,-103.899919,,,,FracFocus
Stone 5202W (Alloc) 4H,42461403020000,Apache Corporation,Upton,Texas,31.181146,-101.895263,,,,FracFocus
Cheyenne 1H,42389351860000,Apache Corporation,Reeves,Texas,31.053315,-103.748362,,,,FracFocus
IB Wade #10,42415331320000,Apache Corporation,Scurry,Texas,32.602004,-101.055912,,,,FracFocus
Pollux Unit 1H,42389351910000,Apache Corporation,Reeves,Texas,30.968145,-103.784025,,,,FracFocus
Weatherby 2728 Unit 5HA,42383395870000,Apache Corporation,Reagan,Texas,31.317954,-101.609331,,,,FracFocus
Fasken 14 #8,42135360370000,Apache Corporation,Ector,Texas,32.064501,-102.416888,,,,FracFocus
Waha P905,42389351500000,Apache Corporation,Reeves,Texas,31.280527,-103.210318,,,,FracFocus
CC 4144 East 2HM,42461403180000,Apache Corporation,Upton,Texas,31.549369,-101.976414,,,,FracFocus
Mont Blanc 3H,42389352270000,Apache Corporation,Reeves,Texas,31.213947,-103.896082,,,,FracFocus
Mont Blanc 2H,42389352230000,Apache Corporation,Reeves,Texas,31.213946,-103.896178,,,,FracFocus
Black Hawk State 101BH,42389352210100,Apache Corporation,Reeves,Texas,31.137249,-103.792491,,,,FracFocus
Fox State Unit 101BH,42389352150000,Apache Corporation,Reeves,Texas,31.120585,-103.761281,,,,FracFocus
Pelican Unit 106H,42301327620000,Apache Corporation,Loving,Texas,31.723391,-103.630663,,,,FracFocus
Bivins 28 #6,42359303590000,Apache Corporation,Oldham,Texas,35.56145,-102.24325,,,,FracFocus
Denali 1H,42389352330000,Apache Corporation,Reeves,Texas,31.005502,-103.798299,,,,FracFocus
Falcon State Unit 257H,42301328050000,Apache Corporation,Loving,Texas,31.756019,-103.633606,,,,FracFocus
Good 4 #1,42033323730000,Apache Corporation,Borden,Texas,32.557221,-101.645076,,,,FracFocus
Goldsmith Cummins Deep Unit 284,42135375160000,Apache Corporation,Ector,Texas,31.981575,-102.690139,,,,FracFocus
Falcon State Unit 261H,42301328090000,Apache Corporation,Loving,Texas,31.755748,-103.633242,,,,FracFocus
"Sterling, WR #15",42415316380000,Apache Corporation,Scurry,Texas,32.594743,-101.056869,,,,FracFocus
Hartgrove A #1D,42383011470000,Apache Corporation,Reagan,Texas,31.393862,-101.670905,,,,FracFocus
Falcon State Unit 259H,42301328080000,Apache Corporation,Loving,Texas,31.755965,-103.633533,,,,FracFocus
Falcon State Unit 231H,42301327920000,Apache Corporation,Loving,Texas,31.755802,-103.633314,,,,FracFocus
Falcon State Unit 227H,42301327910000,Apache Corporation,Loving,Texas,31.755911,-103.63346,,,,FracFocus
Falcon State Unit 229H,42301328010000,Apache Corporation,Loving,Texas,31.755856,-103.633387,,,,FracFocus
SRH North 1630HC,42383390370000,Apache Corporation,Reagan,Texas,31.462886,-101.484818,,,,FracFocus
Redwood 1H,42389352740000,Apache Corporation,Reeves,Texas,31.268851,-103.976013,,,,FracFocus
Magpie Unit P111H,42301328060000,Apache Corporation,Loving,Texas,31.750983,-103.590836,,,,FracFocus
Lynch A Unit HZ 6HS,42329398210000,Apache Corporation,Midland,Texas,31.725753,-102.172061,,,,FracFocus
North McElroy Unit #4715,42103053500000,Apache Corporation,Crane,Texas,31.456742,-102.321638,,,,FracFocus
King Hidalgo 9H,42371394190000,Apache Corporation,Pecos,Texas,30.786829,-103.463176,,,,FracFocus
Lynch A HZ 17HS,42329410630000,Apache Corporation,Midland,Texas,31.725718,-102.1722,,,,FracFocus
Lynch A Unit HZ 2HS,42329398000000,Apache Corporation,Midland,Texas,31.729538,-102.161164,,,,FracFocus
Lynch A 12HS,42329398150000,Apache Corporation,Midland,Texas,31.730533,-102.159517,,,,FracFocus
Lynch A 11HS,42329398040000,Apache Corporation,Midland,Texas,31.730638,-102.159084,,,,FracFocus
Weissmies Unit A 3H,42389353640000,Apache Corporation,Reeves,Texas,31.007792,-103.731993,,,,FracFocus
Weissmies Unit 5H,42389353720000,Apache Corporation,Reeves,Texas,31.007809,-103.732087,,,,FracFocus
Blue Jay Unit P101H,42301328020100,Apache Corporation,Loving,Texas,31.736489,-103.663366,,,,FracFocus
CC 4045 W 1HM,42461403970000,Apache Corporation,Upton,Texas,31.556807,-101.975179,,,,FracFocus
Blue Jay Unit P102H,42301328030000,Apache Corporation,Loving,Texas,31.736435,-103.663293,,,,FracFocus
Connell 48 West 1HM,42461403750000,Apache Corporation,Upton,Texas,31.555605,-101.917074,,,,FracFocus
TXL North Unit 670,42135349040000,Apache Corporation,Ector,Texas,31.889784,-102.711587,,,,FracFocus
Alta 3H,42389354080000,Apache Corporation,Reeves,Texas,31.012247,-103.756174,,,,FracFocus
Connell 48 West 2HM,42461403760000,Apache Corporation,Upton,Texas,31.5555,-101.9172,,,,FracFocus
Redwood 4H,42389352790000,Apache Corporation,Reeves,Texas,31.26885,-103.97737,,,,FracFocus
Connell 48 West 3HM,42461403770000,Apache Corporation,Upton,Texas,31.5555,-101.9173,,,,FracFocus
Bivins East 9802H,42375318640000,Apache Corporation,Potter,Texas,35.488291,-102.085794,,,,FracFocus
Spruce State 1H,42389352750000,Apache Corporation,Reeves,Texas,31.268856,-103.971339,,,,FracFocus
Connell 48 West 5HM,42461403780000,Apache Corporation,Upton,Texas,31.5547,-101.9207,,,,FracFocus
Redwood 2H,42389352760000,Apache Corporation,Reeves,Texas,31.268848,-103.977118,,,,FracFocus
GCDU #188,42135357950000,Apache Corporation,Ector,Texas,31.985585,-102.688846,,,,FracFocus
GCDU #183,42135341760000,Apache Corporation,Ector,Texas,31.989645,-102.69063,,,,FracFocus
Connell 48 West 6HM,42461403810000,Apache Corporation,Upton,Texas,31.5547,-101.9208,,,,FracFocus
Black Hawk State 7H,42389355080000,Apache Corporation,Reeves,Texas,31.15135,-103.77826,,,,FracFocus
Weissmies 7H,42389355420000,Apache Corporation,Reeves,Texas,31.009012,-103.737754,,,,FracFocus
Connell 48 West 4HM,42461403790000,Apache Corporation,Upton,Texas,31.5547,-101.9205,,,,FracFocus
Mitchell 57 #1,42227374290000,Apache Corporation,Howard,Texas,32.394312,-101.350191,,,,FracFocus
King Hidalgo 5H,42371394160000,Apache Corporation,Pecos,Texas,30.784393,-103.467118,,,,FracFocus
Stone 5202D 6H,42461404800000,Apache Corporation,Upton,Texas,31.1851,-102.9066,,,,FracFocus
Black Hawk State 5H,42389355240000,Apache Corporation,Reeves,Texas,31.151355,-103.790179,,,,FracFocus
Shackelton 31 8HU,42173375010000,Apache Corporation,Glasscock,Texas,31.8674,-101.6776,,,,FracFocus
King Hidalgo 3H,42371394020000,Apache Corporation,Pecos,Texas,30.7844,-103.4672,,,,FracFocus
Stone 5202B 5H,42461404520000,Apache Corporation,Upton,Texas,31.1829,-101.9034,,,,FracFocus
Goldsmith Cummins Deep Unit 193,42135357900000,Apache Corporation,Ector,Texas,31.98026,-102.696513,,,,FracFocus
TXL South Unit 5806,42135371880000,Apache Corporation,Ector,Texas,31.81728,-102.69719,,,,FracFocus
Mont Blanc 5H,42389355020000,Apache Corporation,Reeves,Texas,31.214161,-103.891807,,,,FracFocus
Adair San Andres Unit 905W,42445000430000,Apache Corporation,Terry,Texas,32.962437,-102.295143,,,,FracFocus
GCDU 194,42135363910000,Apache Corporation,Ector,Texas,31.976994,-102.694871,,,,FracFocus
"Schrock, W.M. 34 Deep 20H",42329413200000,Apache Corporation,Midland,Texas,31.717387,-101.793882,,,,FracFocus
"Schrock, W.M. 34 Deep 13H",42329410680000,Apache Corporation,Midland,Texas,31.7197,-101.7819,,,,FracFocus
Chinook 101AH,42389353240000,Apache Corporation,Reeves,Texas,31.168514,-103.790589,,,,FracFocus
"Schrock, W.M. 34 Deep 21H",42329413220000,Apache Corporation,Midland,Texas,31.7172,-101.7938,,,,FracFocus
Goldsmith Cummins Deep Unit 182,42135341750000,Apache Corporation,Ector,Texas,31.99117,-102.699927,,,,FracFocus
"Schrock, W.M. 34 Deep 15H",42329410710000,Apache Corporation,Midland,Texas,31.719682,-101.782222,,,,FracFocus
TXL South Unit 5607,42135401200000,Apache Corporation,Ector,Texas,31.820916,-102.696215,,,,FracFocus
"Schrock, W.M. 34 Deep 16H",42329410720000,Apache Corporation,Midland,Texas,31.719109,-101.785568,,,,FracFocus
Redwood 3H,42389352770000,Apache Corporation,Reeves,Texas,31.26885,-103.977472,,,,FracFocus
Goldsmith Cummins Deep Unit 185,42135341780000,Apache Corporation,Ector,Texas,31.987659,-102.698889,,,,FracFocus
"Schrock, W.M. 34 Deep 14H",42329410700000,Apache Corporation,Midland,Texas,31.719714,-101.782082,,,,FracFocus
Dakota 101CH,42389353250000,Apache Corporation,Reeves,Texas,31.18279,-103.814077,,,,FracFocus
"Schrock, W.M. 34 Deep 18H",42329410770000,Apache Corporation,Midland,Texas,31.71887,-101.785493,,,,FracFocus
GCDU #377,42135387230000,Apache Corporation,Ector,Texas,31.992775,-102.688313,,,,FracFocus
"Schrock, W.M. 34 Deep 19H",42329413190000,Apache Corporation,Midland,Texas,31.718158,-101.789673,,,,FracFocus
GCDU #205,42135364370000,Apache Corporation,Ector,Texas,31.979069,-102.682317,,,,FracFocus
Dakota 102AH,42389356400000,Apache Corporation,Reeves,Texas,31.182725,-103.819447,,,,FracFocus
RS Windham #8,42461341610000,Apache Corporation,Upton,Texas,31.411378,-102.165284,,,,FracFocus
"Schrock, W.M. 34 Deep 17H",42329410730000,Apache Corporation,Midland,Texas,31.718989,-101.78553,,,,FracFocus
Magpie Unit P105H,42301327800000,Apache Corporation,Loving,Texas,31.754392,-103.595428,,,,FracFocus
Magpie Unit P107H,42301327810000,Apache Corporation,Loving,Texas,31.754338,-103.595355,,,,FracFocus
Cheyenne 202AH,42389356450000,Apache Corporation,Reeves,Texas,31.052925,-103.74242,,,,FracFocus
CC 4144 A 4HM,42461404680000,Apache Corporation,Upton,Texas,31.548496,-101.97875,,,,FracFocus
Connell 47 6HM,42461404780000,Apache Corporation,Upton,Texas,31.550732,-101.933892,,,,FracFocus
Brahaney 138,42501342690000,Apache Corporation,Yoakum,Texas,33.149964,-102.891421,,,,FracFocus
Brahaney 148,42501343450000,Apache Corporation,Yoakum,Texas,33.173831,-102.901786,,,,FracFocus
Connell 47 5HM,42461404770000,Apache Corporation,Upton,Texas,31.550701,-101.934032,,,,FracFocus
Goldsmith Cummins Deep Unit 199,42135367790000,Apache Corporation,Ector,Texas,31.975207,-102.685515,,,,FracFocus
Cypress State 402BH,42389357780000,Apache Corporation,Reeves,Texas,31.29671,-103.9789,,,,FracFocus
Magpie Unit 109H,42301327990000,Apache Corporation,Loving,Texas,31.750846,-103.590651,,,,FracFocus
Magpie Unit P112H,42301331280000,Apache Corporation,Loving,Texas,31.750901,-103.590724,,,,FracFocus
CC 4144 A 3HM,42461404670000,Apache Corporation,Upton,Texas,31.548529,-101.97861,,,,FracFocus
Goldsmith-Cummins Deep Unit 198,42135367920000,Apache Corporation,Ector,Texas,31.974152,-102.690014,,,,FracFocus
Connell 47 4HM,42461404760000,Apache Corporation,Upton,Texas,31.550668,-101.934171,,,,FracFocus
Magpie Unit P101H,42301332390000,Apache Corporation,Loving,Texas,31.756566,-103.598107,,,,FracFocus
Calverly JB 2932 1H,42173375280000,Apache Corporation,Glasscock,Texas,31.763944,-101.732281,,,,FracFocus
Cypress State 101CH,42389353980000,Apache Corporation,Reeves,Texas,31.296776,-103.981541,,,,FracFocus
Connell 47 2HM,42461404630000,Apache Corporation,Upton,Texas,31.550274,-101.935882,,,,FracFocus
Adair San Andres Unit 1511,42165304750000,Apache Corporation,Gaines,Texas,32.947137,-102.28191,,,,FracFocus
Sycamore Unit 401AH,42389357730000,Apache Corporation,Reeves,Texas,31.255201,-103.907314,,,,FracFocus
Goldsmith Cummins Deep Unit 197,42135363980000,Apache Corporation,Ector,Texas,31.97315,-102.694284,,,,FracFocus
Goldsmith Cummins Deep Unit 332,42135384210000,Apache Corporation,Ector,Texas,31.989297,-102.686542,,,,FracFocus
Connell 47 1HM,42461403070000,Apache Corporation,Upton,Texas,31.550242,-101.936022,,,,FracFocus
CC 43 West A 1HM,42461404690000,Apache Corporation,Upton,Texas,31.535249,-102.003515,,,,FracFocus
CC 43 West B 2HM,42461404700000,Apache Corporation,Upton,Texas,31.535281,-102.003376,,,,FracFocus
Cypress State 102AH,42389353990000,Apache Corporation,Reeves,Texas,31.296775,-103.981637,,,,FracFocus
Connell 47 3HM,42461401790000,Apache Corporation,Upton,Texas,31.550307,-101.935743,,,,FracFocus
Mont Blanc 102AH,42389357740000,Apache Corporation,Reeves,Texas,31.214237,-103.887299,,,,FracFocus
Pelican Unit 104H,42301330350000,Apache Corporation,Loving,Texas,31.724952,-103.633042,,,,FracFocus
Mont Blanc 202AH,42389357750000,Apache Corporation,Reeves,Texas,31.214237,-103.887203,,,,FracFocus
June Tippett 1213 HZ 5HM,42329414150000,Apache Corporation,Midland,Texas,31.705284,-102.179587,,,,FracFocus
Mont Blanc 203CH,42389357770000,Apache Corporation,Reeves,Texas,31.214236,-103.885075,,,,FracFocus
Pelican Unit 108HR,42301333170000,Apache Corporation,Loving,Texas,31.723553,-103.630923,,,,FracFocus
Hullabaloo #2H,42041320120000,Apache Corporation,Brazos,Texas,30.558862,-96.418835,,,,FracFocus
June Tippett 1213 HZ 7H,42329414170000,Apache Corporation,Midland,Texas,31.70572,-102.177173,,,,FracFocus
June Tippett 1213 HZ 6HS,42329414160000,Apache Corporation,Midland,Texas,31.70524,-102.179452,,,,FracFocus
June Tippett 1213 HZ 2HS,42329414120000,Apache Corporation,Midland,Texas,31.70436,-102.182367,,,,FracFocus
June Tippett 1213 HZ 3HM,42329414130000,Apache Corporation,Midland,Texas,31.704394,-102.182228,,,,FracFocus
June Tippett 1213 HZ 4HS,42329414140000,Apache Corporation,Midland,Texas,31.704429,-102.182089,,,,FracFocus
Mont Blanc 103CH,42389357760000,Apache Corporation,Reeves,Texas,31.214236,-103.885171,,,,FracFocus
State Bullseye 101AH,42389357590200,Apache Corporation,Reeves,Texas,30.95834,-103.624978,,,,FracFocus
June Tippett 1213 HZ 8HS,42329414180000,Apache Corporation,Midland,Texas,31.705319,-102.179711,,,,FracFocus
Lynch A HZ 23HS,42329414510000,Apache Corporation,Midland,Texas,31.730896,-102.168923,,,,FracFocus
Lynch A HZ 21HS,42329414490000,Apache Corporation,Midland,Texas,31.730843,-102.16914,,,,FracFocus
Lynch A HZ 22HS,42329414500000,Apache Corporation,Midland,Texas,31.730896,-102.169031,,,,FracFocus
Cypress State 501AH,42389359650000,Apache Corporation,Reeves,Texas,31.296715,-103.975153,,,,FracFocus
"Lynch, June T. 37 #2",42329339100000,Apache Corporation,Midland,Texas,31.737492,-102.1892,,,,FracFocus
Lynch A HZ 18HS,42329414480000,Apache Corporation,Midland,Texas,31.729017,-102.172744,,,,FracFocus
Lynch A HZ 19HS,42329414520000,Apache Corporation,Midland,Texas,31.729044,-102.172636,,,,FracFocus
Lynch A HZ 20HS,42329414530000,Apache Corporation,Midland,Texas,31.72907,-102.172528,,,,FracFocus
Mt. Hunter 101AH,42389357480000,Apache Corporation,Reeves,Texas,31.052246,-103.751569,,,,FracFocus
Cypress State 401AH,42389359670000,Apache Corporation,Reeves,Texas,31.296715,-103.975057,,,,FracFocus
Mt. Hunter 102CH,42389357500000,Apache Corporation,Reeves,Texas,31.052261,-103.751663,,,,FracFocus
Huckleberry 101CH,42389354000000,Apache Corporation,Reeves,Texas,31.298073,-103.921102,,,,FracFocus
Pelican Unit 109H,42301331850000,Apache Corporation,Loving,Texas,31.723472,-103.630793,,,,FracFocus
Chinook 102BH,42389360550000,Apache Corporation,Reeves,Texas,31.168431,-103.79061,,,,FracFocus
Seth Campbell 107,42495337830000,Apache Corporation,Winkler,Texas,31.8662,-103.0747,,,,FracFocus
Seth Campbell 108,42495337840000,Apache Corporation,Winkler,Texas,31.8594,-103.0397,,,,FracFocus
Seth Campbell 109,42495337940000,Apache Corporation,Winkler,Texas,31.873,-103.052,,,,FracFocus
June Tippett 95H,42329415290000,Apache Corporation,Midland,Texas,31.707177,-102.168633,,,,FracFocus
Blackfoot State Unit 101CH,42389358650000,Apache Corporation,Reeves,Texas,31.215417,-103.902818,,,,FracFocus
CC 4045 West D 6HM,42461405050000,Apache Corporation,Upton,Texas,31.558438,-101.96896,,,,FracFocus
CC 4045 East E 7HM,42461405060000,Apache Corporation,Upton,Texas,31.55847,-101.96882,,,,FracFocus
Seagull Unit 107H,42301331090000,Apache Corporation,Loving,Texas,31.732715,-103.622608,,,,FracFocus
King Flicka 101AH,42371395060000,Apache Corporation,Pecos,Texas,30.772879,-103.496252,,,,FracFocus
CC 4045 West D 5HM,42461405040000,Apache Corporation,Upton,Texas,31.558406,-101.969099,,,,FracFocus
CC 4045 West B 2HM,42461404960000,Apache Corporation,Upton,Texas,31.557603,-101.972587,,,,FracFocus
CC 4045 West B 3HM,42461404970000,Apache Corporation,Upton,Texas,31.557571,-101.972761,,,,FracFocus
CC 4045 West C 4HM,42461405030000,Apache Corporation,Upton,Texas,31.557603,-101.972587,,,,FracFocus
Aspen State 101AH,42389358050000,Apache Corporation,Reeves,Texas,31.262394,-104.024856,,,,FracFocus
CC 4144 East B 5HM,42461405200000,Apache Corporation,Upton,Texas,31.547957,-101.980917,,,,FracFocus
Adair San Andres Unit 1310,42165385380000,Apache Corporation,Gaines,Texas,32.950024,-102.298279,,,,FracFocus
Seagull Unit 101H,42301331070000,Apache Corporation,Loving,Texas,31.732918,-103.622871,,,,FracFocus
Lee 402BH,42389359920000,Apache Corporation,Reeves,Texas,31.664321,-103.872268,,,,FracFocus
Butaud E 1H,42185307290000,Apache Corporation,Grimes,Texas,30.64611,-96.01006,,,,FracFocus
King Flicka 102CH,42371395050000,Apache Corporation,Pecos,Texas,30.772869,-103.496346,,,,FracFocus
Lee 401AH,42389359910000,Apache Corporation,Reeves,Texas,31.66432,-103.872362,,,,FracFocus
Adair San Andres Unit 1407,42165385400000,Apache Corporation,Gaines,Texas,32.94632,-102.296455,,,,FracFocus
Mockingbird State Unit 9 S201H,42301323610000,Apache Corporation,Loving,Texas,31.749595,-103.615377,,,,FracFocus
Anderson 26 #14,42173361590000,Apache Corporation,Glasscock,Texas,31.918989,-101.520145,,,,FracFocus
Mockingbird State Unit 9 2H,42301334940000,Apache Corporation,Loving,Texas,31.751544,-103.615235,,,,FracFocus
CC 4144 East B 6HM,42461405210000,Apache Corporation,Upton,Texas,31.548076,-101.980954,,,,FracFocus
Bull Run 401AH,42389359890000,Apache Corporation,Reeves,Texas,31.663604,-103.876797,,,,FracFocus
Adair San Andres Unit 1406,42165385390000,Apache Corporation,Gaines,Texas,32.946541,-102.300446,,,,FracFocus
Adair San Andres Unit 2318,42165385430000,Apache Corporation,Gaines,Texas,32.943718,-102.298607,,,,FracFocus
CC 4144 West C 7HM,42461405290000,Apache Corporation,Upton,Texas,31.548196,-101.980992,,,,FracFocus
CC 4144 West E 11HM,42461405340000,Apache Corporation,Upton,Texas,31.546289,-101.988702,,,,FracFocus
CC 4144 West E 12HM,42461405350000,Apache Corporation,Upton,Texas,31.546256,-101.988841,,,,FracFocus
CC 4144 West D 10HM,42461405330000,Apache Corporation,Upton,Texas,31.546576,-101.985743,,,,FracFocus
CC 4144 West C 8HM,42461405310000,Apache Corporation,Upton,Texas,31.546532,-101.985459,,,,FracFocus
CC 4144 West D 9HM,42461405320000,Apache Corporation,Upton,Texas,31.546554,-101.985601,,,,FracFocus
Mockingbird State Unit 9 S202H,42301323620000,Apache Corporation,Loving,Texas,31.749704,-103.615522,,,,FracFocus
Mockingbird State Unit 9 P207H,42301327630000,Apache Corporation,Loving,Texas,31.74965,-103.61545,,,,FracFocus
Bull Run 501CH,42389359900000,Apache Corporation,Reeves,Texas,31.663604,-103.876701,,,,FracFocus
Mockingbird State Unit 9 250H,42301333070000,Apache Corporation,Loving,Texas,31.750281,-103.611528,,,,FracFocus
Magpie Unit 106H,42301334350000,Apache Corporation,Loving,Texas,31.754662,-103.596073,,,,FracFocus
Magpie Unit 108H,42301334450000,Apache Corporation,Loving,Texas,31.75448,-103.595541,,,,FracFocus
Pine State 101CH,42389358070000,Apache Corporation,Reeves,Texas,31.277989,-104.02231,,,,FracFocus
Falcon State Unit 2H,42301334950000,Apache Corporation,Loving,Texas,31.756599,-103.634384,,,,FracFocus
Magpie Unit 114H,42301334040000,Apache Corporation,Loving,Texas,31.74988,-103.58921,,,,FracFocus
Juniper State 101AH,42389360210000,Apache Corporation,Reeves,Texas,31.277989,-104.075509,,,,FracFocus
Oak State Unit 101AH,42389358670000,Apache Corporation,Reeves,Texas,31.267595,-103.988606,,,,FracFocus
Birch Unit 101BH,42389360840000,Apache Corporation,Reeves,Texas,31.272003,-103.831032,,,,FracFocus
Elbert State Unit 102AH,42389362150000,Apache Corporation,Reeves,Texas,31.055205,-103.764762,,,,FracFocus
Miller 3748 C 4HM,42461406340000,Apache Corporation,Upton,Texas,31.570825,-101.916421,,,,FracFocus
Miller 3748 C 5HM,42461406350000,Apache Corporation,Upton,Texas,31.570774,-101.916553,,,,FracFocus
Miller 3748 D 6HM,42461406360000,Apache Corporation,Upton,Texas,31.570723,-101.916685,,,,FracFocus
Miller 3748 B 3HM,42461406330000,Apache Corporation,Upton,Texas,31.571704,-101.912968,,,,FracFocus
Dogwood State 109AH,42389355170000,Apache Corporation,Reeves,Texas,31.262394,-103.992663,,,,FracFocus
"Schrock, W.M. 2326 13HL",42329415980000,Apache Corporation,Midland,Texas,31.759139,-101.786536,,,,FracFocus
"Schrock, W.M. 2326 12HA",42329416070000,Apache Corporation,Midland,Texas,31.759119,-101.78663,,,,FracFocus
Grant 401AH,42389362180000,Apache Corporation,Reeves,Texas,31.665984,-103.841628,,,,FracFocus
Grant 402BH,42389362190000,Apache Corporation,Reeves,Texas,31.665984,-103.84182,,,,FracFocus
Miller 3748 A 1HM,42461406310000,Apache Corporation,Upton,Texas,31.571805,-101.912705,,,,FracFocus
Miller 3748 B 2HM,42461406320000,Apache Corporation,Upton,Texas,31.571755,-101.912836,,,,FracFocus
Elbert State Unit 101AH,42389352970000,Apache Corporation,Reeves,Texas,31.055222,-103.764855,,,,FracFocus
Sagebrush State 901,42109331850000,Apache Corporation,Culberson,Texas,31.301466,-104.094018,,,,FracFocus
Dogwood State 107AH,42389355160000,Apache Corporation,Reeves,Texas,31.262394,-103.992855,,,,FracFocus
Bivins LIT 4-7,42359304140000,Apache Corporation,Oldham,Texas,35.557315,-102.26694,,,,FracFocus
Grant 403AH,42389363480000,Apache Corporation,Reeves,Texas,31.665986,-103.844295,,,,FracFocus
Sycamore Unit 501AH,42389359880000,Apache Corporation,Reeves,Texas,31.257449,-103.911172,,,,FracFocus
Redbud Unit 101AH,42109331480000,Apache Corporation,Culberson,Texas,31.309905,-104.089313,,,,FracFocus
Schrock W.M. 2326 8HM,42329415940000,Apache Corporation,Midland,Texas,31.758266,-101.789208,,,,FracFocus
Schrock W.M. 2326 7HL,42329415930000,Apache Corporation,Midland,Texas,31.758246,-101.789301,,,,FracFocus
Fury 102AH,42389358720100,Apache Corporation,Reeves,Texas,30.971036,-103.613297,,,,FracFocus
Schrock W.M. 2326 9HA,42329415950000,Apache Corporation,Midland,Texas,31.759057,-101.78691,,,,FracFocus
Schrock W.M. 2326 10HL,42329415960000,Apache Corporation,Midland,Texas,31.759078,-101.786816,,,,FracFocus
Schrock W.M. 2326 11HM,42329415970000,Apache Corporation,Midland,Texas,31.795097,-101.786723,,,,FracFocus
Ash Unit 101AH,42389362340000,Apache Corporation,Reeves,Texas,31.276354,-103.812492,,,,FracFocus
Dogwood State 203AH,42389355180000,Apache Corporation,Reeves,Texas,31.262394,-103.995828,,,,FracFocus
Dogwood State 202AH,42389355360000,Apache Corporation,Reeves,Texas,31.262394,-103.99602,,,,FracFocus
Dogwood State 401CH,42389364720000,Apache Corporation,Reeves,Texas,31.262401,-104.001096,,,,FracFocus
Dogwood State 105AH,42389355150000,Apache Corporation,Reeves,Texas,31.262394,-103.995924,,,,FracFocus
Kickapoo 101AH,42389365560000,Apache Corporation,Reeves,Texas,31.18445,-103.795128,,,,FracFocus
Dogwood State 201AH,42389355370000,Apache Corporation,Reeves,Texas,31.262394,-103.992759,,,,FracFocus
Schrock W.M. 2326 4HM,42329415870000,Apache Corporation,Midland,Texas,31.758184,-101.789582,,,,FracFocus
Schrock W.M. 2326 5HX,42329415880000,Apache Corporation,Midland,Texas,31.75816,-101.789488,,,,FracFocus
Schrock W.M. 2326 6HA,42329415890000,Apache Corporation,Midland,Texas,31.758225,-101.789395,,,,FracFocus
Chinook 201AR,42389363730000,Apache Corporation,Reeves,Texas,31.168525,-103.786534,,,,FracFocus
Seth Campbell #105,42495339820000,Apache Corporation,Winkler,Texas,31.8726,-103.0769,,,,FracFocus
Mohican Unit 102AH,42389363370000,Apache Corporation,Reeves,Texas,31.212815,-103.924682,,,,FracFocus
Mohican Unit 101AH,42389362560000,Apache Corporation,Reeves,Texas,31.212754,-103.924619,,,,FracFocus
Bivins East 43 1H,42375318790000,Apache Corporation,Potter,Texas,35.473962,-102.032075,,,,FracFocus
Stone 5202E 7H,42461406740000,Apache Corporation,Upton,Texas,31.183592,-101.901531,,,,FracFocus
SRH North 1526HU,42383400530000,Apache Corporation,Reagan,Texas,31.483564,-101.491005,,,,FracFocus
SRH North 1527HA,42383400520000,Apache Corporation,Reagan,Texas,31.483482,-101.491005,,,,FracFocus
Chinook 104AH,42389361840000,Apache Corporation,Reeves,Texas,31.168525,-103.786726,,,,FracFocus
Chinook 105AH,42389361850000,Apache Corporation,Reeves,Texas,31.168525,-103.78663,,,,FracFocus
Bivins LIT 62 1H,42359304150000,Apache Corporation,Oldham,Texas,35.55066,-102.17984,,,,FracFocus
Navajo 101AH,42389364730000,Apache Corporation,Reeves,Texas,31.232253,-103.724283,,,,FracFocus
Chinook 106AH,42389363090000,Apache Corporation,Reeves,Texas,31.168349,-103.79061,,,,FracFocus
Burnside 401AH,42389363200000,Apache Corporation,Reeves,Texas,31.66581,-103.889924,,,,FracFocus
Burnside 402BH,42389363700000,Apache Corporation,Reeves,Texas,31.66581,-103.889828,,,,FracFocus
Bull Run 402BH,42389363610000,Apache Corporation,Reeves,Texas,31.664285,-103.881144,,,,FracFocus
Bull Run 404BH,42389363620000,Apache Corporation,Reeves,Texas,31.664285,-103.881337,,,,FracFocus
Bull Run 403AH,42389363630000,Apache Corporation,Reeves,Texas,31.664285,-103.881241,,,,FracFocus
Lynch A HZ 37HM,42329419250000,Apache Corporation,Midland,Texas,31.708046,-102.153276,,,,FracFocus
Lynch A HZ 39HS,42329419260000,Apache Corporation,Midland,Texas,31.707996,-102.153352,,,,FracFocus
Lynch A HZ 38HS,42329419270000,Apache Corporation,Midland,Texas,31.708046,-102.153276,,,,FracFocus
Lynch A HZ 30HM,42329419180000,Apache Corporation,Midland,Texas,31.704284,-102.164295,,,,FracFocus
Lynch A HZ 31HM,42329419190000,Apache Corporation,Midland,Texas,31.704307,-102.164203,,,,FracFocus
Lynch A HZ 32HM,42329419200000,Apache Corporation,Midland,Texas,31.704307,-102.16411,,,,FracFocus
Bull Run 407AH,42389363660000,Apache Corporation,Reeves,Texas,31.663622,-103.885593,,,,FracFocus
Bull Run 408BH,42389363670000,Apache Corporation,Reeves,Texas,31.663622,-103.885689,,,,FracFocus
Bull Run 405AH,42389363640000,Apache Corporation,Reeves,Texas,31.66363,-103.882686,,,,FracFocus
Bull Run 406BH,42389363650000,Apache Corporation,Reeves,Texas,31.663629,-103.882782,,,,FracFocus
Brahaney Unit 124,42501341270000,Apache Corporation,Yoakum,Texas,33.14406,-102.87211,,,,FracFocus
CC 42 B 4HM,42461405370000,Apache Corporation,Upton,Texas,31.535243,-101.992445,,,,FracFocus
CC 42 A 3HM,42461405380000,Apache Corporation,Upton,Texas,31.535211,-101.992584,,,,FracFocus
Mesquite State Unit 102BH,42109330940000,Apache Corporation,Culberson,Texas,31.308514,-104.09426,,,,FracFocus
Mesquite State Unit 101AH,42109330950000,Apache Corporation,Culberson,Texas,31.308515,-104.094163,,,,FracFocus
Birch Unit 102AH,42389365540000,Apache Corporation,Reeves,Texas,31.272012,-103.834163,,,,FracFocus
Lynch A HZ 33HM,42329419210000,Apache Corporation,Midland,Texas,31.707471,-102.158939,,,,FracFocus
CC 43 East G 11HM,42461406510000,Apache Corporation,Upton,Texas,31.522623,-101.987714,,,,FracFocus
CC 43 East H 12HM,42461406520000,Apache Corporation,Upton,Texas,31.523273,-101.985223,,,,FracFocus
Lynch A HZ 34HM,42329419220000,Apache Corporation,Midland,Texas,31.707494,-102.158846,,,,FracFocus
Lynch A HZ 36HM,42329419240000,Apache Corporation,Midland,Texas,31.707539,-102.15866,,,,FracFocus
Birch Unit 103BH,42389365550000,Apache Corporation,Reeves,Texas,31.272012,-103.834259,,,,FracFocus
Lynch A HZ 35HM,42329419230000,Apache Corporation,Midland,Texas,31.707516,-102.158753,,,,FracFocus
Blue Racer 701D,42389367320000,Apache Corporation,Reeves,Texas,31.168258,-103.79061,,,,FracFocus
Cedar State Unit 101AR,42389361750000,Apache Corporation,Reeves,Texas,31.292441,-104.041854,,,,FracFocus
Bivins East 1011H,42375318760000,Apache Corporation,Potter,Texas,35.516246,-102.109476,,,,FracFocus
Grant 409AH,42389367330000,Apache Corporation,Reeves,Texas,31.665992,-103.852244,,,,FracFocus
Grant 410BH,42389367340000,Apache Corporation,Reeves,Texas,31.665992,-103.85234,,,,FracFocus
Miller 37 West B 2HM,42461407420000,Apache Corporation,Upton,Texas,31.569405,-101.923972,,,,FracFocus
Miller 37 West C 3HM,42461407430000,Apache Corporation,Upton,Texas,31.569383,-101.924065,,,,FracFocus
Miller 37 West A 1HM,42461407410000,Apache Corporation,Upton,Texas,31.569426,-101.923879,,,,FracFocus
Adair San Andres Unit 1203R,42165346920000,Apache Corporation,Gaines,Texas,32.953951,-102.283417,,,,FracFocus
Grant 406BH,42389365290000,Apache Corporation,Reeves,Texas,31.665989,-103.846867,,,,FracFocus
Grant 404BR,42389366740000,Apache Corporation,Reeves,Texas,31.665988,-103.846674,,,,FracFocus
Cedar State Unit 102BH,42389363750000,Apache Corporation,Reeves,Texas,31.292441,-104.044863,,,,FracFocus
Cedar State Unit 103AH,42389363760000,Apache Corporation,Reeves,Texas,31.292441,-104.044961,,,,FracFocus
Cedar State Unit 104BH,42389363790000,Apache Corporation,Reeves,Texas,31.29244,-104.045058,,,,FracFocus
Adair San Andres Unit 2302,42165002190000,Apache Corporation,Gaines,Texas,32.939548,-102.296425,,,,FracFocus
Grant 408BH,42389365310000,Apache Corporation,Reeves,Texas,31.66599,-103.849576,,,,FracFocus
CC 4045 East F 8HM,42461406660000,Apache Corporation,Upton,Texas,31.55874,-101.966337,,,,FracFocus
Grant 407AH,42389365300000,Apache Corporation,Reeves,Texas,31.66599,-103.849948,,,,FracFocus
Lee 406BH,42389366590000,Apache Corporation,Reeves,Texas,31.66434,-103.868026,,,,FracFocus
Lee 405AH,42389366580000,Apache Corporation,Reeves,Texas,31.664341,-103.867929,,,,FracFocus
Palm Unit 101AH,42389361770000,Apache Corporation,Reeves,Texas,31.276366,-103.82848,,,,FracFocus
Palm Unit 102BH,42389366600000,Apache Corporation,Reeves,Texas,31.276366,-103.828383,,,,FracFocus
Palm Unit 103AH,42389367310000,Apache Corporation,Reeves,Texas,31.276366,-103.828288,,,,FracFocus
Adair San Andres Unit 1204,42165002980000,Apache Corporation,Gaines,Texas,32.957606,-102.287836,,,,FracFocus
Lee 403AH,42389366560000,Apache Corporation,Reeves,Texas,31.664332,-103.869858,,,,FracFocus
Lee 404BH,42389366570000,Apache Corporation,Reeves,Texas,31.664332,-103.869761,,,,FracFocus
CC 4045 East G 10HM,42461407030000,Apache Corporation,Upton,Texas,31.559232,-101.963283,,,,FracFocus
CC 4045 East H 12HM,42461407040000,Apache Corporation,Upton,Texas,31.559254,-101.963189,,,,FracFocus
Adair San Andres Unit 2309,42165002250000,Apache Corporation,Gaines,Texas,32.936092,-102.300718,,,,FracFocus
Grant 405AH,42389365230000,Apache Corporation,Reeves,Texas,31.665988,-103.84677,,,,FracFocus
Ash Unit 102BH,42389366690000,Apache Corporation,Reeves,Texas,31.276465,-103.812587,,,,FracFocus
Blackfoot State Unit 102AH,42389364200000,Apache Corporation,Reeves,Texas,31.215417,-103.917914,,,,FracFocus
Blackfoot State Unit 103BH,42389364220000,Apache Corporation,Reeves,Texas,31.215416,-103.917722,,,,FracFocus
Latzel 3946 E 5HM,42461407510000,Apache Corporation,Upton,Texas,31.560831,-101.956324,,,,FracFocus
Latzel 3946 F 6HM,42461407520000,Apache Corporation,Upton,Texas,31.560809,-101.956417,,,,FracFocus
Latzel 3946 A 1HM,42461407440000,Apache Corporation,Upton,Texas,31.563393,-101.945283,,,,FracFocus
Latzel 3946 B 2HM,42461407450000,Apache Corporation,Upton,Texas,31.563296,-101.945372,,,,FracFocus
Blackfoot State Unit 110CH,42389364230000,Apache Corporation,Reeves,Texas,31.215416,-103.917626,,,,FracFocus
Blackfoot State Unit 113BH,42389364480000,Apache Corporation,Reeves,Texas,31.215417,-103.914683,,,,FracFocus
Blackfoot State Unit 116BH,42389364520000,Apache Corporation,Reeves,Texas,31.215417,-103.914394,,,,FracFocus
Blackfoot State Unit 117CH,42389364500000,Apache Corporation,Reeves,Texas,31.215416,-103.914587,,,,FracFocus
Blackfoot State Unit 108CH,42389364210000,Apache Corporation,Reeves,Texas,31.215417,-103.917818,,,,FracFocus
Fox State Unit 102AH,42389367620000,Apache Corporation,Reeves,Texas,31.120745,-103.77312,,,,FracFocus
Fox State Unit 201AH,42389367630000,Apache Corporation,Reeves,Texas,31.120745,-103.773023,,,,FracFocus
Fox State Unit 104AH,42389367640000,Apache Corporation,Reeves,Texas,31.120746,-103.772927,,,,FracFocus
Blackfoot State Unit 114CH,42389364550000,Apache Corporation,Reeves,Texas,31.215417,-103.916219,,,,FracFocus
Blackfoot State Unit 106AH,42389364560000,Apache Corporation,Reeves,Texas,31.215417,-103.916123,,,,FracFocus
Blackfoot State Unit 115AH,42389364510000,Apache Corporation,Reeves,Texas,31.215417,-103.914491,,,,FracFocus
Latzel 3946 D 4HM,42461407500000,Apache Corporation,Upton,Texas,31.561882,-101.951814,,,,FracFocus
Latzel 3946 C 3HM,42461407490000,Apache Corporation,Upton,Texas,31.561904,-101.951721,,,,FracFocus
Blackfoot State Unit 111BH,42389364540000,Apache Corporation,Reeves,Texas,31.215417,-103.916314,,,,FracFocus
Blackfoot State Unit 109AH,42389364530000,Apache Corporation,Reeves,Texas,31.215417,-103.91641,,,,FracFocus
Mohican Unit 201AH,42389367720000,Apache Corporation,Reeves,Texas,31.212877,-103.924746,,,,FracFocus
Chinook 107PT,42389370020000,Apache Corporation,Reeves,Texas,31.168159,-103.790653,,,,FracFocus
Spruce State 101AH,42389357330000,Apache Corporation,Reeves,Texas,31.268854,-103.971085,,,,FracFocus
Spruce State 102CH,42389357340000,Apache Corporation,Reeves,Texas,31.268854,-103.971181,,,,FracFocus
Musgrove Miller 0904 2HM,42227395000000,Apache Corporation,Howard,Texas,32.358311,-101.370278,,,,FracFocus
Mont Blanc 501AH,42389366950000,Apache Corporation,Reeves,Texas,31.214158,-103.891708,,,,FracFocus
Oak State Unit 102BH,42389369380000,Apache Corporation,Reeves,Texas,31.267595,-103.988766,,,,FracFocus
Hartgrove 0401 14HL,42383401650000,Apache Corporation,Reagan,Texas,31.40588,-101.681612,,,,FracFocus
Hartgrove 0401 2HU,42383401660000,Apache Corporation,Reagan,Texas,31.410567,-101.681705,,,,FracFocus
Burnside 405AH,42389365880000,Apache Corporation,Reeves,Texas,31.665895,-103.883592,,,,FracFocus
Kickapoo 201AH,42389369740000,Apache Corporation,Reeves,Texas,31.184574,-103.795127,,,,FracFocus
Burnside 406BH,42389365890000,Apache Corporation,Reeves,Texas,31.665895,-103.883496,,,,FracFocus
Burnside 417CH,42389369140000,Apache Corporation,Reeves,Texas,31.665896,-103.8834,,,,FracFocus
Burnside 404BH,42389365870000,Apache Corporation,Reeves,Texas,31.665889,-103.886067,,,,FracFocus
Dixieland SWD 1,42389370770000,Apache Corporation,Reeves,Texas,31.65805,-103.867767,,,,FracFocus
Burnside 403AH,42389365860000,Apache Corporation,Reeves,Texas,31.665888,-103.886164,,,,FracFocus
Burnside 416DH,42389369130000,Apache Corporation,Reeves,Texas,31.665889,-103.885971,,,,FracFocus
Hartgrove 0401 A 5HA,42383401680000,Apache Corporation,Reagan,Texas,31.392513,-101.66927,,,,FracFocus
Hartgrove 0401 A 17HM,42383401670000,Apache Corporation,Reagan,Texas,31.412069,-101.675182,,,,FracFocus
Lumbee 401AH,42389367750000,Apache Corporation,Reeves,Texas,31.10527,-103.74458,,,,FracFocus
Lumbee 201AH,42389369800000,Apache Corporation,Reeves,Texas,31.10535,-103.74458,,,,FracFocus
"Schrock, W.M. 2326 14HS",42329423270000,Apache Corporation,Midland,Texas,31.760969,-101.777963,,,,FracFocus
Ellwood A #155,42219338820000,Apache Corporation,Hockley,Texas,33.64178,-102.179114,,,,FracFocus
Elbert State Unit 103BH,42389352980000,Apache Corporation,Reeves,Texas,31.054504,-103.759247,,,,FracFocus
Elbert State Unit 105CH,42389367930000,Apache Corporation,Reeves,Texas,31.054539,-103.759434,,,,FracFocus
R. O. McClure A #10,42415326910000,Apache Corporation,Scurry,Texas,32.6041,-101.07132,,,,FracFocus
Elbert State Unit 104AH,42389367920000,Apache Corporation,Reeves,Texas,31.054522,-103.75934,,,,FracFocus
Alta 103BH,42389371210000,Apache Corporation,Reeves,Texas,31.012201,-103.755924,,,,FracFocus
Alta 101AH,42389354070000,Apache Corporation,Reeves,Texas,31.012218,-103.756018,,,,FracFocus
Adair San Andres Unit 906W,42445301020000,Apache Corporation,Terry,Texas,32.96238,-102.292215,,,,FracFocus
June Tippett 1213 HZ 11HM,42329422070000,Apache Corporation,Midland,Texas,31.70716,-102.17182,,,,FracFocus
Navajo 401AH,42389370160000,Apache Corporation,Reeves,Texas,31.232253,-103.724318,,,,FracFocus
June Tippett 1213 HZ 13HM,42329422100000,Apache Corporation,Midland,Texas,31.70716,-102.12182,,,,FracFocus
Cypress State 407AH,42389370270000,Apache Corporation,Reeves,Texas,31.296703,-103.984809,,,,FracFocus
Cypress State 503AH,42389370280000,Apache Corporation,Reeves,Texas,31.296703,-103.984617,,,,FracFocus
Cypress State 403AH,42389370210000,Apache Corporation,Reeves,Texas,31.296775,-103.981845,,,,FracFocus
Cypress State 406BH,42389370260000,Apache Corporation,Reeves,Texas,31.296703,-103.984713,,,,FracFocus
Cypress State 502AH,42389370250000,Apache Corporation,Reeves,Texas,31.296775,-103.981941,,,,FracFocus
Adair San Andres Unit 903W,42445000410000,Apache Corporation,Terry,Texas,32.962555,-102.288346,,,,FracFocus
Chinook 501CH,42389362100000,Apache Corporation,Reeves,Texas,31.168524,-103.785063,,,,FracFocus
Connell Cowden 48 9HM,42461407740000,Apache Corporation,Upton,Texas,31.534347,-102.009833,,,,FracFocus
Connell Cowden 48 10HM,42461407770000,Apache Corporation,Upton,Texas,31.534399,-102.00974,,,,FracFocus
Connell Cowden 48 11HM,42461407780000,Apache Corporation,Upton,Texas,31.534392,-102.009648,,,,FracFocus
June Tippett 1213 HZ 15HM,42329422130000,Apache Corporation,Midland,Texas,31.707517,-102.170354,,,,FracFocus
Cypress State 404BH,42389370220000,Apache Corporation,Reeves,Texas,31.296775,-103.982037,,,,FracFocus
Cypress State 405AH,42389370230000,Apache Corporation,Reeves,Texas,31.296775,-103.981845,,,,FracFocus
June Tippett 1213 HZ 24HS,42329422260000,Apache Corporation,Midland,Texas,31.70754,-102.170262,,,,FracFocus
Jackson 403AH,42389368800000,Apache Corporation,Reeves,Texas,31.66387,-103.84429,,,,FracFocus
Jackson 404BR,42389372850000,Apache Corporation,Reeves,Texas,31.663869,-103.844146,,,,FracFocus
Cypress State 408BH,42389370290000,Apache Corporation,Reeves,Texas,31.2967,-103.987341,,,,FracFocus
June Tippett 1213 HZ 22HS,42329422240000,Apache Corporation,Midland,Texas,31.707494,-102.170447,,,,FracFocus
June Tippett 1213 HZ 19HA,42329422190000,Apache Corporation,Midland,Texas,31.707472,-102.17054,,,,FracFocus
Cypress State 410BH,42389370310000,Apache Corporation,Reeves,Texas,31.296699,-103.987533,,,,FracFocus
Cypress State 409AH,42389370300000,Apache Corporation,Reeves,Texas,31.296699,-103.987437,,,,FracFocus
Jackson 401AH,42389368770000,Apache Corporation,Reeves,Texas,31.663868,-103.841767,,,,FracFocus
Jackson 402BH,42389368790000,Apache Corporation,Reeves,Texas,31.663868,-103.841864,,,,FracFocus
UL 21 YELLOWTAIL 2H,42495339520000,Apache Corporation,Winkler,Texas,31.71499,-103.235226,,,,FracFocus
Mont Blanc 112BH,42389368950000,Apache Corporation,Reeves,Texas,31.212575,-103.889944,,,,FracFocus
Mont Blanc 110AH,42389368930000,Apache Corporation,Reeves,Texas,31.212575,-103.890135,,,,FracFocus
Mont Blanc 111CH,42389368940000,Apache Corporation,Reeves,Texas,31.212575,-103.89004,,,,FracFocus
Pine State 102BH,42389368160000,Apache Corporation,Reeves,Texas,31.277989,-104.018371,,,,FracFocus
Mohican Unit 103BH,42389371790000,Apache Corporation,Reeves,Texas,31.216635,-103.929451,,,,FracFocus
Pine State 104BH,42389368130000,Apache Corporation,Reeves,Texas,31.277989,-104.01818,,,,FracFocus
Cardinal 2H,42301341180000,Apache Corporation,Loving,Texas,31.755461,-103.606777,,,,FracFocus
June Tippett 1213 HZ 18HS,42329422170000,Apache Corporation,Midland,Texas,31.707115,-102.172005,,,,FracFocus
June Tippett 1213 HZ 20HS,42329422220000,Apache Corporation,Midland,Texas,31.707137,-102.171912,,,,FracFocus
Mont Blanc 104AH,42389368970000,Apache Corporation,Reeves,Texas,31.213932,-103.898188,,,,FracFocus
Mont Blanc 106BH,42389368990000,Apache Corporation,Reeves,Texas,31.213932,-103.897997,,,,FracFocus
Mont Blanc 105CH,42389368980000,Apache Corporation,Reeves,Texas,31.213932,-103.898093,,,,FracFocus
Redwood 102BH,42389372730000,Apache Corporation,Reeves,Texas,31.268808,-103.979336,,,,FracFocus
Redwood 103BH,42389372740000,Apache Corporation,Reeves,Texas,31.268808,-103.979432,,,,FracFocus
Redwood 105BH,42389373040000,Apache Corporation,Reeves,Texas,31.282092,-103.982008,,,,FracFocus
Redwood 106BH,42389373050000,Apache Corporation,Reeves,Texas,31.282091,-103.982104,,,,FracFocus
Mont Blanc 107AH,42389368900000,Apache Corporation,Reeves,Texas,31.212506,-103.893228,,,,FracFocus
Mont Blanc 108CH,42389368910000,Apache Corporation,Reeves,Texas,31.212506,-103.893132,,,,FracFocus
Mont Blanc 109BH,42389368920000,Apache Corporation,Reeves,Texas,31.212506,-103.893036,,,,FracFocus
June Tippett 1213 HZ 10HS,42329422060000,Apache Corporation,Midland,Texas,31.706419,-102.174859,,,,FracFocus
June Tippett 1213 HZ 12HS,42329422080000,Apache Corporation,Midland,Texas,31.706442,-102.174766,,,,FracFocus
Aldwell 0544 12HU,42383403010000,Apache Corporation,Reagan,Texas,31.467776,-101.630325,,,,FracFocus
Aldwell 0544 11HA,42383403020000,Apache Corporation,Reagan,Texas,31.467798,-101.630233,,,,FracFocus
Mesquite State Unit 201BH,42109333530000,Apache Corporation,Culberson,Texas,31.30851,-104.09442,,,,FracFocus
Weatherby 3231 Unit A 1HA,42383402820000,Apache Corporation,Reagan,Texas,31.343862,-101.629361,,,,FracFocus
Iroquois State Unit 201AH,42389369780000,Apache Corporation,Reeves,Texas,31.197752,-103.883114,,,,FracFocus
Cree State Unit 101AH,42389372500000,Apache Corporation,Reeves,Texas,31.122175,-103.758256,,,,FracFocus
Iroquois State Unit 101AH,42389369750000,Apache Corporation,Reeves,Texas,31.197916,-103.883114,,,,FracFocus
June Tippett 1213 HZ 14HS,42329422110000,Apache Corporation,Midland,Texas,31.706464,-102.174673,,,,FracFocus
Longs Peak State Unit 101AH,42389373360000,Apache Corporation,Reeves,Texas,31.038462,-103.771818,,,,FracFocus
Torpedo 1048 A 2HU,42461408220000,Apache Corporation,Upton,Texas,31.363494,-101.823604,,,,FracFocus
Torpedo 1048 A 8HL,42461408210000,Apache Corporation,Upton,Texas,31.363473,-101.823697,,,,FracFocus
June Tippett 1213 HZ 16HS,42329422140000,Apache Corporation,Midland,Texas,31.706509,-102.174488,,,,FracFocus
Oak State Unit 201BH,42389373260000,Apache Corporation,Reeves,Texas,31.267544,-103.986078,,,,FracFocus
June Tippett 1213 HZ 9HM,42329422050000,Apache Corporation,Midland,Texas,31.706487,-102.17458,,,,FracFocus
Burnside 409AH,42389372090000,Apache Corporation,Reeves,Texas,31.665909,-103.878253,,,,FracFocus
Burnside 410BH,42389372100000,Apache Corporation,Reeves,Texas,31.66591,-103.878156,,,,FracFocus
Oak State Unit 202AH,42389375030000,Apache Corporation,Reeves,Texas,31.267543,-103.986222,,,,FracFocus
Seth Campbell Estate 2R,42495342320000,Apache Corporation,Winkler,Texas,31.883162,-103.075993,,,,FracFocus
Burnside 408BH,42389372080000,Apache Corporation,Reeves,Texas,31.665904,-103.880304,,,,FracFocus
Burnside 407AH,42389372070000,Apache Corporation,Reeves,Texas,31.665904,-103.8804,,,,FracFocus
University 25W R3HA,42383403250000,Apache Corporation,Reagan,Texas,31.316513,-101.598462,,,,FracFocus
Elbert State Unit 106AH,42389376370000,Apache Corporation,Reeves,Texas,31.05218,-103.757722,,,,FracFocus
Ash Unit 401AH,42389374460000,Apache Corporation,Reeves,Texas,31.276303,-103.805943,,,,FracFocus
University 25W R1HA,42383403230000,Apache Corporation,Reagan,Texas,31.316515,-101.598654,,,,FracFocus
University 25W R2HU,42383403240000,Apache Corporation,Reagan,Texas,31.316514,-101.598558,,,,FracFocus
Torpedo 1048 B 5HA,42461408240000,Apache Corporation,Upton,Texas,31.364613,-101.818844,,,,FracFocus
Torpedo 1048 B 11HM,42461408230000,Apache Corporation,Upton,Texas,31.364591,-101.818937,,,,FracFocus
Reveille 6H/ TAMU 6H,42051336430000,Apache Corporation,Burleson,Texas,30.544257,-96.429057,,,,FracFocus
University 25W R4HU,42383403260000,Apache Corporation,Reagan,Texas,31.31649,-101.595228,,,,FracFocus
University 25W R5HA,42383403270000,Apache Corporation,Reagan,Texas,31.316489,-101.595132,,,,FracFocus
University 25W R6HU,42383403280000,Apache Corporation,Reagan,Texas,31.316489,-101.595036,,,,FracFocus
Fox State Unit 109AH,42389374240000,Apache Corporation,Reeves,Texas,31.120585,-103.761026,,,,FracFocus
Fox State Unit 108AH,42389374210000,Apache Corporation,Reeves,Texas,31.120585,-103.761121,,,,FracFocus
CC 33 8HM,42461409120000,Apache Corporation,Upton,Texas,31.556728,-101.963465,,,,FracFocus
CC 33 5HM,42461409060000,Apache Corporation,Upton,Texas,31.556664,-101.963744,,,,FracFocus
CC 33 6HM,42461409070000,Apache Corporation,Upton,Texas,31.556685,-101.963651,,,,FracFocus
CC 33 7HM,42461409080000,Apache Corporation,Upton,Texas,31.556706,-101.963558,,,,FracFocus
Fox State Unit 105AH,42389374200000,Apache Corporation,Reeves,Texas,31.120691,-103.767835,,,,FracFocus
Fox State Unit 106AH,42389374220000,Apache Corporation,Reeves,Texas,31.120691,-103.767739,,,,FracFocus
Fox State Unit 107AH,42389374230000,Apache Corporation,Reeves,Texas,31.120691,-103.767643,,,,FracFocus
CC 33 1HM,42461409020000,Apache Corporation,Upton,Texas,31.554823,-101.971939,,,,FracFocus
CC 33 4HM,42461409050000,Apache Corporation,Upton,Texas,31.554887,-101.97166,,,,FracFocus
CC 33 2HM,42461409030000,Apache Corporation,Upton,Texas,31.554844,-101.971846,,,,FracFocus
CC 33 3HM,42461409040000,Apache Corporation,Upton,Texas,31.554866,-101.971753,,,,FracFocus
Aspen State 202BH,42389373280000,Apache Corporation,Reeves,Texas,31.277824,-104.028445,,,,FracFocus
Aspen State 402CH,42389373290000,Apache Corporation,Reeves,Texas,31.277824,-104.028541,,,,FracFocus
Aspen State 201BR,42389374390000,Apache Corporation,Reeves,Texas,31.277824,-104.02832,,,,FracFocus
Choctaw State 101BH,42389367880000,Apache Corporation,Reeves,Texas,31.120746,-103.777689,,,,FracFocus
Lynch A HZ 29HS,42329425300000,Apache Corporation,Midland,Texas,31.726878,-102.170782,,,,FracFocus
Lynch A HZ 28HS,42329425290000,Apache Corporation,Midland,Texas,31.726924,-102.170597,,,,FracFocus
Lynch A HZ 25HS,42329425180000,Apache Corporation,Midland,Texas,31.727646,-102.164395,,,,FracFocus
Choctaw State 102AH,42389367900000,Apache Corporation,Reeves,Texas,31.120745,-103.777785,,,,FracFocus
Choctaw State 103AH,42389367910000,Apache Corporation,Reeves,Texas,31.120745,-103.777881,,,,FracFocus
Lynch A HZ 24HS,42329425170000,Apache Corporation,Midland,Texas,31.727567,-102.146369,,,,FracFocus
Navajo 601AH,42389376880000,Apache Corporation,Reeves,Texas,31.232253,-103.723978,,,,FracFocus
CC 43 West C 3HM,42461407700000,Apache Corporation,Upton,Texas,31.536443,-101.998346,,,,FracFocus
Lynch A HZ 26HS,42329425190000,Apache Corporation,Midland,Texas,31.726946,-102.170504,,,,FracFocus
Lynch A HZ 27HS,42329425240000,Apache Corporation,Midland,Texas,31.726924,-102.170597,,,,FracFocus
Hyperion 501H,42389376590000,Apache Corporation,Reeves,Texas,30.92927,-103.625287,,,,FracFocus
Hyperion 101AH,42389375340000,Apache Corporation,Reeves,Texas,30.929266,-103.625446,,,,FracFocus
Hyperion 201AH,42389376580000,Apache Corporation,Reeves,Texas,30.929273,-103.625191,,,,FracFocus
CC 4243 X 5HM,42461408560000,Apache Corporation,Upton,Texas,31.547956,-102.001987,,,,FracFocus
Chinook 203AH,42389377870000,Apache Corporation,Reeves,Texas,31.168524,-103.784871,,,,FracFocus
Lee 408BH,42389369950000,Apache Corporation,Reeves,Texas,31.663846,-103.864828,,,,FracFocus
Argos 1H,42495342080000,Apache Corporation,Winkler,Texas,31.82678,-103.057161,,,,FracFocus
Lee 407AH,42389369940000,Apache Corporation,Reeves,Texas,31.663845,-103.864925,,,,FracFocus
Black Dog 4231 E 9HM,42461409490000,Apache Corporation,Upton,Texas,31.556553,-101.902078,,,,FracFocus
Black Dog 4231 E 10HM,42461409500000,Apache Corporation,Upton,Texas,31.556531,-101.902579,,,,FracFocus
Black Dog 4231 F 11HM,42461409510000,Apache Corporation,Upton,Texas,31.55651,-101.902264,,,,FracFocus
Lee 410BH,42389369970000,Apache Corporation,Reeves,Texas,31.663156,-103.862348,,,,FracFocus
Lee 409AH,42389369960000,Apache Corporation,Reeves,Texas,31.663155,-103.862445,,,,FracFocus
Lumbee 101AH,42389377830000,Apache Corporation,Reeves,Texas,31.105489,-103.744575,,,,FracFocus
State Desert Gold Unit 101AH,42389375570000,Apache Corporation,Reeves,Texas,30.910956,-103.625277,,,,FracFocus
Pine State 108AH,42389378640000,Apache Corporation,Reeves,Texas,31.278002,-104.012147,,,,FracFocus
Black Dog 4231 A 1HM,42461409430000,Apache Corporation,Upton,Texas,31.559086,-101.891371,,,,FracFocus
Black Dog 4231 A 2HM,42461409440000,Apache Corporation,Upton,Texas,31.559064,-101.891464,,,,FracFocus
Black Dog 4231 B 3HM,42461409450000,Apache Corporation,Upton,Texas,31.559042,-101.891557,,,,FracFocus
Spruce State 202AH,42389375470000,Apache Corporation,Reeves,Texas,31.268854,-103.970829,,,,FracFocus
Spruce State 103BH,42389376010000,Apache Corporation,Reeves,Texas,31.268854,-103.970925,,,,FracFocus
Meade 411AH,42389376950000,Apache Corporation,Reeves,Texas,31.665926,-103.872884,,,,FracFocus
Meade 412BH,42389376980000,Apache Corporation,Reeves,Texas,31.665926,-103.872981,,,,FracFocus
